<?xml version="1.0" encoding="UTF-8"?>
<alto xmlns:xsi="http://www.w3.org/2001/XMLSchema-instance" xsi:noNamespaceSchemaLocation="http://www.bl.uk/schemas/alto/alto-1-4.xsd" xmlns:xlink="http://www.w3.org/1999/xlink">
	<Description>
		<MeasurementUnit>mm10</MeasurementUnit>
		<sourceImageInformation>
			<fileName>//head1/IN/A0010339154/004684.jp2</fileName>
		</sourceImageInformation>
		<OCRProcessing ID="OCRPROCESSING_1">
			<preProcessingStep>
				<processingSoftware>
					<softwareCreator>CCS Content Conversion Specialists GmbH, Germany</softwareCreator>
					<softwareName>CCS docWORKS</softwareName>
					<softwareVersion>6.1-0.67</softwareVersion>
				</processingSoftware>
			</preProcessingStep>
			<ocrProcessingStep>
				<processingSoftware>
					<softwareCreator>ABBYY (BIT Software), Russia</softwareCreator>
					<softwareName>Finereader</softwareName>
				</processingSoftware>
			</ocrProcessingStep>
		</OCRProcessing>
	</Description>
	<Styles>
		<TextStyle ID="TXT_0" FONTSIZE="10" FONTFAMILY="Courier New"/>
		<TextStyle ID="TXT_1" FONTSIZE="9" FONTFAMILY="Courier New"/>
		<ParagraphStyle ID="PAR_LEFT" ALIGN="Left"/>
		<ParagraphStyle ID="PAR_CENTER" ALIGN="Center"/>
	</Styles>
	<Layout>
		<Page ID="P178" PHYSICAL_IMG_NR="178" HEIGHT="1694" WIDTH="967" PRINTED_IMG_NR="166" POSITION="Left" ACCURACY="54.15">
			<TopMargin ID="P178_TM00001" HPOS="0" VPOS="0" WIDTH="966" HEIGHT="150">
				<TextBlock ID="P178_TB00001" HPOS="124" VPOS="125" WIDTH="48" HEIGHT="24" STYLEREFS="TXT_0 PAR_LEFT">
					<TextLine ID="P178_TL00001" HPOS="126" VPOS="126" WIDTH="46" HEIGHT="23">
						<String ID="P178_ST00001" HPOS="126" VPOS="126" WIDTH="46" HEIGHT="23" CONTENT="166" WC="0.52" CC="274"/>
					</TextLine>
				</TextBlock>
				<TextBlock ID="P178_TB00002" HPOS="401" VPOS="129" WIDTH="206" HEIGHT="19" STYLEREFS="TXT_1 PAR_CENTER">
					<TextLine ID="P178_TL00002" HPOS="402" VPOS="130" WIDTH="205" HEIGHT="18">
						<String ID="P178_ST00002" HPOS="402" VPOS="130" WIDTH="109" HEIGHT="18" CONTENT="ilORTON" WC="0.41" CC="8357068"/>
						<SP ID="P178_SP00001" HPOS="511" VPOS="148" WIDTH="19"/>
						<String ID="P178_ST00003" HPOS="530" VPOS="131" WIDTH="77" HEIGHT="17" CONTENT="HALL." WC="0.26" CC="77785"/>
					</TextLine>
				</TextBlock>
			</TopMargin>
			<LeftMargin ID="P178_LM00001" HPOS="0" VPOS="150" WIDTH="120" HEIGHT="1351"/>
			<RightMargin ID="P178_RM00001" HPOS="887" VPOS="150" WIDTH="79" HEIGHT="1351"/>
			<BottomMargin ID="P178_BM00001" HPOS="0" VPOS="1501" WIDTH="966" HEIGHT="193"/>
			<PrintSpace ID="P178_PS00001" HPOS="120" VPOS="150" WIDTH="767" HEIGHT="1351">
				<TextBlock ID="P178_TB00003" HPOS="122" VPOS="191" WIDTH="765" HEIGHT="68" STYLEREFS="TXT_1 PAR_LEFT">
					<TextLine ID="P178_TL00003" HPOS="124" VPOS="192" WIDTH="763" HEIGHT="33">
						<String ID="P178_ST00004" HPOS="124" VPOS="197" WIDTH="25" HEIGHT="22" CONTENT="to" WC="0.55" CC="44"/>
						<SP ID="P178_SP00002" HPOS="149" VPOS="219" WIDTH="12"/>
						<String ID="P178_ST00005" HPOS="161" VPOS="195" WIDTH="47" HEIGHT="24" CONTENT="Mr." WC="0.70" CC="530"/>
						<SP ID="P178_SP00003" HPOS="208" VPOS="219" WIDTH="15"/>
						<String ID="P178_ST00006" HPOS="223" VPOS="193" WIDTH="114" HEIGHT="29" CONTENT="Swinton," WC="0.47" CC="77672280"/>
						<SP ID="P178_SP00004" HPOS="337" VPOS="222" WIDTH="15"/>
						<String ID="P178_ST00007" HPOS="352" VPOS="201" WIDTH="43" HEIGHT="16" CONTENT="our" WC="0.52" CC="256"/>
						<SP ID="P178_SP00005" HPOS="395" VPOS="222" WIDTH="12"/>
						<String ID="P178_ST00008" HPOS="407" VPOS="201" WIDTH="79" HEIGHT="24" CONTENT="young" WC="0.50" CC="80780"/>
						<SP ID="P178_SP00006" HPOS="486" VPOS="225" WIDTH="15"/>
						<String ID="P178_ST00009" HPOS="501" VPOS="195" WIDTH="90" HEIGHT="26" CONTENT="curate," WC="0.64" CC="2705530"/>
						<SP ID="P178_SP00007" HPOS="591" VPOS="225" WIDTH="13"/>
						<String ID="P178_ST00010" HPOS="604" VPOS="193" WIDTH="51" HEIGHT="23" CONTENT="who" WC="0.51" CC="751"/>
						<SP ID="P178_SP00008" HPOS="655" VPOS="225" WIDTH="13"/>
						<String ID="P178_ST00011" HPOS="668" VPOS="193" WIDTH="44" HEIGHT="24" CONTENT="has" WC="0.37" CC="673"/>
						<SP ID="P178_SP00009" HPOS="712" VPOS="225" WIDTH="17"/>
						<String ID="P178_ST00012" HPOS="729" VPOS="194" WIDTH="44" HEIGHT="31" CONTENT="put" WC="0.23" CC="868"/>
						<SP ID="P178_SP00010" HPOS="773" VPOS="225" WIDTH="17"/>
						<String ID="P178_ST00013" HPOS="790" VPOS="192" WIDTH="18" HEIGHT="24" CONTENT="it" WC="0.53" CC="53"/>
						<SP ID="P178_SP00011" HPOS="808" VPOS="225" WIDTH="18"/>
						<String ID="P178_ST00014" HPOS="826" VPOS="193" WIDTH="61" HEIGHT="32" CONTENT="quite" WC="0.50" CC="76540"/>
					</TextLine>
					<TextLine ID="P178_TL00004" HPOS="124" VPOS="236" WIDTH="213" HEIGHT="23">
						<String ID="P178_ST00015" HPOS="124" VPOS="237" WIDTH="25" HEIGHT="22" CONTENT="in" WC="0.18" CC="88"/>
						<SP ID="P178_SP00012" HPOS="149" VPOS="259" WIDTH="13"/>
						<String ID="P178_ST00016" HPOS="162" VPOS="236" WIDTH="69" HEIGHT="23" CONTENT="order" WC="0.63" CC="07702"/>
						<SP ID="P178_SP00013" HPOS="231" VPOS="259" WIDTH="11"/>
						<String ID="P178_ST00017" HPOS="242" VPOS="236" WIDTH="37" HEIGHT="23" CONTENT="for" WC="0.84" CC="004"/>
						<SP ID="P178_SP00014" HPOS="279" VPOS="259" WIDTH="11"/>
						<String ID="P178_ST00018" HPOS="290" VPOS="243" WIDTH="47" HEIGHT="16" CONTENT="me." WC="0.69" CC="701"/>
					</TextLine>
				</TextBlock>
				<TextBlock ID="P178_TB00004" HPOS="120" VPOS="274" WIDTH="767" HEIGHT="1227" STYLEREFS="TXT_1 PAR_LEFT">
					<TextLine ID="P178_TL00005" HPOS="159" VPOS="275" WIDTH="728" HEIGHT="26">
						<String ID="P178_ST00019" HPOS="159" VPOS="277" WIDTH="97" HEIGHT="24" CONTENT="Morton" WC="0.42" CC="617648"/>
						<SP ID="P178_SP00015" HPOS="256" VPOS="301" WIDTH="21"/>
						<String ID="P178_ST00020" HPOS="277" VPOS="276" WIDTH="59" HEIGHT="23" CONTENT="Hall" WC="0.48" CC="7705"/>
						<SP ID="P178_SP00016" HPOS="336" VPOS="301" WIDTH="21"/>
						<String ID="P178_ST00021" HPOS="357" VPOS="276" WIDTH="20" HEIGHT="23" CONTENT="is" WC="0.32" CC="67"/>
						<SP ID="P178_SP00017" HPOS="377" VPOS="301" WIDTH="23"/>
						<String ID="P178_ST00022" HPOS="400" VPOS="275" WIDTH="105" HEIGHT="24" CONTENT="situated" WC="0.59" CC="75460008"/>
						<SP ID="P178_SP00018" HPOS="505" VPOS="301" WIDTH="20"/>
						<String ID="P178_ST00023" HPOS="525" VPOS="275" WIDTH="73" HEIGHT="24" CONTENT="about" WC="0.54" CC="68025"/>
						<SP ID="P178_SP00019" HPOS="598" VPOS="301" WIDTH="21"/>
						<String ID="P178_ST00024" HPOS="619" VPOS="275" WIDTH="44" HEIGHT="24" CONTENT="five" WC="0.61" CC="3370"/>
						<SP ID="P178_SP00020" HPOS="663" VPOS="301" WIDTH="20"/>
						<String ID="P178_ST00025" HPOS="683" VPOS="275" WIDTH="68" HEIGHT="24" CONTENT="miles" WC="0.45" CC="74167"/>
						<SP ID="P178_SP00021" HPOS="751" VPOS="301" WIDTH="20"/>
						<String ID="P178_ST00026" HPOS="771" VPOS="275" WIDTH="59" HEIGHT="24" CONTENT="from" WC="0.59" CC="3336"/>
						<SP ID="P178_SP00022" HPOS="830" VPOS="301" WIDTH="19"/>
						<String ID="P178_ST00027" HPOS="849" VPOS="276" WIDTH="38" HEIGHT="24" CONTENT="the" WC="0.69" CC="440"/>
					</TextLine>
					<TextLine ID="P178_TL00006" HPOS="124" VPOS="316" WIDTH="763" HEIGHT="27">
						<String ID="P178_ST00028" HPOS="124" VPOS="320" WIDTH="80" HEIGHT="23" CONTENT="centre" WC="0.61" CC="008670"/>
						<SP ID="P178_SP00023" HPOS="204" VPOS="343" WIDTH="22"/>
						<String ID="P178_ST00029" HPOS="226" VPOS="318" WIDTH="27" HEIGHT="24" CONTENT="of" WC="0.75" CC="40"/>
						<SP ID="P178_SP00024" HPOS="253" VPOS="343" WIDTH="19"/>
						<String ID="P178_ST00030" HPOS="272" VPOS="317" WIDTH="125" HEIGHT="25" CONTENT="Drumble." WC="0.52" CC="57848300"/>
						<SP ID="P178_SP00025" HPOS="397" VPOS="343" WIDTH="38"/>
						<String ID="P178_ST00031" HPOS="435" VPOS="317" WIDTH="23" HEIGHT="24" CONTENT="It" WC="0.51" CC="18"/>
						<SP ID="P178_SP00026" HPOS="458" VPOS="343" WIDTH="20"/>
						<String ID="P178_ST00032" HPOS="478" VPOS="317" WIDTH="84" HEIGHT="24" CONTENT="stands" WC="0.53" CC="361880"/>
						<SP ID="P178_SP00027" HPOS="562" VPOS="343" WIDTH="21"/>
						<String ID="P178_ST00033" HPOS="583" VPOS="326" WIDTH="30" HEIGHT="15" CONTENT="on" WC="0.50" CC="45"/>
						<SP ID="P178_SP00028" HPOS="613" VPOS="343" WIDTH="19"/>
						<String ID="P178_ST00034" HPOS="632" VPOS="317" WIDTH="41" HEIGHT="24" CONTENT="the" WC="0.71" CC="070"/>
						<SP ID="P178_SP00029" HPOS="673" VPOS="343" WIDTH="20"/>
						<String ID="P178_ST00035" HPOS="693" VPOS="316" WIDTH="114" HEIGHT="25" CONTENT="outskirts" WC="0.59" CC="086020648"/>
						<SP ID="P178_SP00030" HPOS="807" VPOS="343" WIDTH="22"/>
						<String ID="P178_ST00036" HPOS="829" VPOS="317" WIDTH="26" HEIGHT="24" CONTENT="of" WC="0.70" CC="06"/>
						<SP ID="P178_SP00031" HPOS="855" VPOS="343" WIDTH="20"/>
						<String ID="P178_ST00037" HPOS="875" VPOS="326" WIDTH="12" HEIGHT="16" CONTENT="a" WC="0.55" CC="4"/>
					</TextLine>
					<TextLine ID="P178_TL00007" HPOS="123" VPOS="358" WIDTH="764" HEIGHT="34">
						<String ID="P178_ST00038" HPOS="123" VPOS="360" WIDTH="96" HEIGHT="32" CONTENT="village," WC="0.63" CC="83808000"/>
						<SP ID="P178_SP00032" HPOS="219" VPOS="392" WIDTH="13"/>
						<String ID="P178_ST00039" HPOS="232" VPOS="359" WIDTH="86" HEIGHT="29" CONTENT="which," WC="0.48" CC="855380"/>
						<SP ID="P178_SP00033" HPOS="318" VPOS="392" WIDTH="13"/>
						<String ID="P178_ST00040" HPOS="331" VPOS="359" WIDTH="68" HEIGHT="24" CONTENT="when" WC="0.39" CC="8708"/>
						<SP ID="P178_SP00034" HPOS="399" VPOS="392" WIDTH="12"/>
						<String ID="P178_ST00041" HPOS="411" VPOS="359" WIDTH="41" HEIGHT="23" CONTENT="the" WC="0.62" CC="470"/>
						<SP ID="P178_SP00035" HPOS="452" VPOS="392" WIDTH="13"/>
						<String ID="P178_ST00042" HPOS="465" VPOS="359" WIDTH="59" HEIGHT="23" CONTENT="Hall" WC="0.67" CC="8022"/>
						<SP ID="P178_SP00036" HPOS="524" VPOS="392" WIDTH="12"/>
						<String ID="P178_ST00043" HPOS="536" VPOS="366" WIDTH="47" HEIGHT="16" CONTENT="was" WC="0.62" CC="802"/>
						<SP ID="P178_SP00037" HPOS="583" VPOS="392" WIDTH="13"/>
						<String ID="P178_ST00044" HPOS="596" VPOS="358" WIDTH="68" HEIGHT="28" CONTENT="built," WC="0.70" CC="870020"/>
						<SP ID="P178_SP00038" HPOS="664" VPOS="392" WIDTH="14"/>
						<String ID="P178_ST00045" HPOS="678" VPOS="366" WIDTH="48" HEIGHT="16" CONTENT="was" WC="0.70" CC="800"/>
						<SP ID="P178_SP00039" HPOS="726" VPOS="392" WIDTH="12"/>
						<String ID="P178_ST00046" HPOS="738" VPOS="358" WIDTH="112" HEIGHT="32" CONTENT="probably" WC="0.43" CC="82184828"/>
						<SP ID="P178_SP00040" HPOS="850" VPOS="392" WIDTH="12"/>
						<String ID="P178_ST00047" HPOS="862" VPOS="367" WIDTH="25" HEIGHT="16" CONTENT="as" WC="0.73" CC="05"/>
					</TextLine>
					<TextLine ID="P178_TL00008" HPOS="123" VPOS="399" WIDTH="764" HEIGHT="34">
						<String ID="P178_ST00048" HPOS="123" VPOS="403" WIDTH="66" HEIGHT="30" CONTENT="large" WC="0.74" CC="17300"/>
						<SP ID="P178_SP00041" HPOS="189" VPOS="433" WIDTH="14"/>
						<String ID="P178_ST00049" HPOS="203" VPOS="409" WIDTH="25" HEIGHT="16" CONTENT="as" WC="1.00" CC="00"/>
						<SP ID="P178_SP00042" HPOS="228" VPOS="433" WIDTH="13"/>
						<String ID="P178_ST00050" HPOS="241" VPOS="400" WIDTH="115" HEIGHT="25" CONTENT="Drumble" WC="0.45" CC="8384840"/>
						<SP ID="P178_SP00043" HPOS="356" VPOS="433" WIDTH="13"/>
						<String ID="P178_ST00051" HPOS="369" VPOS="400" WIDTH="25" HEIGHT="24" CONTENT="in" WC="0.51" CC="18"/>
						<SP ID="P178_SP00044" HPOS="394" VPOS="433" WIDTH="12"/>
						<String ID="P178_ST00052" HPOS="406" VPOS="400" WIDTH="69" HEIGHT="24" CONTENT="those" WC="0.69" CC="17042"/>
						<SP ID="P178_SP00045" HPOS="475" VPOS="433" WIDTH="14"/>
						<String ID="P178_ST00053" HPOS="489" VPOS="400" WIDTH="58" HEIGHT="31" CONTENT="days" WC="0.24" CC="8785"/>
						<String ID="P178_ST00054" HPOS="556" VPOS="408" WIDTH="6" HEIGHT="21" CONTENT=";" WC="0.35" CC="6"/>
						<SP ID="P178_SP00046" HPOS="562" VPOS="433" WIDTH="14"/>
						<String ID="P178_ST00055" HPOS="576" VPOS="399" WIDTH="48" HEIGHT="24" CONTENT="and" WC="0.28" CC="488"/>
						<SP ID="P178_SP00047" HPOS="624" VPOS="433" WIDTH="11"/>
						<String ID="P178_ST00056" HPOS="635" VPOS="408" WIDTH="60" HEIGHT="15" CONTENT="even" WC="0.51" CC="2808"/>
						<SP ID="P178_SP00048" HPOS="695" VPOS="433" WIDTH="12"/>
						<String ID="P178_ST00057" HPOS="707" VPOS="399" WIDTH="13" HEIGHT="24" CONTENT="I" WC="0.81" CC="1"/>
						<SP ID="P178_SP00049" HPOS="720" VPOS="433" WIDTH="13"/>
						<String ID="P178_ST00058" HPOS="733" VPOS="408" WIDTH="44" HEIGHT="15" CONTENT="can" WC="0.62" CC="308"/>
						<SP ID="P178_SP00050" HPOS="777" VPOS="433" WIDTH="11"/>
						<String ID="P178_ST00059" HPOS="788" VPOS="408" WIDTH="99" HEIGHT="16" CONTENT="remem" SUBS_TYPE="HypPart1" SUBS_CONTENT="remember" WC="0.79" CC="600050"/>
						<HYP CONTENT="-"/>
					</TextLine>
					<TextLine ID="P178_TL00009" HPOS="122" VPOS="441" WIDTH="764" HEIGHT="32">
						<String ID="P178_ST00060" HPOS="122" VPOS="443" WIDTH="43" HEIGHT="25" CONTENT="ber" SUBS_TYPE="HypPart2" SUBS_CONTENT="remember" WC="0.30" CC="874"/>
						<SP ID="P178_SP00051" HPOS="165" VPOS="468" WIDTH="11"/>
						<String ID="P178_ST00061" HPOS="176" VPOS="443" WIDTH="68" HEIGHT="24" CONTENT="when" WC="0.32" CC="8728"/>
						<SP ID="P178_SP00052" HPOS="244" VPOS="468" WIDTH="17"/>
						<String ID="P178_ST00062" HPOS="261" VPOS="442" WIDTH="68" HEIGHT="24" CONTENT="there" WC="0.59" CC="67050"/>
						<SP ID="P178_SP00053" HPOS="329" VPOS="468" WIDTH="13"/>
						<String ID="P178_ST00063" HPOS="342" VPOS="450" WIDTH="47" HEIGHT="16" CONTENT="was" WC="0.51" CC="806"/>
						<SP ID="P178_SP00054" HPOS="389" VPOS="468" WIDTH="19"/>
						<String ID="P178_ST00064" HPOS="408" VPOS="450" WIDTH="14" HEIGHT="15" CONTENT="a" WC="0.45" CC="5"/>
						<SP ID="P178_SP00055" HPOS="422" VPOS="468" WIDTH="17"/>
						<String ID="P178_ST00065" HPOS="439" VPOS="442" WIDTH="57" HEIGHT="31" CONTENT="long" WC="0.67" CC="4080"/>
						<SP ID="P178_SP00056" HPOS="496" VPOS="473" WIDTH="15"/>
						<String ID="P178_ST00066" HPOS="511" VPOS="442" WIDTH="67" HEIGHT="31" CONTENT="piece" WC="0.66" CC="82060"/>
						<SP ID="P178_SP00057" HPOS="578" VPOS="473" WIDTH="17"/>
						<String ID="P178_ST00067" HPOS="595" VPOS="441" WIDTH="26" HEIGHT="24" CONTENT="of" WC="0.42" CC="37"/>
						<SP ID="P178_SP00058" HPOS="621" VPOS="473" WIDTH="14"/>
						<String ID="P178_ST00068" HPOS="635" VPOS="442" WIDTH="82" HEIGHT="23" CONTENT="rather" WC="0.61" CC="645500"/>
						<SP ID="P178_SP00059" HPOS="717" VPOS="473" WIDTH="17"/>
						<String ID="P178_ST00069" HPOS="734" VPOS="442" WIDTH="77" HEIGHT="31" CONTENT="lonely" WC="0.55" CC="148048"/>
						<SP ID="P178_SP00060" HPOS="811" VPOS="473" WIDTH="11"/>
						<String ID="P178_ST00070" HPOS="822" VPOS="442" WIDTH="64" HEIGHT="28" CONTENT="road," WC="0.69" CC="30172"/>
					</TextLine>
					<TextLine ID="P178_TL00010" HPOS="123" VPOS="482" WIDTH="764" HEIGHT="34">
						<String ID="P178_ST00071" HPOS="123" VPOS="485" WIDTH="57" HEIGHT="24" CONTENT="with" WC="0.48" CC="8408"/>
						<SP ID="P178_SP00061" HPOS="180" VPOS="509" WIDTH="12"/>
						<String ID="P178_ST00072" HPOS="192" VPOS="484" WIDTH="60" HEIGHT="32" CONTENT="high" WC="0.50" CC="7506"/>
						<SP ID="P178_SP00062" HPOS="252" VPOS="516" WIDTH="12"/>
						<String ID="P178_ST00073" HPOS="264" VPOS="484" WIDTH="90" HEIGHT="31" CONTENT="hedges" WC="0.68" CC="708003"/>
						<SP ID="P178_SP00063" HPOS="354" VPOS="516" WIDTH="14"/>
						<String ID="P178_ST00074" HPOS="368" VPOS="491" WIDTH="30" HEIGHT="16" CONTENT="on" WC="0.60" CC="07"/>
						<SP ID="P178_SP00064" HPOS="398" VPOS="516" WIDTH="13"/>
						<String ID="P178_ST00075" HPOS="411" VPOS="482" WIDTH="77" HEIGHT="25" CONTENT="either" WC="0.73" CC="313700"/>
						<SP ID="P178_SP00065" HPOS="488" VPOS="516" WIDTH="13"/>
						<String ID="P178_ST00076" HPOS="501" VPOS="482" WIDTH="59" HEIGHT="30" CONTENT="side," WC="0.71" CC="70600"/>
						<SP ID="P178_SP00066" HPOS="560" VPOS="516" WIDTH="14"/>
						<String ID="P178_ST00077" HPOS="574" VPOS="482" WIDTH="106" HEIGHT="25" CONTENT="between" WC="0.56" CC="8068008"/>
						<SP ID="P178_SP00067" HPOS="680" VPOS="516" WIDTH="16"/>
						<String ID="P178_ST00078" HPOS="696" VPOS="483" WIDTH="96" HEIGHT="24" CONTENT="Morton" WC="0.63" CC="222218"/>
						<SP ID="P178_SP00068" HPOS="792" VPOS="516" WIDTH="11"/>
						<String ID="P178_ST00079" HPOS="803" VPOS="482" WIDTH="84" HEIGHT="32" CONTENT="village" WC="0.57" CC="8870400"/>
					</TextLine>
					<TextLine ID="P178_TL00011" HPOS="123" VPOS="524" WIDTH="764" HEIGHT="28">
						<String ID="P178_ST00080" HPOS="123" VPOS="526" WIDTH="48" HEIGHT="25" CONTENT="and" WC="0.16" CC="888"/>
						<SP ID="P178_SP00069" HPOS="171" VPOS="551" WIDTH="13"/>
						<String ID="P178_ST00081" HPOS="184" VPOS="525" WIDTH="125" HEIGHT="24" CONTENT="Drumble." WC="0.55" CC="54778300"/>
						<SP ID="P178_SP00070" HPOS="309" VPOS="551" WIDTH="37"/>
						<String ID="P178_ST00082" HPOS="346" VPOS="525" WIDTH="66" HEIGHT="27" CONTENT="Now," WC="0.58" CC="7080"/>
						<SP ID="P178_SP00071" HPOS="412" VPOS="552" WIDTH="14"/>
						<String ID="P178_ST00083" HPOS="426" VPOS="524" WIDTH="19" HEIGHT="23" CONTENT="it" WC="0.83" CC="30"/>
						<SP ID="P178_SP00072" HPOS="445" VPOS="552" WIDTH="15"/>
						<String ID="P178_ST00084" HPOS="460" VPOS="524" WIDTH="21" HEIGHT="23" CONTENT="is" WC="0.39" CC="65"/>
						<SP ID="P178_SP00073" HPOS="481" VPOS="552" WIDTH="13"/>
						<String ID="P178_ST00085" HPOS="494" VPOS="524" WIDTH="32" HEIGHT="23" CONTENT="all" WC="0.69" CC="260"/>
						<SP ID="P178_SP00074" HPOS="526" VPOS="552" WIDTH="18"/>
						<String ID="P178_ST00086" HPOS="544" VPOS="525" WIDTH="82" HEIGHT="27" CONTENT="street," WC="0.71" CC="7350030"/>
						<SP ID="P178_SP00075" HPOS="626" VPOS="552" WIDTH="15"/>
						<String ID="P178_ST00087" HPOS="641" VPOS="524" WIDTH="46" HEIGHT="23" CONTENT="and" WC="0.39" CC="188"/>
						<SP ID="P178_SP00076" HPOS="687" VPOS="552" WIDTH="15"/>
						<String ID="P178_ST00088" HPOS="702" VPOS="524" WIDTH="97" HEIGHT="23" CONTENT="Morton" WC="0.62" CC="205508"/>
						<SP ID="P178_SP00077" HPOS="799" VPOS="552" WIDTH="13"/>
						<String ID="P178_ST00089" HPOS="812" VPOS="531" WIDTH="75" HEIGHT="17" CONTENT="seems" WC="0.82" CC="30005"/>
					</TextLine>
					<TextLine ID="P178_TL00012" HPOS="122" VPOS="565" WIDTH="765" HEIGHT="32">
						<String ID="P178_ST00090" HPOS="122" VPOS="569" WIDTH="44" HEIGHT="23" CONTENT="but" WC="0.27" CC="866"/>
						<SP ID="P178_SP00078" HPOS="166" VPOS="592" WIDTH="19"/>
						<String ID="P178_ST00091" HPOS="185" VPOS="576" WIDTH="13" HEIGHT="15" CONTENT="a" WC="0.51" CC="4"/>
						<SP ID="P178_SP00079" HPOS="198" VPOS="592" WIDTH="13"/>
						<String ID="P178_ST00092" HPOS="211" VPOS="567" WIDTH="89" HEIGHT="24" CONTENT="suburb" WC="0.38" CC="288737"/>
						<SP ID="P178_SP00080" HPOS="300" VPOS="592" WIDTH="14"/>
						<String ID="P178_ST00093" HPOS="314" VPOS="567" WIDTH="26" HEIGHT="24" CONTENT="of" WC="0.79" CC="04"/>
						<SP ID="P178_SP00081" HPOS="340" VPOS="592" WIDTH="14"/>
						<String ID="P178_ST00094" HPOS="354" VPOS="567" WIDTH="42" HEIGHT="24" CONTENT="the" WC="0.54" CC="085"/>
						<SP ID="P178_SP00082" HPOS="396" VPOS="592" WIDTH="12"/>
						<String ID="P178_ST00095" HPOS="408" VPOS="568" WIDTH="68" HEIGHT="29" CONTENT="great" WC="0.49" CC="75056"/>
						<SP ID="P178_SP00083" HPOS="476" VPOS="597" WIDTH="17"/>
						<String ID="P178_ST00096" HPOS="493" VPOS="567" WIDTH="65" HEIGHT="22" CONTENT="town" WC="0.48" CC="3178"/>
						<SP ID="P178_SP00084" HPOS="558" VPOS="597" WIDTH="16"/>
						<String ID="P178_ST00097" HPOS="574" VPOS="574" WIDTH="66" HEIGHT="15" CONTENT="near." WC="0.69" CC="80700"/>
						<SP ID="P178_SP00085" HPOS="640" VPOS="597" WIDTH="38"/>
						<String ID="P178_ST00098" HPOS="678" VPOS="566" WIDTH="50" HEIGHT="23" CONTENT="Our" WC="0.47" CC="582"/>
						<SP ID="P178_SP00086" HPOS="728" VPOS="597" WIDTH="17"/>
						<String ID="P178_ST00099" HPOS="745" VPOS="565" WIDTH="60" HEIGHT="24" CONTENT="farm" WC="0.53" CC="5516"/>
						<SP ID="P178_SP00087" HPOS="805" VPOS="597" WIDTH="16"/>
						<String ID="P178_ST00100" HPOS="821" VPOS="566" WIDTH="66" HEIGHT="23" CONTENT="stood" WC="0.66" CC="01158"/>
					</TextLine>
					<TextLine ID="P178_TL00013" HPOS="123" VPOS="607" WIDTH="763" HEIGHT="33">
						<String ID="P178_ST00101" HPOS="123" VPOS="608" WIDTH="78" HEIGHT="25" CONTENT="where" WC="0.59" CC="87200"/>
						<SP ID="P178_SP00088" HPOS="201" VPOS="633" WIDTH="19"/>
						<String ID="P178_ST00102" HPOS="220" VPOS="607" WIDTH="127" HEIGHT="33" CONTENT="Liverpool" WC="0.54" CC="316458063"/>
						<SP ID="P178_SP00089" HPOS="347" VPOS="640" WIDTH="18"/>
						<String ID="P178_ST00103" HPOS="365" VPOS="607" WIDTH="79" HEIGHT="24" CONTENT="Street" WC="0.62" CC="703316"/>
						<SP ID="P178_SP00090" HPOS="444" VPOS="640" WIDTH="16"/>
						<String ID="P178_ST00104" HPOS="460" VPOS="615" WIDTH="59" HEIGHT="15" CONTENT="runs" WC="0.54" CC="0782"/>
						<SP ID="P178_SP00091" HPOS="519" VPOS="640" WIDTH="19"/>
						<String ID="P178_ST00105" HPOS="538" VPOS="615" WIDTH="53" HEIGHT="15" CONTENT="now" WC="0.44" CC="808"/>
						<String ID="P178_ST00106" HPOS="601" VPOS="615" WIDTH="5" HEIGHT="20" CONTENT=";" WC="1.00" CC="0"/>
						<SP ID="P178_SP00092" HPOS="606" VPOS="640" WIDTH="20"/>
						<String ID="P178_ST00107" HPOS="626" VPOS="607" WIDTH="48" HEIGHT="23" CONTENT="and" WC="0.23" CC="688"/>
						<SP ID="P178_SP00093" HPOS="674" VPOS="640" WIDTH="17"/>
						<String ID="P178_ST00108" HPOS="691" VPOS="607" WIDTH="82" HEIGHT="31" CONTENT="people" WC="0.63" CC="604820"/>
						<SP ID="P178_SP00094" HPOS="773" VPOS="640" WIDTH="16"/>
						<String ID="P178_ST00109" HPOS="789" VPOS="607" WIDTH="57" HEIGHT="23" CONTENT="used" WC="0.42" CC="8517"/>
						<SP ID="P178_SP00095" HPOS="846" VPOS="640" WIDTH="16"/>
						<String ID="P178_ST00110" HPOS="862" VPOS="608" WIDTH="24" HEIGHT="22" CONTENT="to" WC="0.60" CC="07"/>
					</TextLine>
					<TextLine ID="P178_TL00014" HPOS="124" VPOS="647" WIDTH="762" HEIGHT="33">
						<String ID="P178_ST00111" HPOS="124" VPOS="658" WIDTH="66" HEIGHT="16" CONTENT="come" WC="1.00" CC="0000"/>
						<SP ID="P178_SP00096" HPOS="190" VPOS="674" WIDTH="22"/>
						<String ID="P178_ST00112" HPOS="212" VPOS="649" WIDTH="192" HEIGHT="31" CONTENT="snipe-shooting" WC="0.47" CC="78886017042286"/>
						<SP ID="P178_SP00097" HPOS="404" VPOS="680" WIDTH="18"/>
						<String ID="P178_ST00113" HPOS="422" VPOS="649" WIDTH="52" HEIGHT="30" CONTENT="just" WC="0.49" CC="0874"/>
						<SP ID="P178_SP00098" HPOS="474" VPOS="680" WIDTH="18"/>
						<String ID="P178_ST00114" HPOS="492" VPOS="648" WIDTH="78" HEIGHT="24" CONTENT="where" WC="0.50" CC="87080"/>
						<SP ID="P178_SP00099" HPOS="570" VPOS="680" WIDTH="21"/>
						<String ID="P178_ST00115" HPOS="591" VPOS="648" WIDTH="41" HEIGHT="24" CONTENT="the" WC="0.57" CC="470"/>
						<SP ID="P178_SP00100" HPOS="632" VPOS="680" WIDTH="21"/>
						<String ID="P178_ST00116" HPOS="653" VPOS="647" WIDTH="96" HEIGHT="32" CONTENT="Baptist" WC="0.71" CC="4074300"/>
						<SP ID="P178_SP00101" HPOS="749" VPOS="680" WIDTH="18"/>
						<String ID="P178_ST00117" HPOS="767" VPOS="647" WIDTH="82" HEIGHT="32" CONTENT="chapel" WC="0.57" CC="575600"/>
						<SP ID="P178_SP00102" HPOS="849" VPOS="680" WIDTH="17"/>
						<String ID="P178_ST00118" HPOS="866" VPOS="647" WIDTH="20" HEIGHT="25" CONTENT="is" WC="0.52" CC="45"/>
					</TextLine>
					<TextLine ID="P178_TL00015" HPOS="123" VPOS="689" WIDTH="761" HEIGHT="29">
						<String ID="P178_ST00119" HPOS="123" VPOS="691" WIDTH="71" HEIGHT="24" CONTENT="built." WC="0.49" CC="870661"/>
						<SP ID="P178_SP00103" HPOS="194" VPOS="715" WIDTH="38"/>
						<String ID="P178_ST00120" HPOS="232" VPOS="690" WIDTH="50" HEIGHT="24" CONTENT="Our" WC="0.40" CC="583"/>
						<SP ID="P178_SP00104" HPOS="282" VPOS="715" WIDTH="17"/>
						<String ID="P178_ST00121" HPOS="299" VPOS="690" WIDTH="60" HEIGHT="24" CONTENT="farm" WC="0.52" CC="2852"/>
						<SP ID="P178_SP00105" HPOS="359" VPOS="715" WIDTH="16"/>
						<String ID="P178_ST00122" HPOS="375" VPOS="691" WIDTH="65" HEIGHT="22" CONTENT="must" WC="0.41" CC="0777"/>
						<SP ID="P178_SP00106" HPOS="440" VPOS="715" WIDTH="18"/>
						<String ID="P178_ST00123" HPOS="458" VPOS="690" WIDTH="61" HEIGHT="23" CONTENT="have" WC="0.39" CC="8780"/>
						<SP ID="P178_SP00107" HPOS="519" VPOS="715" WIDTH="16"/>
						<String ID="P178_ST00124" HPOS="535" VPOS="690" WIDTH="61" HEIGHT="23" CONTENT="been" WC="0.31" CC="7468"/>
						<SP ID="P178_SP00108" HPOS="596" VPOS="715" WIDTH="15"/>
						<String ID="P178_ST00125" HPOS="611" VPOS="690" WIDTH="66" HEIGHT="23" CONTENT="older" WC="0.61" CC="05805"/>
						<SP ID="P178_SP00109" HPOS="677" VPOS="715" WIDTH="16"/>
						<String ID="P178_ST00126" HPOS="693" VPOS="689" WIDTH="58" HEIGHT="23" CONTENT="than" WC="0.20" CC="7888"/>
						<SP ID="P178_SP00110" HPOS="751" VPOS="715" WIDTH="15"/>
						<String ID="P178_ST00127" HPOS="766" VPOS="689" WIDTH="40" HEIGHT="23" CONTENT="the" WC="0.58" CC="570"/>
						<SP ID="P178_SP00111" HPOS="806" VPOS="715" WIDTH="14"/>
						<String ID="P178_ST00128" HPOS="820" VPOS="689" WIDTH="64" HEIGHT="29" CONTENT="Hall," WC="0.65" CC="86020"/>
					</TextLine>
					<TextLine ID="P178_TL00016" HPOS="124" VPOS="730" WIDTH="760" HEIGHT="26">
						<String ID="P178_ST00129" HPOS="124" VPOS="733" WIDTH="37" HEIGHT="23" CONTENT="for" WC="0.92" CC="100"/>
						<SP ID="P178_SP00112" HPOS="161" VPOS="756" WIDTH="13"/>
						<String ID="P178_ST00130" HPOS="174" VPOS="740" WIDTH="35" HEIGHT="16" CONTENT="we" WC="0.58" CC="80"/>
						<SP ID="P178_SP00113" HPOS="209" VPOS="756" WIDTH="14"/>
						<String ID="P178_ST00131" HPOS="223" VPOS="732" WIDTH="48" HEIGHT="24" CONTENT="had" WC="0.36" CC="728"/>
						<SP ID="P178_SP00114" HPOS="271" VPOS="756" WIDTH="18"/>
						<String ID="P178_ST00132" HPOS="289" VPOS="740" WIDTH="14" HEIGHT="15" CONTENT="a" WC="0.44" CC="5"/>
						<SP ID="P178_SP00115" HPOS="303" VPOS="756" WIDTH="16"/>
						<String ID="P178_ST00133" HPOS="319" VPOS="731" WIDTH="54" HEIGHT="24" CONTENT="date" WC="0.40" CC="8671"/>
						<SP ID="P178_SP00116" HPOS="373" VPOS="756" WIDTH="17"/>
						<String ID="P178_ST00134" HPOS="390" VPOS="730" WIDTH="27" HEIGHT="24" CONTENT="of" WC="0.67" CC="60"/>
						<SP ID="P178_SP00117" HPOS="417" VPOS="756" WIDTH="16"/>
						<String ID="P178_ST00135" HPOS="433" VPOS="731" WIDTH="66" HEIGHT="24" CONTENT="1460" WC="0.62" CC="0634"/>
						<SP ID="P178_SP00118" HPOS="499" VPOS="756" WIDTH="16"/>
						<String ID="P178_ST00136" HPOS="515" VPOS="739" WIDTH="30" HEIGHT="16" CONTENT="on" WC="0.58" CC="08"/>
						<SP ID="P178_SP00119" HPOS="545" VPOS="756" WIDTH="19"/>
						<String ID="P178_ST00137" HPOS="564" VPOS="740" WIDTH="44" HEIGHT="15" CONTENT="one" WC="0.50" CC="680"/>
						<SP ID="P178_SP00120" HPOS="608" VPOS="756" WIDTH="16"/>
						<String ID="P178_ST00138" HPOS="624" VPOS="730" WIDTH="26" HEIGHT="25" CONTENT="of" WC="0.64" CC="42"/>
						<SP ID="P178_SP00121" HPOS="650" VPOS="756" WIDTH="13"/>
						<String ID="P178_ST00139" HPOS="663" VPOS="730" WIDTH="42" HEIGHT="24" CONTENT="the" WC="0.56" CC="084"/>
						<SP ID="P178_SP00122" HPOS="705" VPOS="756" WIDTH="16"/>
						<String ID="P178_ST00140" HPOS="721" VPOS="730" WIDTH="163" HEIGHT="25" CONTENT="cross-beams." WC="0.77" CC="003130803410"/>
					</TextLine>
					<TextLine ID="P178_TL00017" HPOS="122" VPOS="771" WIDTH="762" HEIGHT="35">
						<String ID="P178_ST00141" HPOS="122" VPOS="773" WIDTH="42" HEIGHT="33" CONTENT="My" WC="0.37" CC="56"/>
						<SP ID="P178_SP00123" HPOS="164" VPOS="806" WIDTH="12"/>
						<String ID="P178_ST00142" HPOS="176" VPOS="773" WIDTH="78" HEIGHT="24" CONTENT="father" WC="0.67" CC="204705"/>
						<SP ID="P178_SP00124" HPOS="254" VPOS="806" WIDTH="13"/>
						<String ID="P178_ST00143" HPOS="267" VPOS="780" WIDTH="48" HEIGHT="15" CONTENT="was" WC="0.57" CC="840"/>
						<SP ID="P178_SP00125" HPOS="315" VPOS="806" WIDTH="18"/>
						<String ID="P178_ST00144" HPOS="333" VPOS="772" WIDTH="82" HEIGHT="23" CONTENT="rather" WC="0.48" CC="784602"/>
						<SP ID="P178_SP00126" HPOS="415" VPOS="806" WIDTH="17"/>
						<String ID="P178_ST00145" HPOS="432" VPOS="772" WIDTH="76" HEIGHT="31" CONTENT="proud" WC="0.48" CC="82077"/>
						<SP ID="P178_SP00127" HPOS="508" VPOS="806" WIDTH="18"/>
						<String ID="P178_ST00146" HPOS="526" VPOS="772" WIDTH="27" HEIGHT="23" CONTENT="of" WC="0.75" CC="50"/>
						<SP ID="P178_SP00128" HPOS="553" VPOS="806" WIDTH="15"/>
						<String ID="P178_ST00147" HPOS="568" VPOS="771" WIDTH="49" HEIGHT="24" CONTENT="this" WC="0.37" CC="5765"/>
						<SP ID="P178_SP00129" HPOS="617" VPOS="806" WIDTH="18"/>
						<String ID="P178_ST00148" HPOS="635" VPOS="771" WIDTH="141" HEIGHT="32" CONTENT="advantage," WC="0.56" CC="0886838000"/>
						<SP ID="P178_SP00130" HPOS="776" VPOS="806" WIDTH="16"/>
						<String ID="P178_ST00149" HPOS="792" VPOS="771" WIDTH="37" HEIGHT="24" CONTENT="for" WC="0.41" CC="646"/>
						<SP ID="P178_SP00131" HPOS="829" VPOS="806" WIDTH="16"/>
						<String ID="P178_ST00150" HPOS="845" VPOS="771" WIDTH="39" HEIGHT="24" CONTENT="the" WC="0.62" CC="460"/>
					</TextLine>
					<TextLine ID="P178_TL00018" HPOS="122" VPOS="812" WIDTH="762" HEIGHT="29">
						<String ID="P178_ST00151" HPOS="122" VPOS="814" WIDTH="58" HEIGHT="24" CONTENT="Hall" WC="0.58" CC="8340"/>
						<SP ID="P178_SP00132" HPOS="180" VPOS="838" WIDTH="19"/>
						<String ID="P178_ST00152" HPOS="199" VPOS="813" WIDTH="48" HEIGHT="24" CONTENT="had" WC="0.27" CC="668"/>
						<SP ID="P178_SP00133" HPOS="247" VPOS="838" WIDTH="23"/>
						<String ID="P178_ST00153" HPOS="270" VPOS="821" WIDTH="31" HEIGHT="15" CONTENT="no" WC="0.59" CC="80"/>
						<SP ID="P178_SP00134" HPOS="301" VPOS="838" WIDTH="25"/>
						<String ID="P178_ST00154" HPOS="326" VPOS="812" WIDTH="55" HEIGHT="24" CONTENT="date" WC="0.58" CC="8430"/>
						<SP ID="P178_SP00135" HPOS="381" VPOS="838" WIDTH="24"/>
						<String ID="P178_ST00155" HPOS="405" VPOS="812" WIDTH="66" HEIGHT="24" CONTENT="older" WC="0.75" CC="01703"/>
						<SP ID="P178_SP00136" HPOS="471" VPOS="838" WIDTH="22"/>
						<String ID="P178_ST00156" HPOS="493" VPOS="812" WIDTH="60" HEIGHT="24" CONTENT="than" WC="0.42" CC="0768"/>
						<SP ID="P178_SP00137" HPOS="553" VPOS="838" WIDTH="26"/>
						<String ID="P178_ST00157" HPOS="579" VPOS="812" WIDTH="82" HEIGHT="29" CONTENT="1554;" WC="0.50" CC="07736"/>
						<SP ID="P178_SP00138" HPOS="661" VPOS="841" WIDTH="23"/>
						<String ID="P178_ST00158" HPOS="684" VPOS="812" WIDTH="47" HEIGHT="23" CONTENT="and" WC="0.28" CC="668"/>
						<SP ID="P178_SP00139" HPOS="731" VPOS="841" WIDTH="22"/>
						<String ID="P178_ST00159" HPOS="753" VPOS="812" WIDTH="14" HEIGHT="23" CONTENT="I" WC="0.79" CC="2"/>
						<SP ID="P178_SP00140" HPOS="767" VPOS="841" WIDTH="20"/>
						<String ID="P178_ST00160" HPOS="787" VPOS="820" WIDTH="97" HEIGHT="15" CONTENT="remem" SUBS_TYPE="HypPart1" SUBS_CONTENT="remember" WC="0.76" CC="402060"/>
						<HYP CONTENT="-"/>
					</TextLine>
					<TextLine ID="P178_TL00019" HPOS="122" VPOS="852" WIDTH="763" HEIGHT="32">
						<String ID="P178_ST00161" HPOS="122" VPOS="856" WIDTH="42" HEIGHT="23" CONTENT="ber" SUBS_TYPE="HypPart2" SUBS_CONTENT="remember" WC="0.72" CC="700"/>
						<SP ID="P178_SP00141" HPOS="164" VPOS="879" WIDTH="19"/>
						<String ID="P178_ST00162" HPOS="183" VPOS="854" WIDTH="38" HEIGHT="24" CONTENT="his" WC="0.44" CC="671"/>
						<SP ID="P178_SP00142" HPOS="221" VPOS="879" WIDTH="21"/>
						<String ID="P178_ST00163" HPOS="242" VPOS="852" WIDTH="128" HEIGHT="32" CONTENT="affronting" WC="0.57" CC="5003557370"/>
						<SP ID="P178_SP00143" HPOS="370" VPOS="884" WIDTH="22"/>
						<String ID="P178_ST00164" HPOS="392" VPOS="853" WIDTH="59" HEIGHT="24" CONTENT="Mrs." WC="0.51" CC="7650"/>
						<SP ID="P178_SP00144" HPOS="451" VPOS="884" WIDTH="19"/>
						<String ID="P178_ST00165" HPOS="470" VPOS="854" WIDTH="113" HEIGHT="29" CONTENT="Dawson," WC="0.48" CC="8077650"/>
						<SP ID="P178_SP00145" HPOS="583" VPOS="884" WIDTH="19"/>
						<String ID="P178_ST00166" HPOS="602" VPOS="853" WIDTH="43" HEIGHT="24" CONTENT="the" WC="0.66" CC="280"/>
						<SP ID="P178_SP00146" HPOS="645" VPOS="884" WIDTH="22"/>
						<String ID="P178_ST00167" HPOS="667" VPOS="852" WIDTH="169" HEIGHT="32" CONTENT="housekeeper," WC="0.67" CC="718308007020"/>
						<SP ID="P178_SP00147" HPOS="836" VPOS="884" WIDTH="19"/>
						<String ID="P178_ST00168" HPOS="855" VPOS="853" WIDTH="30" HEIGHT="31" CONTENT="by" WC="0.23" CC="86"/>
					</TextLine>
					<TextLine ID="P178_TL00020" HPOS="122" VPOS="894" WIDTH="764" HEIGHT="33">
						<String ID="P178_ST00169" HPOS="122" VPOS="895" WIDTH="110" HEIGHT="32" CONTENT="dwelling" WC="0.51" CC="88043580"/>
						<SP ID="P178_SP00148" HPOS="232" VPOS="927" WIDTH="22"/>
						<String ID="P178_ST00170" HPOS="254" VPOS="897" WIDTH="40" HEIGHT="22" CONTENT="too" WC="0.70" CC="800"/>
						<SP ID="P178_SP00149" HPOS="294" VPOS="927" WIDTH="19"/>
						<String ID="P178_ST00171" HPOS="313" VPOS="894" WIDTH="73" HEIGHT="24" CONTENT="much" WC="0.32" CC="8837"/>
						<SP ID="P178_SP00150" HPOS="386" VPOS="927" WIDTH="20"/>
						<String ID="P178_ST00172" HPOS="406" VPOS="903" WIDTH="31" HEIGHT="15" CONTENT="on" WC="0.58" CC="08"/>
						<SP ID="P178_SP00151" HPOS="437" VPOS="927" WIDTH="23"/>
						<String ID="P178_ST00173" HPOS="460" VPOS="894" WIDTH="50" HEIGHT="25" CONTENT="this" WC="0.50" CC="4554"/>
						<SP ID="P178_SP00152" HPOS="510" VPOS="927" WIDTH="20"/>
						<String ID="P178_ST00174" HPOS="530" VPOS="894" WIDTH="174" HEIGHT="25" CONTENT="circumstance" WC="0.52" CC="645386616800"/>
						<SP ID="P178_SP00153" HPOS="704" VPOS="927" WIDTH="20"/>
						<String ID="P178_ST00175" HPOS="724" VPOS="902" WIDTH="44" HEIGHT="16" CONTENT="one" WC="0.58" CC="480"/>
						<SP ID="P178_SP00154" HPOS="768" VPOS="927" WIDTH="20"/>
						<String ID="P178_ST00176" HPOS="788" VPOS="894" WIDTH="98" HEIGHT="32" CONTENT="evening" WC="0.56" CC="0808580"/>
					</TextLine>
					<TextLine ID="P178_TL00021" HPOS="122" VPOS="935" WIDTH="762" HEIGHT="31">
						<String ID="P178_ST00177" HPOS="122" VPOS="937" WIDTH="67" HEIGHT="24" CONTENT="when" WC="0.39" CC="8708"/>
						<SP ID="P178_SP00155" HPOS="189" VPOS="961" WIDTH="21"/>
						<String ID="P178_ST00178" HPOS="210" VPOS="937" WIDTH="43" HEIGHT="24" CONTENT="she" WC="0.63" CC="370"/>
						<SP ID="P178_SP00156" HPOS="253" VPOS="961" WIDTH="22"/>
						<String ID="P178_ST00179" HPOS="275" VPOS="944" WIDTH="66" HEIGHT="16" CONTENT="came" WC="0.50" CC="8640"/>
						<SP ID="P178_SP00157" HPOS="341" VPOS="961" WIDTH="24"/>
						<String ID="P178_ST00180" HPOS="365" VPOS="937" WIDTH="25" HEIGHT="22" CONTENT="to" WC="0.43" CC="37"/>
						<SP ID="P178_SP00158" HPOS="390" VPOS="961" WIDTH="21"/>
						<String ID="P178_ST00181" HPOS="411" VPOS="935" WIDTH="70" HEIGHT="24" CONTENT="drink" WC="0.43" CC="88073"/>
						<SP ID="P178_SP00159" HPOS="481" VPOS="961" WIDTH="19"/>
						<String ID="P178_ST00182" HPOS="500" VPOS="937" WIDTH="39" HEIGHT="23" CONTENT="tea" WC="0.64" CC="603"/>
						<SP ID="P178_SP00160" HPOS="539" VPOS="961" WIDTH="20"/>
						<String ID="P178_ST00183" HPOS="559" VPOS="935" WIDTH="56" HEIGHT="25" CONTENT="with" WC="0.53" CC="8028"/>
						<SP ID="P178_SP00161" HPOS="615" VPOS="961" WIDTH="21"/>
						<String ID="P178_ST00184" HPOS="636" VPOS="944" WIDTH="40" HEIGHT="22" CONTENT="my" WC="0.35" CC="57"/>
						<SP ID="P178_SP00162" HPOS="676" VPOS="966" WIDTH="20"/>
						<String ID="P178_ST00185" HPOS="696" VPOS="935" WIDTH="101" HEIGHT="29" CONTENT="mother," WC="0.76" CC="4005150"/>
						<SP ID="P178_SP00163" HPOS="797" VPOS="966" WIDTH="21"/>
						<String ID="P178_ST00186" HPOS="818" VPOS="936" WIDTH="66" HEIGHT="23" CONTENT="when" WC="0.25" CC="8758"/>
					</TextLine>
					<TextLine ID="P178_TL00022" HPOS="121" VPOS="977" WIDTH="762" HEIGHT="31">
						<String ID="P178_ST00187" HPOS="121" VPOS="977" WIDTH="131" HEIGHT="24" CONTENT="Ethelinda" WC="0.47" CC="467003888"/>
						<SP ID="P178_SP00164" HPOS="252" VPOS="1001" WIDTH="18"/>
						<String ID="P178_ST00188" HPOS="270" VPOS="977" WIDTH="46" HEIGHT="23" CONTENT="and" WC="0.25" CC="588"/>
						<SP ID="P178_SP00165" HPOS="316" VPOS="1001" WIDTH="19"/>
						<String ID="P178_ST00189" HPOS="335" VPOS="977" WIDTH="13" HEIGHT="22" CONTENT="I" WC="1.00" CC="0"/>
						<SP ID="P178_SP00166" HPOS="348" VPOS="1001" WIDTH="14"/>
						<String ID="P178_ST00190" HPOS="362" VPOS="985" WIDTH="60" HEIGHT="15" CONTENT="were" WC="0.58" CC="8080"/>
						<SP ID="P178_SP00167" HPOS="422" VPOS="1001" WIDTH="15"/>
						<String ID="P178_ST00191" HPOS="437" VPOS="985" WIDTH="65" HEIGHT="15" CONTENT="mere" WC="0.74" CC="7020"/>
						<SP ID="P178_SP00168" HPOS="502" VPOS="1001" WIDTH="16"/>
						<String ID="P178_ST00192" HPOS="518" VPOS="977" WIDTH="115" HEIGHT="24" CONTENT="children." WC="0.59" CC="250088073"/>
						<SP ID="P178_SP00169" HPOS="633" VPOS="1001" WIDTH="35"/>
						<String ID="P178_ST00193" HPOS="668" VPOS="977" WIDTH="50" HEIGHT="23" CONTENT="But" WC="0.33" CC="765"/>
						<SP ID="P178_SP00170" HPOS="718" VPOS="1001" WIDTH="16"/>
						<String ID="P178_ST00194" HPOS="734" VPOS="985" WIDTH="39" HEIGHT="23" CONTENT="my" WC="0.38" CC="48"/>
						<SP ID="P178_SP00171" HPOS="773" VPOS="1008" WIDTH="11"/>
						<String ID="P178_ST00195" HPOS="784" VPOS="977" WIDTH="99" HEIGHT="28" CONTENT="mother," WC="0.68" CC="3228050"/>
					</TextLine>
					<TextLine ID="P178_TL00023" HPOS="122" VPOS="1017" WIDTH="762" HEIGHT="33">
						<String ID="P178_ST00196" HPOS="122" VPOS="1018" WIDTH="83" HEIGHT="32" CONTENT="seeing" WC="0.63" CC="700580"/>
						<SP ID="P178_SP00172" HPOS="205" VPOS="1050" WIDTH="19"/>
						<String ID="P178_ST00197" HPOS="224" VPOS="1019" WIDTH="53" HEIGHT="23" CONTENT="that" WC="0.52" CC="0764"/>
						<SP ID="P178_SP00173" HPOS="277" VPOS="1050" WIDTH="19"/>
						<String ID="P178_ST00198" HPOS="296" VPOS="1018" WIDTH="61" HEIGHT="24" CONTENT="Mrs." WC="0.58" CC="2382"/>
						<SP ID="P178_SP00174" HPOS="357" VPOS="1050" WIDTH="23"/>
						<String ID="P178_ST00199" HPOS="380" VPOS="1017" WIDTH="103" HEIGHT="25" CONTENT="Dawson" WC="0.36" CC="738466"/>
						<SP ID="P178_SP00175" HPOS="483" VPOS="1050" WIDTH="19"/>
						<String ID="P178_ST00200" HPOS="502" VPOS="1018" WIDTH="78" HEIGHT="24" CONTENT="would" WC="0.35" CC="83748"/>
						<SP ID="P178_SP00176" HPOS="580" VPOS="1050" WIDTH="18"/>
						<String ID="P178_ST00201" HPOS="598" VPOS="1026" WIDTH="73" HEIGHT="16" CONTENT="never" WC="0.53" CC="80806"/>
						<SP ID="P178_SP00177" HPOS="671" VPOS="1050" WIDTH="18"/>
						<String ID="P178_ST00202" HPOS="689" VPOS="1017" WIDTH="68" HEIGHT="24" CONTENT="allow" WC="0.65" CC="60028"/>
						<SP ID="P178_SP00178" HPOS="757" VPOS="1050" WIDTH="14"/>
						<String ID="P178_ST00203" HPOS="771" VPOS="1018" WIDTH="52" HEIGHT="23" CONTENT="that" WC="0.49" CC="0765"/>
						<SP ID="P178_SP00179" HPOS="823" VPOS="1050" WIDTH="17"/>
						<String ID="P178_ST00204" HPOS="840" VPOS="1026" WIDTH="44" HEIGHT="23" CONTENT="any" WC="0.43" CC="177"/>
					</TextLine>
					<TextLine ID="P178_TL00024" HPOS="122" VPOS="1058" WIDTH="763" HEIGHT="32">
						<String ID="P178_ST00205" HPOS="122" VPOS="1060" WIDTH="75" HEIGHT="23" CONTENT="house" WC="0.59" CC="80840"/>
						<SP ID="P178_SP00180" HPOS="197" VPOS="1083" WIDTH="19"/>
						<String ID="P178_ST00206" HPOS="216" VPOS="1059" WIDTH="25" HEIGHT="23" CONTENT="in" WC="0.19" CC="78"/>
						<SP ID="P178_SP00181" HPOS="241" VPOS="1083" WIDTH="19"/>
						<String ID="P178_ST00207" HPOS="260" VPOS="1059" WIDTH="41" HEIGHT="23" CONTENT="the" WC="0.47" CC="780"/>
						<SP ID="P178_SP00182" HPOS="301" VPOS="1083" WIDTH="12"/>
						<String ID="P178_ST00208" HPOS="313" VPOS="1058" WIDTH="82" HEIGHT="32" CONTENT="parish" WC="0.40" CC="836178"/>
						<SP ID="P178_SP00183" HPOS="395" VPOS="1090" WIDTH="19"/>
						<String ID="P178_ST00209" HPOS="414" VPOS="1059" WIDTH="69" HEIGHT="23" CONTENT="could" WC="0.45" CC="04868"/>
						<SP ID="P178_SP00184" HPOS="483" VPOS="1090" WIDTH="18"/>
						<String ID="P178_ST00210" HPOS="501" VPOS="1058" WIDTH="29" HEIGHT="24" CONTENT="be" WC="0.59" CC="70"/>
						<SP ID="P178_SP00185" HPOS="530" VPOS="1090" WIDTH="13"/>
						<String ID="P178_ST00211" HPOS="543" VPOS="1059" WIDTH="66" HEIGHT="23" CONTENT="older" WC="0.66" CC="05801"/>
						<SP ID="P178_SP00186" HPOS="609" VPOS="1090" WIDTH="17"/>
						<String ID="P178_ST00212" HPOS="626" VPOS="1059" WIDTH="59" HEIGHT="23" CONTENT="than" WC="0.26" CC="5887"/>
						<SP ID="P178_SP00187" HPOS="685" VPOS="1090" WIDTH="17"/>
						<String ID="P178_ST00213" HPOS="702" VPOS="1059" WIDTH="41" HEIGHT="23" CONTENT="the" WC="0.56" CC="660"/>
						<SP ID="P178_SP00188" HPOS="743" VPOS="1090" WIDTH="19"/>
						<String ID="P178_ST00214" HPOS="762" VPOS="1059" WIDTH="65" HEIGHT="28" CONTENT="Hall," WC="0.69" CC="78000"/>
						<SP ID="P178_SP00189" HPOS="827" VPOS="1090" WIDTH="13"/>
						<String ID="P178_ST00215" HPOS="840" VPOS="1059" WIDTH="45" HEIGHT="23" CONTENT="and" WC="0.54" CC="076"/>
					</TextLine>
					<TextLine ID="P178_TL00025" HPOS="122" VPOS="1099" WIDTH="764" HEIGHT="33">
						<String ID="P178_ST00216" HPOS="122" VPOS="1102" WIDTH="52" HEIGHT="23" CONTENT="that" WC="0.45" CC="7806"/>
						<SP ID="P178_SP00190" HPOS="174" VPOS="1125" WIDTH="18"/>
						<String ID="P178_ST00217" HPOS="192" VPOS="1101" WIDTH="42" HEIGHT="23" CONTENT="she" WC="0.48" CC="780"/>
						<SP ID="P178_SP00191" HPOS="234" VPOS="1125" WIDTH="12"/>
						<String ID="P178_ST00218" HPOS="246" VPOS="1108" WIDTH="48" HEIGHT="16" CONTENT="was" WC="0.55" CC="704"/>
						<SP ID="P178_SP00192" HPOS="294" VPOS="1125" WIDTH="16"/>
						<String ID="P178_ST00219" HPOS="310" VPOS="1099" WIDTH="93" HEIGHT="33" CONTENT="getting" WC="0.49" CC="0076587"/>
						<SP ID="P178_SP00193" HPOS="403" VPOS="1132" WIDTH="11"/>
						<String ID="P178_ST00220" HPOS="414" VPOS="1108" WIDTH="58" HEIGHT="23" CONTENT="very" WC="0.44" CC="8525"/>
						<SP ID="P178_SP00194" HPOS="472" VPOS="1132" WIDTH="11"/>
						<String ID="P178_ST00221" HPOS="483" VPOS="1108" WIDTH="81" HEIGHT="20" CONTENT="warm," WC="0.51" CC="88250"/>
						<SP ID="P178_SP00195" HPOS="564" VPOS="1132" WIDTH="14"/>
						<String ID="P178_ST00222" HPOS="578" VPOS="1100" WIDTH="47" HEIGHT="23" CONTENT="and" WC="0.38" CC="188"/>
						<SP ID="P178_SP00196" HPOS="625" VPOS="1132" WIDTH="15"/>
						<String ID="P178_ST00223" HPOS="640" VPOS="1100" WIDTH="86" HEIGHT="23" CONTENT="almost" WC="0.51" CC="736614"/>
						<SP ID="P178_SP00197" HPOS="726" VPOS="1132" WIDTH="14"/>
						<String ID="P178_ST00224" HPOS="740" VPOS="1099" WIDTH="146" HEIGHT="32" CONTENT="insinuating" WC="0.60" CC="07248803071"/>
					</TextLine>
					<TextLine ID="P178_TL00026" HPOS="122" VPOS="1140" WIDTH="763" HEIGHT="32">
						<String ID="P178_ST00225" HPOS="122" VPOS="1143" WIDTH="54" HEIGHT="22" CONTENT="that" WC="0.35" CC="5883"/>
						<SP ID="P178_SP00198" HPOS="176" VPOS="1165" WIDTH="15"/>
						<String ID="P178_ST00226" HPOS="191" VPOS="1142" WIDTH="41" HEIGHT="23" CONTENT="the" WC="0.49" CC="780"/>
						<SP ID="P178_SP00199" HPOS="232" VPOS="1165" WIDTH="19"/>
						<String ID="P178_ST00227" HPOS="251" VPOS="1141" WIDTH="168" HEIGHT="24" CONTENT="Sidebothams" WC="0.43" CC="70848078825"/>
						<SP ID="P178_SP00200" HPOS="419" VPOS="1165" WIDTH="13"/>
						<String ID="P178_ST00228" HPOS="432" VPOS="1141" WIDTH="48" HEIGHT="24" CONTENT="had" WC="0.56" CC="408"/>
						<SP ID="P178_SP00201" HPOS="480" VPOS="1165" WIDTH="16"/>
						<String ID="P178_ST00229" HPOS="496" VPOS="1141" WIDTH="83" HEIGHT="31" CONTENT="forged" WC="0.80" CC="302006"/>
						<SP ID="P178_SP00202" HPOS="579" VPOS="1172" WIDTH="15"/>
						<String ID="P178_ST00230" HPOS="594" VPOS="1141" WIDTH="41" HEIGHT="24" CONTENT="the" WC="0.72" CC="080"/>
						<SP ID="P178_SP00203" HPOS="635" VPOS="1172" WIDTH="17"/>
						<String ID="P178_ST00231" HPOS="652" VPOS="1141" WIDTH="55" HEIGHT="24" CONTENT="date" WC="0.62" CC="7700"/>
						<SP ID="P178_SP00204" HPOS="707" VPOS="1172" WIDTH="14"/>
						<String ID="P178_ST00232" HPOS="721" VPOS="1143" WIDTH="25" HEIGHT="22" CONTENT="to" WC="0.55" CC="62"/>
						<SP ID="P178_SP00205" HPOS="746" VPOS="1172" WIDTH="18"/>
						<String ID="P178_ST00233" HPOS="764" VPOS="1140" WIDTH="121" HEIGHT="32" CONTENT="disparage" WC="0.59" CC="734817100"/>
					</TextLine>
					<TextLine ID="P178_TL00027" HPOS="122" VPOS="1181" WIDTH="762" HEIGHT="34">
						<String ID="P178_ST00234" HPOS="122" VPOS="1183" WIDTH="41" HEIGHT="24" CONTENT="the" WC="0.46" CC="870"/>
						<SP ID="P178_SP00206" HPOS="163" VPOS="1207" WIDTH="14"/>
						<String ID="P178_ST00235" HPOS="177" VPOS="1182" WIDTH="99" HEIGHT="33" CONTENT="squire's" WC="0.51" CC="57813055"/>
						<SP ID="P178_SP00207" HPOS="276" VPOS="1215" WIDTH="13"/>
						<String ID="P178_ST00236" HPOS="289" VPOS="1181" WIDTH="90" HEIGHT="33" CONTENT="family," WC="0.54" CC="1761680"/>
						<SP ID="P178_SP00208" HPOS="379" VPOS="1215" WIDTH="15"/>
						<String ID="P178_ST00237" HPOS="394" VPOS="1182" WIDTH="47" HEIGHT="23" CONTENT="and" WC="0.17" CC="887"/>
						<SP ID="P178_SP00209" HPOS="441" VPOS="1215" WIDTH="12"/>
						<String ID="P178_ST00238" HPOS="453" VPOS="1183" WIDTH="37" HEIGHT="22" CONTENT="set" WC="0.89" CC="300"/>
						<SP ID="P178_SP00210" HPOS="490" VPOS="1215" WIDTH="16"/>
						<String ID="P178_ST00239" HPOS="506" VPOS="1182" WIDTH="146" HEIGHT="24" CONTENT="themselves" WC="0.67" CC="2703202806"/>
						<SP ID="P178_SP00211" HPOS="652" VPOS="1215" WIDTH="11"/>
						<String ID="P178_ST00240" HPOS="663" VPOS="1190" WIDTH="32" HEIGHT="24" CONTENT="up" WC="0.19" CC="78"/>
						<SP ID="P178_SP00212" HPOS="695" VPOS="1215" WIDTH="13"/>
						<String ID="P178_ST00241" HPOS="708" VPOS="1190" WIDTH="26" HEIGHT="15" CONTENT="as" WC="0.47" CC="64"/>
						<SP ID="P178_SP00213" HPOS="734" VPOS="1215" WIDTH="12"/>
						<String ID="P178_ST00242" HPOS="746" VPOS="1181" WIDTH="88" HEIGHT="32" CONTENT="having" WC="0.34" CC="748188"/>
						<SP ID="P178_SP00214" HPOS="834" VPOS="1215" WIDTH="11"/>
						<String ID="P178_ST00243" HPOS="845" VPOS="1181" WIDTH="39" HEIGHT="24" CONTENT="the" WC="0.66" CC="540"/>
					</TextLine>
					<TextLine ID="P178_TL00028" HPOS="122" VPOS="1222" WIDTH="765" HEIGHT="32">
						<String ID="P178_ST00244" HPOS="122" VPOS="1225" WIDTH="66" HEIGHT="23" CONTENT="older" WC="0.37" CC="67753"/>
						<SP ID="P178_SP00215" HPOS="188" VPOS="1248" WIDTH="16"/>
						<String ID="P178_ST00245" HPOS="204" VPOS="1224" WIDTH="79" HEIGHT="29" CONTENT="blood," WC="0.59" CC="815080"/>
						<SP ID="P178_SP00216" HPOS="283" VPOS="1253" WIDTH="15"/>
						<String ID="P178_ST00246" HPOS="298" VPOS="1223" WIDTH="73" HEIGHT="24" CONTENT="asked" WC="0.50" CC="70628"/>
						<SP ID="P178_SP00217" HPOS="371" VPOS="1253" WIDTH="17"/>
						<String ID="P178_ST00247" HPOS="388" VPOS="1223" WIDTH="60" HEIGHT="24" CONTENT="Mrs." WC="0.50" CC="6453"/>
						<SP ID="P178_SP00218" HPOS="448" VPOS="1253" WIDTH="14"/>
						<String ID="P178_ST00248" HPOS="462" VPOS="1223" WIDTH="103" HEIGHT="24" CONTENT="Dawson" WC="0.48" CC="718138"/>
						<SP ID="P178_SP00219" HPOS="565" VPOS="1253" WIDTH="19"/>
						<String ID="P178_ST00249" HPOS="584" VPOS="1225" WIDTH="24" HEIGHT="22" CONTENT="to" WC="1.00" CC="00"/>
						<SP ID="P178_SP00220" HPOS="608" VPOS="1253" WIDTH="16"/>
						<String ID="P178_ST00250" HPOS="624" VPOS="1223" WIDTH="42" HEIGHT="24" CONTENT="tell" WC="0.76" CC="0035"/>
						<SP ID="P178_SP00221" HPOS="666" VPOS="1253" WIDTH="17"/>
						<String ID="P178_ST00251" HPOS="683" VPOS="1231" WIDTH="29" HEIGHT="16" CONTENT="us" WC="0.42" CC="65"/>
						<SP ID="P178_SP00222" HPOS="712" VPOS="1253" WIDTH="17"/>
						<String ID="P178_ST00252" HPOS="729" VPOS="1223" WIDTH="41" HEIGHT="24" CONTENT="the" WC="0.66" CC="720"/>
						<SP ID="P178_SP00223" HPOS="770" VPOS="1253" WIDTH="17"/>
						<String ID="P178_ST00253" HPOS="787" VPOS="1225" WIDTH="64" HEIGHT="29" CONTENT="story" WC="0.42" CC="54188"/>
						<SP ID="P178_SP00224" HPOS="851" VPOS="1254" WIDTH="11"/>
						<String ID="P178_ST00254" HPOS="862" VPOS="1222" WIDTH="25" HEIGHT="24" CONTENT="of" WC="0.92" CC="01"/>
					</TextLine>
					<TextLine ID="P178_TL00029" HPOS="122" VPOS="1264" WIDTH="764" HEIGHT="31">
						<String ID="P178_ST00255" HPOS="122" VPOS="1265" WIDTH="38" HEIGHT="24" CONTENT="old" WC="0.33" CC="558"/>
						<SP ID="P178_SP00225" HPOS="160" VPOS="1289" WIDTH="21"/>
						<String ID="P178_ST00256" HPOS="181" VPOS="1264" WIDTH="38" HEIGHT="25" CONTENT="Sir" WC="0.38" CC="755"/>
						<SP ID="P178_SP00226" HPOS="219" VPOS="1289" WIDTH="20"/>
						<String ID="P178_ST00257" HPOS="239" VPOS="1264" WIDTH="65" HEIGHT="24" CONTENT="John" WC="0.58" CC="0078"/>
						<SP ID="P178_SP00227" HPOS="304" VPOS="1289" WIDTH="21"/>
						<String ID="P178_ST00258" HPOS="325" VPOS="1264" WIDTH="96" HEIGHT="24" CONTENT="Morton" WC="0.54" CC="344328"/>
						<SP ID="P178_SP00228" HPOS="421" VPOS="1289" WIDTH="19"/>
						<String ID="P178_ST00259" HPOS="440" VPOS="1264" WIDTH="79" HEIGHT="24" CONTENT="before" WC="0.82" CC="720000"/>
						<SP ID="P178_SP00229" HPOS="519" VPOS="1289" WIDTH="18"/>
						<String ID="P178_ST00260" HPOS="537" VPOS="1273" WIDTH="33" HEIGHT="15" CONTENT="we" WC="0.49" CC="81"/>
						<SP ID="P178_SP00230" HPOS="570" VPOS="1289" WIDTH="15"/>
						<String ID="P178_ST00261" HPOS="585" VPOS="1266" WIDTH="64" HEIGHT="22" CONTENT="went" WC="0.47" CC="8066"/>
						<SP ID="P178_SP00231" HPOS="649" VPOS="1289" WIDTH="19"/>
						<String ID="P178_ST00262" HPOS="668" VPOS="1266" WIDTH="24" HEIGHT="22" CONTENT="to" WC="0.61" CC="25"/>
						<SP ID="P178_SP00232" HPOS="692" VPOS="1289" WIDTH="21"/>
						<String ID="P178_ST00263" HPOS="713" VPOS="1264" WIDTH="53" HEIGHT="24" CONTENT="bed." WC="0.54" CC="7180"/>
						<SP ID="P178_SP00233" HPOS="766" VPOS="1289" WIDTH="36"/>
						<String ID="P178_ST00264" HPOS="802" VPOS="1264" WIDTH="13" HEIGHT="23" CONTENT="I" WC="0.66" CC="3"/>
						<SP ID="P178_SP00234" HPOS="815" VPOS="1289" WIDTH="20"/>
						<String ID="P178_ST00265" HPOS="835" VPOS="1264" WIDTH="51" HEIGHT="31" CONTENT="slily" WC="0.69" CC="20128"/>
					</TextLine>
					<TextLine ID="P178_TL00030" HPOS="122" VPOS="1304" WIDTH="764" HEIGHT="32">
						<String ID="P178_ST00266" HPOS="122" VPOS="1305" WIDTH="122" HEIGHT="24" CONTENT="reminded" WC="0.31" CC="37778848"/>
						<SP ID="P178_SP00235" HPOS="244" VPOS="1329" WIDTH="13"/>
						<String ID="P178_ST00267" HPOS="257" VPOS="1314" WIDTH="39" HEIGHT="22" CONTENT="my" WC="0.33" CC="58"/>
						<SP ID="P178_SP00236" HPOS="296" VPOS="1336" WIDTH="13"/>
						<String ID="P178_ST00268" HPOS="309" VPOS="1305" WIDTH="78" HEIGHT="24" CONTENT="father" WC="0.62" CC="073505"/>
						<SP ID="P178_SP00237" HPOS="387" VPOS="1336" WIDTH="15"/>
						<String ID="P178_ST00269" HPOS="402" VPOS="1304" WIDTH="53" HEIGHT="25" CONTENT="that" WC="0.38" CC="7772"/>
						<SP ID="P178_SP00238" HPOS="455" VPOS="1336" WIDTH="15"/>
						<String ID="P178_ST00270" HPOS="470" VPOS="1305" WIDTH="71" HEIGHT="29" CONTENT="Jack," WC="0.81" CC="41020"/>
						<SP ID="P178_SP00239" HPOS="541" VPOS="1336" WIDTH="14"/>
						<String ID="P178_ST00271" HPOS="555" VPOS="1314" WIDTH="43" HEIGHT="15" CONTENT="our" WC="0.59" CC="254"/>
						<SP ID="P178_SP00240" HPOS="598" VPOS="1336" WIDTH="12"/>
						<String ID="P178_ST00272" HPOS="610" VPOS="1314" WIDTH="64" HEIGHT="21" CONTENT="man," WC="0.72" CC="0370"/>
						<SP ID="P178_SP00241" HPOS="674" VPOS="1336" WIDTH="15"/>
						<String ID="P178_ST00273" HPOS="689" VPOS="1314" WIDTH="48" HEIGHT="16" CONTENT="was" WC="0.54" CC="804"/>
						<SP ID="P178_SP00242" HPOS="737" VPOS="1336" WIDTH="12"/>
						<String ID="P178_ST00274" HPOS="749" VPOS="1307" WIDTH="42" HEIGHT="23" CONTENT="not" WC="0.50" CC="806"/>
						<SP ID="P178_SP00243" HPOS="791" VPOS="1336" WIDTH="12"/>
						<String ID="P178_ST00275" HPOS="803" VPOS="1305" WIDTH="83" HEIGHT="31" CONTENT="always" WC="0.31" CC="728876"/>
					</TextLine>
					<TextLine ID="P178_TL00031" HPOS="123" VPOS="1345" WIDTH="764" HEIGHT="33">
						<String ID="P178_ST00276" HPOS="123" VPOS="1354" WIDTH="26" HEIGHT="16" CONTENT="so" WC="0.46" CC="72"/>
						<SP ID="P178_SP00244" HPOS="149" VPOS="1370" WIDTH="13"/>
						<String ID="P178_ST00277" HPOS="162" VPOS="1347" WIDTH="87" HEIGHT="23" CONTENT="careful" WC="0.53" CC="0470685"/>
						<SP ID="P178_SP00245" HPOS="249" VPOS="1370" WIDTH="14"/>
						<String ID="P178_ST00278" HPOS="263" VPOS="1354" WIDTH="25" HEIGHT="15" CONTENT="as" WC="0.52" CC="44"/>
						<SP ID="P178_SP00246" HPOS="288" VPOS="1370" WIDTH="13"/>
						<String ID="P178_ST00279" HPOS="301" VPOS="1346" WIDTH="77" HEIGHT="32" CONTENT="might" WC="0.58" CC="80380"/>
						<SP ID="P178_SP00247" HPOS="378" VPOS="1378" WIDTH="16"/>
						<String ID="P178_ST00280" HPOS="394" VPOS="1346" WIDTH="30" HEIGHT="23" CONTENT="be" WC="0.58" CC="80"/>
						<SP ID="P178_SP00248" HPOS="424" VPOS="1378" WIDTH="18"/>
						<String ID="P178_ST00281" HPOS="442" VPOS="1345" WIDTH="25" HEIGHT="24" CONTENT="in" WC="0.32" CC="57"/>
						<SP ID="P178_SP00249" HPOS="467" VPOS="1378" WIDTH="16"/>
						<String ID="P178_ST00282" HPOS="483" VPOS="1346" WIDTH="103" HEIGHT="32" CONTENT="housing" WC="0.56" CC="7145280"/>
						<SP ID="P178_SP00250" HPOS="586" VPOS="1378" WIDTH="17"/>
						<String ID="P178_ST00283" HPOS="603" VPOS="1347" WIDTH="42" HEIGHT="23" CONTENT="the" WC="0.58" CC="074"/>
						<SP ID="P178_SP00251" HPOS="645" VPOS="1378" WIDTH="12"/>
						<String ID="P178_ST00284" HPOS="657" VPOS="1347" WIDTH="120" HEIGHT="31" CONTENT="Aldemey" WC="0.46" CC="7870805"/>
						<SP ID="P178_SP00252" HPOS="777" VPOS="1378" WIDTH="12"/>
						<String ID="P178_ST00285" HPOS="789" VPOS="1346" WIDTH="24" HEIGHT="24" CONTENT="in" WC="0.36" CC="48"/>
						<SP ID="P178_SP00253" HPOS="813" VPOS="1378" WIDTH="16"/>
						<String ID="P178_ST00286" HPOS="829" VPOS="1346" WIDTH="58" HEIGHT="32" CONTENT="good" WC="0.74" CC="0207"/>
					</TextLine>
					<TextLine ID="P178_TL00032" HPOS="122" VPOS="1387" WIDTH="765" HEIGHT="32">
						<String ID="P178_ST00287" HPOS="122" VPOS="1387" WIDTH="60" HEIGHT="25" CONTENT="time" WC="0.53" CC="8540"/>
						<SP ID="P178_SP00254" HPOS="182" VPOS="1412" WIDTH="18"/>
						<String ID="P178_ST00288" HPOS="200" VPOS="1387" WIDTH="26" HEIGHT="24" CONTENT="in" WC="0.35" CC="75"/>
						<SP ID="P178_SP00255" HPOS="226" VPOS="1412" WIDTH="17"/>
						<String ID="P178_ST00289" HPOS="243" VPOS="1387" WIDTH="41" HEIGHT="24" CONTENT="the" WC="0.60" CC="740"/>
						<SP ID="P178_SP00256" HPOS="284" VPOS="1412" WIDTH="20"/>
						<String ID="P178_ST00290" HPOS="304" VPOS="1389" WIDTH="98" HEIGHT="22" CONTENT="autumn" WC="0.39" CC="784718"/>
						<SP ID="P178_SP00257" HPOS="402" VPOS="1412" WIDTH="19"/>
						<String ID="P178_ST00291" HPOS="421" VPOS="1387" WIDTH="123" HEIGHT="32" CONTENT="evenings." WC="0.65" CC="080838020"/>
						<SP ID="P178_SP00258" HPOS="544" VPOS="1419" WIDTH="38"/>
						<String ID="P178_ST00292" HPOS="582" VPOS="1388" WIDTH="31" HEIGHT="24" CONTENT="So" WC="0.58" CC="80"/>
						<SP ID="P178_SP00259" HPOS="613" VPOS="1419" WIDTH="19"/>
						<String ID="P178_ST00293" HPOS="632" VPOS="1388" WIDTH="31" HEIGHT="24" CONTENT="he" WC="0.67" CC="60"/>
						<SP ID="P178_SP00260" HPOS="663" VPOS="1419" WIDTH="18"/>
						<String ID="P178_ST00294" HPOS="681" VPOS="1389" WIDTH="91" HEIGHT="23" CONTENT="started" WC="0.62" CC="0006658"/>
						<SP ID="P178_SP00261" HPOS="772" VPOS="1419" WIDTH="18"/>
						<String ID="P178_ST00295" HPOS="790" VPOS="1396" WIDTH="39" HEIGHT="23" CONTENT="up," WC="0.54" CC="760"/>
						<SP ID="P178_SP00262" HPOS="829" VPOS="1419" WIDTH="14"/>
						<String ID="P178_ST00296" HPOS="843" VPOS="1387" WIDTH="44" HEIGHT="24" CONTENT="and" WC="0.45" CC="088"/>
					</TextLine>
					<TextLine ID="P178_TL00033" HPOS="122" VPOS="1430" WIDTH="765" HEIGHT="29">
						<String ID="P178_ST00297" HPOS="122" VPOS="1432" WIDTH="62" HEIGHT="22" CONTENT="went" WC="0.48" CC="8074"/>
						<SP ID="P178_SP00263" HPOS="184" VPOS="1454" WIDTH="18"/>
						<String ID="P178_ST00298" HPOS="202" VPOS="1430" WIDTH="35" HEIGHT="23" CONTENT="off" WC="0.82" CC="500"/>
						<SP ID="P178_SP00264" HPOS="237" VPOS="1454" WIDTH="14"/>
						<String ID="P178_ST00299" HPOS="251" VPOS="1431" WIDTH="25" HEIGHT="22" CONTENT="to" WC="1.00" CC="00"/>
						<SP ID="P178_SP00265" HPOS="276" VPOS="1454" WIDTH="19"/>
						<String ID="P178_ST00300" HPOS="295" VPOS="1437" WIDTH="39" HEIGHT="16" CONTENT="see" WC="0.82" CC="500"/>
						<SP ID="P178_SP00266" HPOS="334" VPOS="1454" WIDTH="19"/>
						<String ID="P178_ST00301" HPOS="353" VPOS="1430" WIDTH="61" HEIGHT="23" CONTENT="after" WC="0.42" CC="62478"/>
						<SP ID="P178_SP00267" HPOS="414" VPOS="1454" WIDTH="17"/>
						<String ID="P178_ST00302" HPOS="431" VPOS="1430" WIDTH="63" HEIGHT="23" CONTENT="Jack" WC="0.42" CC="6088"/>
						<String ID="P178_ST00303" HPOS="503" VPOS="1439" WIDTH="5" HEIGHT="20" CONTENT=";" WC="0.99" CC="0"/>
						<SP ID="P178_SP00268" HPOS="508" VPOS="1459" WIDTH="21"/>
						<String ID="P178_ST00304" HPOS="529" VPOS="1430" WIDTH="47" HEIGHT="24" CONTENT="and" WC="0.32" CC="477"/>
						<SP ID="P178_SP00269" HPOS="576" VPOS="1459" WIDTH="18"/>
						<String ID="P178_ST00305" HPOS="594" VPOS="1430" WIDTH="61" HEIGHT="24" CONTENT="Mrs." WC="0.62" CC="4630"/>
						<SP ID="P178_SP00270" HPOS="655" VPOS="1459" WIDTH="19"/>
						<String ID="P178_ST00306" HPOS="674" VPOS="1430" WIDTH="104" HEIGHT="24" CONTENT="Dawson" WC="0.37" CC="777608"/>
						<SP ID="P178_SP00271" HPOS="778" VPOS="1459" WIDTH="18"/>
						<String ID="P178_ST00307" HPOS="796" VPOS="1430" WIDTH="47" HEIGHT="23" CONTENT="and" WC="0.51" CC="068"/>
						<SP ID="P178_SP00272" HPOS="843" VPOS="1459" WIDTH="12"/>
						<String ID="P178_ST00308" HPOS="855" VPOS="1437" WIDTH="32" HEIGHT="16" CONTENT="we" WC="0.39" CC="74"/>
					</TextLine>
					<TextLine ID="P178_TL00034" HPOS="123" VPOS="1470" WIDTH="730" HEIGHT="31">
						<String ID="P178_ST00309" HPOS="123" VPOS="1471" WIDTH="62" HEIGHT="25" CONTENT="drew" WC="0.56" CC="8107"/>
						<SP ID="P178_SP00273" HPOS="185" VPOS="1496" WIDTH="12"/>
						<String ID="P178_ST00310" HPOS="197" VPOS="1479" WIDTH="85" HEIGHT="16" CONTENT="nearer" WC="0.50" CC="808336"/>
						<SP ID="P178_SP00274" HPOS="282" VPOS="1496" WIDTH="11"/>
						<String ID="P178_ST00311" HPOS="293" VPOS="1470" WIDTH="41" HEIGHT="25" CONTENT="the" WC="0.52" CC="770"/>
						<SP ID="P178_SP00275" HPOS="334" VPOS="1496" WIDTH="12"/>
						<String ID="P178_ST00312" HPOS="346" VPOS="1470" WIDTH="43" HEIGHT="24" CONTENT="fire" WC="0.83" CC="0060"/>
						<SP ID="P178_SP00276" HPOS="389" VPOS="1496" WIDTH="13"/>
						<String ID="P178_ST00313" HPOS="402" VPOS="1471" WIDTH="24" HEIGHT="23" CONTENT="to" WC="0.44" CC="64"/>
						<SP ID="P178_SP00277" HPOS="426" VPOS="1496" WIDTH="12"/>
						<String ID="P178_ST00314" HPOS="438" VPOS="1470" WIDTH="59" HEIGHT="24" CONTENT="hear" WC="0.42" CC="8085"/>
						<SP ID="P178_SP00278" HPOS="497" VPOS="1496" WIDTH="11"/>
						<String ID="P178_ST00315" HPOS="508" VPOS="1471" WIDTH="41" HEIGHT="24" CONTENT="the" WC="0.74" CC="420"/>
						<SP ID="P178_SP00279" HPOS="549" VPOS="1496" WIDTH="14"/>
						<String ID="P178_ST00316" HPOS="563" VPOS="1471" WIDTH="64" HEIGHT="30" CONTENT="story" WC="0.46" CC="72088"/>
						<SP ID="P178_SP00280" HPOS="627" VPOS="1501" WIDTH="13"/>
						<String ID="P178_ST00317" HPOS="640" VPOS="1470" WIDTH="73" HEIGHT="26" CONTENT="about" WC="0.42" CC="68562"/>
						<SP ID="P178_SP00281" HPOS="713" VPOS="1501" WIDTH="16"/>
						<String ID="P178_ST00318" HPOS="729" VPOS="1470" WIDTH="40" HEIGHT="25" CONTENT="Sir" WC="0.45" CC="716"/>
						<SP ID="P178_SP00282" HPOS="769" VPOS="1501" WIDTH="11"/>
						<String ID="P178_ST00319" HPOS="780" VPOS="1470" WIDTH="73" HEIGHT="24" CONTENT="John." WC="0.47" CC="60882"/>
					</TextLine>
				</TextBlock>
			</PrintSpace>
		</Page>
	</Layout>
</alto>
