<?xml version="1.0" encoding="UTF-8"?>
<alto xmlns:xsi="http://www.w3.org/2001/XMLSchema-instance" xsi:noNamespaceSchemaLocation="http://www.bl.uk/schemas/alto/alto-1-4.xsd" xmlns:xlink="http://www.w3.org/1999/xlink">
	<Description>
		<MeasurementUnit>mm10</MeasurementUnit>
		<sourceImageInformation>
			<fileName>//head1/IN/A0010339154/004772.jp2</fileName>
		</sourceImageInformation>
		<OCRProcessing ID="OCRPROCESSING_1">
			<preProcessingStep>
				<processingSoftware>
					<softwareCreator>CCS Content Conversion Specialists GmbH, Germany</softwareCreator>
					<softwareName>CCS docWORKS</softwareName>
					<softwareVersion>6.1-0.67</softwareVersion>
				</processingSoftware>
			</preProcessingStep>
			<ocrProcessingStep>
				<processingSoftware>
					<softwareCreator>ABBYY (BIT Software), Russia</softwareCreator>
					<softwareName>Finereader</softwareName>
				</processingSoftware>
			</ocrProcessingStep>
		</OCRProcessing>
	</Description>
	<Styles>
		<TextStyle ID="TXT_0" FONTSIZE="10" FONTFAMILY="Courier New"/>
		<TextStyle ID="TXT_1" FONTSIZE="11" FONTFAMILY="Courier New"/>
		<TextStyle ID="TXT_2" FONTSIZE="9" FONTFAMILY="Courier New"/>
		<ParagraphStyle ID="PAR_RIGHT" ALIGN="Right"/>
		<ParagraphStyle ID="PAR_CENTER" ALIGN="Center"/>
		<ParagraphStyle ID="PAR_LEFT" ALIGN="Left"/>
	</Styles>
	<Layout>
		<Page ID="P266" PHYSICAL_IMG_NR="266" HEIGHT="1694" WIDTH="967" PRINTED_IMG_NR="252" POSITION="Left" ACCURACY="50.64">
			<TopMargin ID="P266_TM00001" HPOS="0" VPOS="0" WIDTH="966" HEIGHT="156">
				<TextBlock ID="P266_TB00001" HPOS="405" VPOS="121" WIDTH="138" HEIGHT="33" STYLEREFS="TXT_0 PAR_RIGHT">
					<TextLine ID="P266_TL00001" HPOS="479" VPOS="144" WIDTH="64" HEIGHT="10">
						<String ID="P266_ST00001" HPOS="479" VPOS="144" WIDTH="64" HEIGHT="10" CONTENT="252" WC="1.00" CC="000"/>
					</TextLine>
				</TextBlock>
			</TopMargin>
			<LeftMargin ID="P266_LM00001" HPOS="0" VPOS="156" WIDTH="97" HEIGHT="1348"/>
			<RightMargin ID="P266_RM00001" HPOS="864" VPOS="156" WIDTH="102" HEIGHT="1348"/>
			<BottomMargin ID="P266_BM00001" HPOS="0" VPOS="1504" WIDTH="966" HEIGHT="190"/>
			<PrintSpace ID="P266_PS00001" HPOS="97" VPOS="156" WIDTH="767" HEIGHT="1348">
				<TextBlock ID="P266_TB00002" HPOS="241" VPOS="480" WIDTH="475" HEIGHT="42" STYLEREFS="TXT_1 PAR_CENTER">
					<TextLine ID="P266_TL00002" HPOS="242" VPOS="481" WIDTH="474" HEIGHT="41">
						<String ID="P266_ST00002" HPOS="242" VPOS="482" WIDTH="85" HEIGHT="31" CONTENT="THE" WC="0.49" CC="276"/>
						<SP ID="P266_SP00001" HPOS="327" VPOS="513" WIDTH="36"/>
						<String ID="P266_ST00003" HPOS="363" VPOS="482" WIDTH="183" HEIGHT="40" CONTENT="SQUIRE'S" WC="0.34" CC="76708768"/>
						<SP ID="P266_SP00002" HPOS="546" VPOS="522" WIDTH="36"/>
						<String ID="P266_ST00004" HPOS="582" VPOS="481" WIDTH="134" HEIGHT="33" CONTENT="STORY." WC="0.50" CC="736830"/>
					</TextLine>
				</TextBlock>
				<TextBlock ID="P266_TB00003" HPOS="97" VPOS="651" WIDTH="767" HEIGHT="853" STYLEREFS="TXT_2 PAR_LEFT">
					<TextLine ID="P266_TL00003" HPOS="99" VPOS="652" WIDTH="761" HEIGHT="31">
						<String ID="P266_ST00005" HPOS="99" VPOS="652" WIDTH="29" HEIGHT="23" CONTENT="In" WC="0.58" CC="08"/>
						<SP ID="P266_SP00003" HPOS="128" VPOS="675" WIDTH="13"/>
						<String ID="P266_ST00006" HPOS="141" VPOS="652" WIDTH="39" HEIGHT="23" CONTENT="the" WC="0.61" CC="380"/>
						<SP ID="P266_SP00004" HPOS="180" VPOS="675" WIDTH="13"/>
						<String ID="P266_ST00007" HPOS="193" VPOS="660" WIDTH="55" HEIGHT="23" CONTENT="year" WC="0.47" CC="8570"/>
						<SP ID="P266_SP00005" HPOS="248" VPOS="683" WIDTH="14"/>
						<String ID="P266_ST00008" HPOS="262" VPOS="653" WIDTH="74" HEIGHT="28" CONTENT="1769," WC="0.77" CC="16020"/>
						<SP ID="P266_SP00006" HPOS="336" VPOS="683" WIDTH="14"/>
						<String ID="P266_ST00009" HPOS="350" VPOS="653" WIDTH="40" HEIGHT="22" CONTENT="the" WC="0.48" CC="752"/>
						<SP ID="P266_SP00007" HPOS="390" VPOS="683" WIDTH="15"/>
						<String ID="P266_ST00010" HPOS="405" VPOS="652" WIDTH="61" HEIGHT="23" CONTENT="little" WC="0.50" CC="067627"/>
						<SP ID="P266_SP00008" HPOS="466" VPOS="683" WIDTH="16"/>
						<String ID="P266_ST00011" HPOS="482" VPOS="654" WIDTH="62" HEIGHT="21" CONTENT="town" WC="0.43" CC="3468"/>
						<SP ID="P266_SP00009" HPOS="544" VPOS="683" WIDTH="13"/>
						<String ID="P266_ST00012" HPOS="557" VPOS="652" WIDTH="26" HEIGHT="23" CONTENT="of" WC="0.79" CC="21"/>
						<SP ID="P266_SP00010" HPOS="583" VPOS="683" WIDTH="13"/>
						<String ID="P266_ST00013" HPOS="596" VPOS="652" WIDTH="100" HEIGHT="23" CONTENT="Barford" WC="0.46" CC="0657368"/>
						<SP ID="P266_SP00011" HPOS="696" VPOS="683" WIDTH="13"/>
						<String ID="P266_ST00014" HPOS="709" VPOS="659" WIDTH="47" HEIGHT="16" CONTENT="was" WC="0.34" CC="774"/>
						<SP ID="P266_SP00012" HPOS="756" VPOS="683" WIDTH="13"/>
						<String ID="P266_ST00015" HPOS="769" VPOS="652" WIDTH="91" HEIGHT="23" CONTENT="thrown" WC="0.38" CC="084788"/>
					</TextLine>
					<TextLine ID="P266_TL00004" HPOS="99" VPOS="692" WIDTH="762" HEIGHT="32">
						<String ID="P266_ST00016" HPOS="99" VPOS="692" WIDTH="49" HEIGHT="24" CONTENT="into" WC="0.38" CC="3884"/>
						<SP ID="P266_SP00013" HPOS="148" VPOS="716" WIDTH="13"/>
						<String ID="P266_ST00017" HPOS="161" VPOS="701" WIDTH="14" HEIGHT="15" CONTENT="a" WC="0.51" CC="4"/>
						<SP ID="P266_SP00014" HPOS="175" VPOS="716" WIDTH="12"/>
						<String ID="P266_ST00018" HPOS="187" VPOS="695" WIDTH="61" HEIGHT="21" CONTENT="state" WC="0.54" CC="05861"/>
						<SP ID="P266_SP00015" HPOS="248" VPOS="716" WIDTH="11"/>
						<String ID="P266_ST00019" HPOS="259" VPOS="693" WIDTH="25" HEIGHT="23" CONTENT="of" WC="0.80" CC="03"/>
						<SP ID="P266_SP00016" HPOS="284" VPOS="716" WIDTH="10"/>
						<String ID="P266_ST00020" HPOS="294" VPOS="694" WIDTH="67" HEIGHT="30" CONTENT="great" WC="0.57" CC="12466"/>
						<SP ID="P266_SP00017" HPOS="361" VPOS="724" WIDTH="12"/>
						<String ID="P266_ST00021" HPOS="373" VPOS="692" WIDTH="142" HEIGHT="24" CONTENT="excitement" WC="0.61" CC="4845400065"/>
						<SP ID="P266_SP00018" HPOS="515" VPOS="724" WIDTH="12"/>
						<String ID="P266_ST00022" HPOS="527" VPOS="693" WIDTH="31" HEIGHT="31" CONTENT="by" WC="0.20" CC="87"/>
						<SP ID="P266_SP00019" HPOS="558" VPOS="724" WIDTH="9"/>
						<String ID="P266_ST00023" HPOS="567" VPOS="693" WIDTH="41" HEIGHT="23" CONTENT="the" WC="0.55" CC="670"/>
						<SP ID="P266_SP00020" HPOS="608" VPOS="724" WIDTH="13"/>
						<String ID="P266_ST00024" HPOS="621" VPOS="692" WIDTH="151" HEIGHT="31" CONTENT="intelligence" WC="0.73" CC="173004000850"/>
						<SP ID="P266_SP00021" HPOS="772" VPOS="724" WIDTH="12"/>
						<String ID="P266_ST00025" HPOS="784" VPOS="692" WIDTH="51" HEIGHT="23" CONTENT="that" WC="0.36" CC="3767"/>
						<SP ID="P266_SP00022" HPOS="835" VPOS="724" WIDTH="14"/>
						<String ID="P266_ST00026" HPOS="849" VPOS="700" WIDTH="12" HEIGHT="15" CONTENT="a" WC="0.26" CC="7"/>
					</TextLine>
					<TextLine ID="P266_TL00005" HPOS="98" VPOS="733" WIDTH="762" HEIGHT="33">
						<String ID="P266_ST00027" HPOS="98" VPOS="735" WIDTH="136" HEIGHT="30" CONTENT="gentleman" WC="0.52" CC="818100678"/>
						<SP ID="P266_SP00023" HPOS="234" VPOS="765" WIDTH="14"/>
						<String ID="P266_ST00028" HPOS="248" VPOS="734" WIDTH="58" HEIGHT="32" CONTENT="(and" WC="0.40" CC="0688"/>
						<SP ID="P266_SP00024" HPOS="306" VPOS="766" WIDTH="19"/>
						<String ID="P266_ST00029" HPOS="325" VPOS="736" WIDTH="15" HEIGHT="11" CONTENT='"' WC="0.71" CC="2"/>
						<SP ID="P266_SP00025" HPOS="340" VPOS="766" WIDTH="13"/>
						<String ID="P266_ST00030" HPOS="353" VPOS="734" WIDTH="64" HEIGHT="31" CONTENT="quite" WC="0.64" CC="55320"/>
						<SP ID="P266_SP00026" HPOS="417" VPOS="766" WIDTH="17"/>
						<String ID="P266_ST00031" HPOS="434" VPOS="734" WIDTH="40" HEIGHT="24" CONTENT="the" WC="0.47" CC="780"/>
						<SP ID="P266_SP00027" HPOS="474" VPOS="766" WIDTH="14"/>
						<String ID="P266_ST00032" HPOS="488" VPOS="735" WIDTH="163" HEIGHT="30" CONTENT='gentleman,"' WC="0.74" CC="00800060705"/>
						<SP ID="P266_SP00028" HPOS="651" VPOS="766" WIDTH="19"/>
						<String ID="P266_ST00033" HPOS="670" VPOS="733" WIDTH="51" HEIGHT="25" CONTENT="said" WC="0.47" CC="6148"/>
						<SP ID="P266_SP00029" HPOS="721" VPOS="766" WIDTH="16"/>
						<String ID="P266_ST00034" HPOS="737" VPOS="733" WIDTH="41" HEIGHT="24" CONTENT="the" WC="0.66" CC="270"/>
						<SP ID="P266_SP00030" HPOS="778" VPOS="766" WIDTH="17"/>
						<String ID="P266_ST00035" HPOS="795" VPOS="734" WIDTH="65" HEIGHT="23" CONTENT="land" SUBS_TYPE="HypPart1" SUBS_CONTENT="landland" WC="0.27" CC="68884"/>
						<HYP CONTENT="-"/>
					</TextLine>
					<TextLine ID="P266_TL00006" HPOS="99" VPOS="774" WIDTH="761" HEIGHT="33">
						<String ID="P266_ST00036" HPOS="99" VPOS="775" WIDTH="55" HEIGHT="23" CONTENT="land" SUBS_TYPE="HypPart2" SUBS_CONTENT="landland" WC="0.18" CC="7888"/>
						<SP ID="P266_SP00031" HPOS="154" VPOS="798" WIDTH="15"/>
						<String ID="P266_ST00037" HPOS="169" VPOS="774" WIDTH="26" HEIGHT="24" CONTENT="of" WC="0.73" CC="50"/>
						<SP ID="P266_SP00032" HPOS="195" VPOS="798" WIDTH="14"/>
						<String ID="P266_ST00038" HPOS="209" VPOS="775" WIDTH="41" HEIGHT="23" CONTENT="the" WC="0.47" CC="780"/>
						<SP ID="P266_SP00033" HPOS="250" VPOS="798" WIDTH="17"/>
						<String ID="P266_ST00039" HPOS="267" VPOS="775" WIDTH="94" HEIGHT="31" CONTENT="George" WC="0.66" CC="704700"/>
						<SP ID="P266_SP00034" HPOS="361" VPOS="806" WIDTH="16"/>
						<String ID="P266_ST00040" HPOS="377" VPOS="774" WIDTH="57" HEIGHT="33" CONTENT="Inn)" WC="0.53" CC="2780"/>
						<SP ID="P266_SP00035" HPOS="434" VPOS="807" WIDTH="14"/>
						<String ID="P266_ST00041" HPOS="448" VPOS="774" WIDTH="48" HEIGHT="24" CONTENT="had" WC="0.29" CC="748"/>
						<SP ID="P266_SP00036" HPOS="496" VPOS="807" WIDTH="18"/>
						<String ID="P266_ST00042" HPOS="514" VPOS="775" WIDTH="60" HEIGHT="23" CONTENT="been" WC="0.61" CC="6008"/>
						<SP ID="P266_SP00037" HPOS="574" VPOS="807" WIDTH="16"/>
						<String ID="P266_ST00043" HPOS="590" VPOS="774" WIDTH="98" HEIGHT="32" CONTENT="looking" WC="0.50" CC="6328480"/>
						<SP ID="P266_SP00038" HPOS="688" VPOS="807" WIDTH="17"/>
						<String ID="P266_ST00044" HPOS="705" VPOS="776" WIDTH="23" HEIGHT="22" CONTENT="at" WC="0.49" CC="54"/>
						<SP ID="P266_SP00039" HPOS="728" VPOS="807" WIDTH="19"/>
						<String ID="P266_ST00045" HPOS="747" VPOS="774" WIDTH="46" HEIGHT="23" CONTENT="Mr." WC="0.62" CC="740"/>
						<SP ID="P266_SP00040" HPOS="793" VPOS="807" WIDTH="15"/>
						<String ID="P266_ST00046" HPOS="808" VPOS="774" WIDTH="52" HEIGHT="23" CONTENT="Cla" SUBS_TYPE="HypPart1" SUBS_CONTENT="Clavering's" WC="0.56" CC="5460"/>
						<HYP CONTENT="-"/>
					</TextLine>
					<TextLine ID="P266_TL00007" HPOS="98" VPOS="815" WIDTH="763" HEIGHT="32">
						<String ID="P266_ST00047" HPOS="98" VPOS="816" WIDTH="104" HEIGHT="31" CONTENT="vering's" SUBS_TYPE="HypPart2" SUBS_CONTENT="Clavering's" WC="0.61" CC="80318106"/>
						<SP ID="P266_SP00041" HPOS="202" VPOS="847" WIDTH="21"/>
						<String ID="P266_ST00048" HPOS="223" VPOS="816" WIDTH="39" HEIGHT="24" CONTENT="old" WC="0.57" CC="048"/>
						<SP ID="P266_SP00042" HPOS="262" VPOS="847" WIDTH="23"/>
						<String ID="P266_ST00049" HPOS="285" VPOS="816" WIDTH="83" HEIGHT="23" CONTENT="house." WC="0.69" CC="607210"/>
						<SP ID="P266_SP00043" HPOS="368" VPOS="847" WIDTH="50"/>
						<String ID="P266_ST00050" HPOS="418" VPOS="815" WIDTH="58" HEIGHT="24" CONTENT="This" WC="0.56" CC="6720"/>
						<SP ID="P266_SP00044" HPOS="476" VPOS="847" WIDTH="20"/>
						<String ID="P266_ST00051" HPOS="496" VPOS="815" WIDTH="75" HEIGHT="24" CONTENT="house" WC="0.52" CC="80851"/>
						<SP ID="P266_SP00045" HPOS="571" VPOS="847" WIDTH="20"/>
						<String ID="P266_ST00052" HPOS="591" VPOS="824" WIDTH="47" HEIGHT="15" CONTENT="was" WC="0.58" CC="705"/>
						<SP ID="P266_SP00046" HPOS="638" VPOS="847" WIDTH="24"/>
						<String ID="P266_ST00053" HPOS="662" VPOS="815" WIDTH="93" HEIGHT="24" CONTENT="neither" WC="0.49" CC="7036808"/>
						<SP ID="P266_SP00047" HPOS="755" VPOS="847" WIDTH="20"/>
						<String ID="P266_ST00054" HPOS="775" VPOS="815" WIDTH="25" HEIGHT="23" CONTENT="in" WC="0.59" CC="43"/>
						<SP ID="P266_SP00048" HPOS="800" VPOS="847" WIDTH="21"/>
						<String ID="P266_ST00055" HPOS="821" VPOS="815" WIDTH="40" HEIGHT="23" CONTENT="tho" WC="0.45" CC="168"/>
					</TextLine>
					<TextLine ID="P266_TL00008" HPOS="99" VPOS="856" WIDTH="762" HEIGHT="31">
						<String ID="P266_ST00056" HPOS="99" VPOS="859" WIDTH="61" HEIGHT="22" CONTENT="town" WC="0.25" CC="7768"/>
						<SP ID="P266_SP00049" HPOS="160" VPOS="881" WIDTH="22"/>
						<String ID="P266_ST00057" HPOS="182" VPOS="866" WIDTH="43" HEIGHT="15" CONTENT="nor" WC="0.51" CC="733"/>
						<SP ID="P266_SP00050" HPOS="225" VPOS="881" WIDTH="18"/>
						<String ID="P266_ST00058" HPOS="243" VPOS="857" WIDTH="26" HEIGHT="23" CONTENT="in" WC="0.38" CC="48"/>
						<SP ID="P266_SP00051" HPOS="269" VPOS="881" WIDTH="18"/>
						<String ID="P266_ST00059" HPOS="287" VPOS="857" WIDTH="41" HEIGHT="23" CONTENT="the" WC="0.73" CC="430"/>
						<SP ID="P266_SP00052" HPOS="328" VPOS="881" WIDTH="20"/>
						<String ID="P266_ST00060" HPOS="348" VPOS="857" WIDTH="107" HEIGHT="30" CONTENT="country." WC="0.53" CC="13680852"/>
						<SP ID="P266_SP00053" HPOS="455" VPOS="887" WIDTH="44"/>
						<String ID="P266_ST00061" HPOS="499" VPOS="857" WIDTH="25" HEIGHT="22" CONTENT="It" WC="0.52" CC="27"/>
						<SP ID="P266_SP00054" HPOS="524" VPOS="887" WIDTH="20"/>
						<String ID="P266_ST00062" HPOS="544" VPOS="857" WIDTH="68" HEIGHT="23" CONTENT="stood" WC="0.56" CC="53048"/>
						<SP ID="P266_SP00055" HPOS="612" VPOS="887" WIDTH="21"/>
						<String ID="P266_ST00063" HPOS="633" VPOS="865" WIDTH="30" HEIGHT="14" CONTENT="on" WC="0.59" CC="08"/>
						<SP ID="P266_SP00056" HPOS="663" VPOS="887" WIDTH="21"/>
						<String ID="P266_ST00064" HPOS="684" VPOS="857" WIDTH="40" HEIGHT="22" CONTENT="the" WC="0.57" CC="470"/>
						<SP ID="P266_SP00057" HPOS="724" VPOS="887" WIDTH="22"/>
						<String ID="P266_ST00065" HPOS="746" VPOS="856" WIDTH="115" HEIGHT="23" CONTENT="outskirts" WC="0.43" CC="056774575"/>
					</TextLine>
					<TextLine ID="P266_TL00009" HPOS="99" VPOS="896" WIDTH="762" HEIGHT="32">
						<String ID="P266_ST00066" HPOS="99" VPOS="898" WIDTH="26" HEIGHT="24" CONTENT="of" WC="0.45" CC="82"/>
						<SP ID="P266_SP00058" HPOS="125" VPOS="922" WIDTH="9"/>
						<String ID="P266_ST00067" HPOS="134" VPOS="898" WIDTH="108" HEIGHT="27" CONTENT="Barford," WC="0.46" CC="88046880"/>
						<SP ID="P266_SP00059" HPOS="242" VPOS="925" WIDTH="16"/>
						<String ID="P266_ST00068" HPOS="258" VPOS="906" WIDTH="29" HEIGHT="15" CONTENT="on" WC="0.40" CC="38"/>
						<SP ID="P266_SP00060" HPOS="287" VPOS="925" WIDTH="12"/>
						<String ID="P266_ST00069" HPOS="299" VPOS="897" WIDTH="41" HEIGHT="24" CONTENT="the" WC="0.53" CC="670"/>
						<SP ID="P266_SP00061" HPOS="340" VPOS="925" WIDTH="13"/>
						<String ID="P266_ST00070" HPOS="353" VPOS="896" WIDTH="120" HEIGHT="24" CONTENT="road-side" WC="0.52" CC="528804480"/>
						<SP ID="P266_SP00062" HPOS="473" VPOS="925" WIDTH="12"/>
						<String ID="P266_ST00071" HPOS="485" VPOS="896" WIDTH="94" HEIGHT="32" CONTENT="leading" WC="0.48" CC="6068165"/>
						<SP ID="P266_SP00063" HPOS="579" VPOS="928" WIDTH="12"/>
						<String ID="P266_ST00072" HPOS="591" VPOS="899" WIDTH="25" HEIGHT="21" CONTENT="to" WC="0.73" CC="22"/>
						<SP ID="P266_SP00064" HPOS="616" VPOS="928" WIDTH="12"/>
						<String ID="P266_ST00073" HPOS="628" VPOS="897" WIDTH="89" HEIGHT="31" CONTENT="Derby." WC="0.44" CC="834880"/>
						<SP ID="P266_SP00065" HPOS="717" VPOS="928" WIDTH="37"/>
						<String ID="P266_ST00074" HPOS="754" VPOS="897" WIDTH="50" HEIGHT="23" CONTENT="The" WC="0.49" CC="780"/>
						<SP ID="P266_SP00066" HPOS="804" VPOS="928" WIDTH="13"/>
						<String ID="P266_ST00075" HPOS="817" VPOS="896" WIDTH="44" HEIGHT="24" CONTENT="last" WC="0.66" CC="1055"/>
					</TextLine>
					<TextLine ID="P266_TL00010" HPOS="99" VPOS="938" WIDTH="762" HEIGHT="32">
						<String ID="P266_ST00076" HPOS="99" VPOS="940" WIDTH="116" HEIGHT="30" CONTENT="occupant" WC="0.36" CC="76148786"/>
						<SP ID="P266_SP00067" HPOS="215" VPOS="970" WIDTH="16"/>
						<String ID="P266_ST00077" HPOS="231" VPOS="939" WIDTH="48" HEIGHT="23" CONTENT="had" WC="0.33" CC="738"/>
						<SP ID="P266_SP00068" HPOS="279" VPOS="970" WIDTH="15"/>
						<String ID="P266_ST00078" HPOS="294" VPOS="939" WIDTH="61" HEIGHT="23" CONTENT="been" WC="0.34" CC="8557"/>
						<SP ID="P266_SP00069" HPOS="355" VPOS="970" WIDTH="13"/>
						<String ID="P266_ST00079" HPOS="368" VPOS="946" WIDTH="13" HEIGHT="16" CONTENT="a" WC="0.68" CC="3"/>
						<SP ID="P266_SP00070" HPOS="381" VPOS="970" WIDTH="13"/>
						<String ID="P266_ST00080" HPOS="394" VPOS="938" WIDTH="47" HEIGHT="23" CONTENT="Mr." WC="0.37" CC="683"/>
						<SP ID="P266_SP00071" HPOS="441" VPOS="970" WIDTH="15"/>
						<String ID="P266_ST00081" HPOS="456" VPOS="938" WIDTH="126" HEIGHT="31" CONTENT="Clavering" WC="0.48" CC="187707480"/>
						<String ID="P266_ST00082" HPOS="584" VPOS="952" WIDTH="32" HEIGHT="3" CONTENT="—" WC="0.20" CC="8"/>
						<String ID="P266_ST00083" HPOS="618" VPOS="946" WIDTH="13" HEIGHT="15" CONTENT="a" WC="0.57" CC="4"/>
						<SP ID="P266_SP00072" HPOS="631" VPOS="970" WIDTH="15"/>
						<String ID="P266_ST00084" HPOS="646" VPOS="938" WIDTH="215" HEIGHT="24" CONTENT="Northumberland" WC="0.40" CC="80868608048778"/>
					</TextLine>
					<TextLine ID="P266_TL00011" HPOS="98" VPOS="979" WIDTH="763" HEIGHT="33">
						<String ID="P266_ST00085" HPOS="98" VPOS="981" WIDTH="138" HEIGHT="31" CONTENT="gentleman" WC="0.35" CC="866647088"/>
						<SP ID="P266_SP00073" HPOS="236" VPOS="1012" WIDTH="21"/>
						<String ID="P266_ST00086" HPOS="257" VPOS="979" WIDTH="26" HEIGHT="24" CONTENT="of" WC="0.65" CC="06"/>
						<SP ID="P266_SP00074" HPOS="283" VPOS="1012" WIDTH="17"/>
						<String ID="P266_ST00087" HPOS="300" VPOS="980" WIDTH="61" HEIGHT="31" CONTENT="good" WC="0.80" CC="0008"/>
						<SP ID="P266_SP00075" HPOS="361" VPOS="1012" WIDTH="23"/>
						<String ID="P266_ST00088" HPOS="384" VPOS="979" WIDTH="82" HEIGHT="31" CONTENT="family" WC="0.45" CC="684228"/>
						<String ID="P266_ST00089" HPOS="468" VPOS="994" WIDTH="33" HEIGHT="1" CONTENT="—" WC="0.20" CC="8"/>
						<String ID="P266_ST00090" HPOS="502" VPOS="979" WIDTH="51" HEIGHT="23" CONTENT="who" WC="0.34" CC="883"/>
						<SP ID="P266_SP00076" HPOS="553" VPOS="1012" WIDTH="20"/>
						<String ID="P266_ST00091" HPOS="573" VPOS="979" WIDTH="47" HEIGHT="23" CONTENT="bad" WC="0.30" CC="838"/>
						<SP ID="P266_SP00077" HPOS="620" VPOS="1012" WIDTH="20"/>
						<String ID="P266_ST00092" HPOS="640" VPOS="987" WIDTH="66" HEIGHT="16" CONTENT="come" WC="0.70" CC="0271"/>
						<SP ID="P266_SP00078" HPOS="706" VPOS="1012" WIDTH="20"/>
						<String ID="P266_ST00093" HPOS="726" VPOS="980" WIDTH="24" HEIGHT="23" CONTENT="to" WC="0.75" CC="04"/>
						<SP ID="P266_SP00079" HPOS="750" VPOS="1012" WIDTH="21"/>
						<String ID="P266_ST00094" HPOS="771" VPOS="979" WIDTH="46" HEIGHT="24" CONTENT="live" WC="0.70" CC="0470"/>
						<SP ID="P266_SP00080" HPOS="817" VPOS="1012" WIDTH="20"/>
						<String ID="P266_ST00095" HPOS="837" VPOS="979" WIDTH="24" HEIGHT="24" CONTENT="in" WC="0.20" CC="78"/>
					</TextLine>
					<TextLine ID="P266_TL00012" HPOS="99" VPOS="1020" WIDTH="762" HEIGHT="31">
						<String ID="P266_ST00096" HPOS="99" VPOS="1021" WIDTH="101" HEIGHT="24" CONTENT="Barford" WC="0.49" CC="8700847"/>
						<SP ID="P266_SP00081" HPOS="200" VPOS="1045" WIDTH="12"/>
						<String ID="P266_ST00097" HPOS="212" VPOS="1021" WIDTH="68" HEIGHT="23" CONTENT="while" WC="0.48" CC="87540"/>
						<SP ID="P266_SP00082" HPOS="280" VPOS="1045" WIDTH="12"/>
						<String ID="P266_ST00098" HPOS="292" VPOS="1021" WIDTH="31" HEIGHT="23" CONTENT="he" WC="0.45" CC="82"/>
						<SP ID="P266_SP00083" HPOS="323" VPOS="1045" WIDTH="12"/>
						<String ID="P266_ST00099" HPOS="335" VPOS="1028" WIDTH="47" HEIGHT="16" CONTENT="was" WC="0.61" CC="802"/>
						<SP ID="P266_SP00084" HPOS="382" VPOS="1045" WIDTH="13"/>
						<String ID="P266_ST00100" HPOS="395" VPOS="1020" WIDTH="42" HEIGHT="24" CONTENT="but" WC="0.46" CC="563"/>
						<SP ID="P266_SP00085" HPOS="437" VPOS="1045" WIDTH="13"/>
						<String ID="P266_ST00101" HPOS="450" VPOS="1028" WIDTH="13" HEIGHT="16" CONTENT="a" WC="0.48" CC="5"/>
						<SP ID="P266_SP00086" HPOS="463" VPOS="1045" WIDTH="11"/>
						<String ID="P266_ST00102" HPOS="474" VPOS="1028" WIDTH="107" HEIGHT="23" CONTENT="younger" WC="0.42" CC="8348608"/>
						<SP ID="P266_SP00087" HPOS="581" VPOS="1051" WIDTH="13"/>
						<String ID="P266_ST00103" HPOS="594" VPOS="1028" WIDTH="43" HEIGHT="16" CONTENT="son" WC="0.49" CC="158"/>
						<SP ID="P266_SP00088" HPOS="637" VPOS="1051" WIDTH="9"/>
						<String ID="P266_ST00104" HPOS="646" VPOS="1029" WIDTH="6" HEIGHT="20" CONTENT=";" WC="1.00" CC="0"/>
						<SP ID="P266_SP00089" HPOS="652" VPOS="1051" WIDTH="14"/>
						<String ID="P266_ST00105" HPOS="666" VPOS="1020" WIDTH="43" HEIGHT="24" CONTENT="but" WC="0.25" CC="867"/>
						<SP ID="P266_SP00090" HPOS="709" VPOS="1051" WIDTH="9"/>
						<String ID="P266_ST00106" HPOS="718" VPOS="1021" WIDTH="67" HEIGHT="23" CONTENT="when" WC="0.30" CC="7828"/>
						<SP ID="P266_SP00091" HPOS="785" VPOS="1051" WIDTH="13"/>
						<String ID="P266_ST00107" HPOS="798" VPOS="1028" WIDTH="63" HEIGHT="17" CONTENT="some" WC="0.47" CC="6806"/>
					</TextLine>
					<TextLine ID="P266_TL00013" HPOS="99" VPOS="1062" WIDTH="762" HEIGHT="31">
						<String ID="P266_ST00108" HPOS="99" VPOS="1063" WIDTH="66" HEIGHT="24" CONTENT="elder" WC="0.50" CC="81842"/>
						<SP ID="P266_SP00092" HPOS="165" VPOS="1087" WIDTH="17"/>
						<String ID="P266_ST00109" HPOS="182" VPOS="1062" WIDTH="116" HEIGHT="24" CONTENT="branches" WC="0.46" CC="87770605"/>
						<SP ID="P266_SP00093" HPOS="298" VPOS="1087" WIDTH="20"/>
						<String ID="P266_ST00110" HPOS="318" VPOS="1062" WIDTH="26" HEIGHT="23" CONTENT="of" WC="0.95" CC="00"/>
						<SP ID="P266_SP00094" HPOS="344" VPOS="1087" WIDTH="14"/>
						<String ID="P266_ST00111" HPOS="358" VPOS="1062" WIDTH="41" HEIGHT="23" CONTENT="the" WC="0.51" CC="670"/>
						<SP ID="P266_SP00095" HPOS="399" VPOS="1087" WIDTH="17"/>
						<String ID="P266_ST00112" HPOS="416" VPOS="1062" WIDTH="84" HEIGHT="31" CONTENT="family" WC="0.57" CC="237327"/>
						<SP ID="P266_SP00096" HPOS="500" VPOS="1093" WIDTH="13"/>
						<String ID="P266_ST00113" HPOS="513" VPOS="1062" WIDTH="62" HEIGHT="28" CONTENT="died," WC="0.67" CC="70080"/>
						<SP ID="P266_SP00097" HPOS="575" VPOS="1093" WIDTH="20"/>
						<String ID="P266_ST00114" HPOS="595" VPOS="1062" WIDTH="30" HEIGHT="23" CONTENT="he" WC="0.58" CC="80"/>
						<SP ID="P266_SP00098" HPOS="625" VPOS="1093" WIDTH="19"/>
						<String ID="P266_ST00115" HPOS="644" VPOS="1062" WIDTH="47" HEIGHT="23" CONTENT="had" WC="0.25" CC="768"/>
						<SP ID="P266_SP00099" HPOS="691" VPOS="1093" WIDTH="17"/>
						<String ID="P266_ST00116" HPOS="708" VPOS="1062" WIDTH="112" HEIGHT="23" CONTENT="returned" WC="0.52" CC="80057808"/>
						<SP ID="P266_SP00100" HPOS="820" VPOS="1093" WIDTH="18"/>
						<String ID="P266_ST00117" HPOS="838" VPOS="1064" WIDTH="23" HEIGHT="21" CONTENT="to" WC="0.58" CC="08"/>
					</TextLine>
					<TextLine ID="P266_TL00014" HPOS="98" VPOS="1103" WIDTH="765" HEIGHT="32">
						<String ID="P266_ST00118" HPOS="98" VPOS="1105" WIDTH="57" HEIGHT="23" CONTENT="take" WC="0.53" CC="3662"/>
						<SP ID="P266_SP00101" HPOS="155" VPOS="1128" WIDTH="21"/>
						<String ID="P266_ST00119" HPOS="176" VPOS="1103" WIDTH="137" HEIGHT="32" CONTENT="possession" WC="0.69" CC="8101005147"/>
						<SP ID="P266_SP00102" HPOS="313" VPOS="1135" WIDTH="22"/>
						<String ID="P266_ST00120" HPOS="335" VPOS="1103" WIDTH="25" HEIGHT="24" CONTENT="of" WC="0.71" CC="04"/>
						<SP ID="P266_SP00103" HPOS="360" VPOS="1135" WIDTH="16"/>
						<String ID="P266_ST00121" HPOS="376" VPOS="1103" WIDTH="41" HEIGHT="24" CONTENT="the" WC="0.58" CC="470"/>
						<SP ID="P266_SP00104" HPOS="417" VPOS="1135" WIDTH="24"/>
						<String ID="P266_ST00122" HPOS="441" VPOS="1103" WIDTH="82" HEIGHT="30" CONTENT="family" WC="0.50" CC="670527"/>
						<SP ID="P266_SP00105" HPOS="523" VPOS="1135" WIDTH="19"/>
						<String ID="P266_ST00123" HPOS="542" VPOS="1105" WIDTH="85" HEIGHT="22" CONTENT="estate." WC="0.74" CC="0158020"/>
						<SP ID="P266_SP00106" HPOS="627" VPOS="1135" WIDTH="37"/>
						<String ID="P266_ST00124" HPOS="664" VPOS="1103" WIDTH="52" HEIGHT="23" CONTENT="The" WC="0.60" CC="650"/>
						<SP ID="P266_SP00107" HPOS="716" VPOS="1135" WIDTH="24"/>
						<String ID="P266_ST00125" HPOS="740" VPOS="1103" WIDTH="74" HEIGHT="23" CONTENT="house" WC="0.65" CC="80701"/>
						<SP ID="P266_SP00108" HPOS="814" VPOS="1135" WIDTH="24"/>
						<String ID="P266_ST00126" HPOS="838" VPOS="1103" WIDTH="25" HEIGHT="24" CONTENT="of" WC="0.68" CC="06"/>
					</TextLine>
					<TextLine ID="P266_TL00015" HPOS="99" VPOS="1144" WIDTH="763" HEIGHT="31">
						<String ID="P266_ST00127" HPOS="99" VPOS="1145" WIDTH="77" HEIGHT="23" CONTENT="which" WC="0.31" CC="88537"/>
						<SP ID="P266_SP00109" HPOS="176" VPOS="1168" WIDTH="20"/>
						<String ID="P266_ST00128" HPOS="196" VPOS="1144" WIDTH="13" HEIGHT="23" CONTENT="I" WC="0.82" CC="1"/>
						<SP ID="P266_SP00110" HPOS="209" VPOS="1168" WIDTH="20"/>
						<String ID="P266_ST00129" HPOS="229" VPOS="1144" WIDTH="74" HEIGHT="31" CONTENT="speak" WC="0.59" CC="18027"/>
						<SP ID="P266_SP00111" HPOS="303" VPOS="1175" WIDTH="21"/>
						<String ID="P266_ST00130" HPOS="324" VPOS="1152" WIDTH="46" HEIGHT="15" CONTENT="was" WC="0.54" CC="841"/>
						<SP ID="P266_SP00112" HPOS="370" VPOS="1175" WIDTH="22"/>
						<String ID="P266_ST00131" HPOS="392" VPOS="1144" WIDTH="77" HEIGHT="23" CONTENT="called" WC="0.46" CC="065648"/>
						<SP ID="P266_SP00113" HPOS="469" VPOS="1175" WIDTH="12"/>
						<String ID="P266_ST00132" HPOS="481" VPOS="1144" WIDTH="41" HEIGHT="23" CONTENT="the" WC="0.56" CC="480"/>
						<SP ID="P266_SP00114" HPOS="522" VPOS="1175" WIDTH="19"/>
						<String ID="P266_ST00133" HPOS="541" VPOS="1144" WIDTH="82" HEIGHT="23" CONTENT="White" WC="0.37" CC="77455"/>
						<SP ID="P266_SP00115" HPOS="623" VPOS="1175" WIDTH="21"/>
						<String ID="P266_ST00134" HPOS="644" VPOS="1144" WIDTH="92" HEIGHT="28" CONTENT="House," WC="0.62" CC="766200"/>
						<SP ID="P266_SP00116" HPOS="736" VPOS="1175" WIDTH="15"/>
						<String ID="P266_ST00135" HPOS="751" VPOS="1144" WIDTH="60" HEIGHT="23" CONTENT="from" WC="0.54" CC="2807"/>
						<SP ID="P266_SP00117" HPOS="811" VPOS="1175" WIDTH="21"/>
						<String ID="P266_ST00136" HPOS="832" VPOS="1144" WIDTH="30" HEIGHT="24" CONTENT="its" WC="0.23" CC="787"/>
					</TextLine>
					<TextLine ID="P266_TL00016" HPOS="99" VPOS="1184" WIDTH="762" HEIGHT="32">
						<String ID="P266_ST00137" HPOS="99" VPOS="1186" WIDTH="72" HEIGHT="30" CONTENT="being" WC="0.44" CC="84680"/>
						<SP ID="P266_SP00118" HPOS="171" VPOS="1216" WIDTH="12"/>
						<String ID="P266_ST00138" HPOS="183" VPOS="1185" WIDTH="98" HEIGHT="24" CONTENT="covered" WC="0.60" CC="0280808"/>
						<SP ID="P266_SP00119" HPOS="281" VPOS="1216" WIDTH="12"/>
						<String ID="P266_ST00139" HPOS="293" VPOS="1184" WIDTH="56" HEIGHT="24" CONTENT="with" WC="0.39" CC="8365"/>
						<SP ID="P266_SP00120" HPOS="349" VPOS="1216" WIDTH="13"/>
						<String ID="P266_ST00140" HPOS="362" VPOS="1193" WIDTH="13" HEIGHT="15" CONTENT="a" WC="0.29" CC="7"/>
						<SP ID="P266_SP00121" HPOS="375" VPOS="1216" WIDTH="13"/>
						<String ID="P266_ST00141" HPOS="388" VPOS="1184" WIDTH="97" HEIGHT="32" CONTENT="greyish" WC="0.55" CC="0548048"/>
						<SP ID="P266_SP00122" HPOS="485" VPOS="1216" WIDTH="17"/>
						<String ID="P266_ST00142" HPOS="502" VPOS="1184" WIDTH="60" HEIGHT="24" CONTENT="kind" WC="0.31" CC="6488"/>
						<SP ID="P266_SP00123" HPOS="562" VPOS="1216" WIDTH="17"/>
						<String ID="P266_ST00143" HPOS="579" VPOS="1184" WIDTH="27" HEIGHT="24" CONTENT="of" WC="0.61" CC="51"/>
						<SP ID="P266_SP00124" HPOS="606" VPOS="1216" WIDTH="16"/>
						<String ID="P266_ST00144" HPOS="622" VPOS="1186" WIDTH="90" HEIGHT="22" CONTENT="stucco." WC="0.57" CC="1456505"/>
						<SP ID="P266_SP00125" HPOS="712" VPOS="1216" WIDTH="37"/>
						<String ID="P266_ST00145" HPOS="749" VPOS="1185" WIDTH="23" HEIGHT="23" CONTENT="It" WC="0.47" CC="28"/>
						<SP ID="P266_SP00126" HPOS="772" VPOS="1216" WIDTH="17"/>
						<String ID="P266_ST00146" HPOS="789" VPOS="1185" WIDTH="47" HEIGHT="23" CONTENT="bad" WC="0.15" CC="888"/>
						<SP ID="P266_SP00127" HPOS="836" VPOS="1216" WIDTH="13"/>
						<String ID="P266_ST00147" HPOS="849" VPOS="1194" WIDTH="12" HEIGHT="14" CONTENT="a" WC="0.23" CC="7"/>
					</TextLine>
					<TextLine ID="P266_TL00017" HPOS="99" VPOS="1226" WIDTH="764" HEIGHT="32">
						<String ID="P266_ST00148" HPOS="99" VPOS="1227" WIDTH="63" HEIGHT="31" CONTENT="good" WC="0.59" CC="7008"/>
						<SP ID="P266_SP00128" HPOS="162" VPOS="1258" WIDTH="19"/>
						<String ID="P266_ST00149" HPOS="181" VPOS="1227" WIDTH="89" HEIGHT="31" CONTENT="garden" WC="0.45" CC="078708"/>
						<SP ID="P266_SP00129" HPOS="270" VPOS="1258" WIDTH="17"/>
						<String ID="P266_ST00150" HPOS="287" VPOS="1227" WIDTH="25" HEIGHT="22" CONTENT="to" WC="0.65" CC="60"/>
						<SP ID="P266_SP00130" HPOS="312" VPOS="1258" WIDTH="19"/>
						<String ID="P266_ST00151" HPOS="331" VPOS="1226" WIDTH="41" HEIGHT="23" CONTENT="the" WC="0.59" CC="452"/>
						<SP ID="P266_SP00131" HPOS="372" VPOS="1258" WIDTH="18"/>
						<String ID="P266_ST00152" HPOS="390" VPOS="1226" WIDTH="70" HEIGHT="29" CONTENT="back," WC="0.34" CC="87672"/>
						<SP ID="P266_SP00132" HPOS="460" VPOS="1258" WIDTH="14"/>
						<String ID="P266_ST00153" HPOS="474" VPOS="1227" WIDTH="47" HEIGHT="22" CONTENT="and" WC="0.44" CC="088"/>
						<SP ID="P266_SP00133" HPOS="521" VPOS="1258" WIDTH="18"/>
						<String ID="P266_ST00154" HPOS="539" VPOS="1226" WIDTH="47" HEIGHT="23" CONTENT="Mr." WC="0.50" CC="752"/>
						<SP ID="P266_SP00134" HPOS="586" VPOS="1258" WIDTH="15"/>
						<String ID="P266_ST00155" HPOS="601" VPOS="1226" WIDTH="127" HEIGHT="32" CONTENT="Clavering" WC="0.43" CC="788828080"/>
						<SP ID="P266_SP00135" HPOS="728" VPOS="1258" WIDTH="11"/>
						<String ID="P266_ST00156" HPOS="739" VPOS="1226" WIDTH="47" HEIGHT="24" CONTENT="had" WC="0.22" CC="778"/>
						<SP ID="P266_SP00136" HPOS="786" VPOS="1258" WIDTH="17"/>
						<String ID="P266_ST00157" HPOS="803" VPOS="1227" WIDTH="60" HEIGHT="22" CONTENT="built" WC="0.41" CC="81764"/>
					</TextLine>
					<TextLine ID="P266_TL00018" HPOS="99" VPOS="1266" WIDTH="764" HEIGHT="33">
						<String ID="P266_ST00158" HPOS="99" VPOS="1267" WIDTH="88" HEIGHT="32" CONTENT="capital" WC="0.34" CC="7883656"/>
						<SP ID="P266_SP00137" HPOS="187" VPOS="1299" WIDTH="13"/>
						<String ID="P266_ST00159" HPOS="200" VPOS="1267" WIDTH="97" HEIGHT="28" CONTENT="stables," WC="0.49" CC="66883150"/>
						<SP ID="P266_SP00138" HPOS="297" VPOS="1299" WIDTH="9"/>
						<String ID="P266_ST00160" HPOS="306" VPOS="1266" WIDTH="57" HEIGHT="24" CONTENT="with" WC="0.38" CC="8536"/>
						<SP ID="P266_SP00139" HPOS="363" VPOS="1299" WIDTH="9"/>
						<String ID="P266_ST00161" HPOS="372" VPOS="1267" WIDTH="63" HEIGHT="23" CONTENT="what" WC="0.23" CC="8876"/>
						<SP ID="P266_SP00140" HPOS="435" VPOS="1299" WIDTH="9"/>
						<String ID="P266_ST00162" HPOS="444" VPOS="1276" WIDTH="61" HEIGHT="15" CONTENT="were" WC="0.32" CC="8476"/>
						<SP ID="P266_SP00141" HPOS="505" VPOS="1299" WIDTH="13"/>
						<String ID="P266_ST00163" HPOS="518" VPOS="1267" WIDTH="57" HEIGHT="23" CONTENT="then" WC="0.45" CC="5808"/>
						<SP ID="P266_SP00142" HPOS="575" VPOS="1299" WIDTH="14"/>
						<String ID="P266_ST00164" HPOS="589" VPOS="1266" WIDTH="139" HEIGHT="25" CONTENT="considered" WC="0.60" CC="0080680807"/>
						<SP ID="P266_SP00143" HPOS="728" VPOS="1299" WIDTH="11"/>
						<String ID="P266_ST00165" HPOS="739" VPOS="1267" WIDTH="41" HEIGHT="24" CONTENT="the" WC="0.73" CC="070"/>
						<SP ID="P266_SP00144" HPOS="780" VPOS="1299" WIDTH="13"/>
						<String ID="P266_ST00166" HPOS="793" VPOS="1267" WIDTH="70" HEIGHT="24" CONTENT="latest" WC="0.51" CC="556406"/>
					</TextLine>
					<TextLine ID="P266_TL00019" HPOS="100" VPOS="1308" WIDTH="763" HEIGHT="32">
						<String ID="P266_ST00167" HPOS="100" VPOS="1310" WIDTH="192" HEIGHT="30" CONTENT="improvements." WC="0.61" CC="2675050618060"/>
						<SP ID="P266_SP00145" HPOS="292" VPOS="1340" WIDTH="28"/>
						<String ID="P266_ST00168" HPOS="320" VPOS="1309" WIDTH="50" HEIGHT="23" CONTENT="The" WC="0.47" CC="780"/>
						<SP ID="P266_SP00146" HPOS="370" VPOS="1340" WIDTH="13"/>
						<String ID="P266_ST00169" HPOS="383" VPOS="1308" WIDTH="68" HEIGHT="31" CONTENT="point" WC="0.40" CC="83387"/>
						<SP ID="P266_SP00147" HPOS="451" VPOS="1340" WIDTH="13"/>
						<String ID="P266_ST00170" HPOS="464" VPOS="1309" WIDTH="26" HEIGHT="23" CONTENT="of" WC="0.75" CC="04"/>
						<SP ID="P266_SP00148" HPOS="490" VPOS="1340" WIDTH="10"/>
						<String ID="P266_ST00171" HPOS="500" VPOS="1310" WIDTH="62" HEIGHT="30" CONTENT="good" WC="0.68" CC="0038"/>
						<SP ID="P266_SP00149" HPOS="562" VPOS="1340" WIDTH="12"/>
						<String ID="P266_ST00172" HPOS="574" VPOS="1309" WIDTH="105" HEIGHT="31" CONTENT="stabling" WC="0.52" CC="34381780"/>
						<SP ID="P266_SP00150" HPOS="679" VPOS="1340" WIDTH="12"/>
						<String ID="P266_ST00173" HPOS="691" VPOS="1317" WIDTH="47" HEIGHT="15" CONTENT="was" WC="0.26" CC="876"/>
						<SP ID="P266_SP00151" HPOS="738" VPOS="1340" WIDTH="13"/>
						<String ID="P266_ST00174" HPOS="751" VPOS="1309" WIDTH="112" HEIGHT="31" CONTENT="expected" WC="0.56" CC="08803068"/>
					</TextLine>
					<TextLine ID="P266_TL00020" HPOS="99" VPOS="1349" WIDTH="763" HEIGHT="33">
						<String ID="P266_ST00175" HPOS="99" VPOS="1351" WIDTH="25" HEIGHT="23" CONTENT="to" WC="0.52" CC="71"/>
						<SP ID="P266_SP00152" HPOS="124" VPOS="1374" WIDTH="18"/>
						<String ID="P266_ST00176" HPOS="142" VPOS="1350" WIDTH="34" HEIGHT="24" CONTENT="let" WC="0.71" CC="017"/>
						<SP ID="P266_SP00153" HPOS="176" VPOS="1374" WIDTH="13"/>
						<String ID="P266_ST00177" HPOS="189" VPOS="1349" WIDTH="41" HEIGHT="24" CONTENT="the" WC="0.56" CC="670"/>
						<SP ID="P266_SP00154" HPOS="230" VPOS="1374" WIDTH="18"/>
						<String ID="P266_ST00178" HPOS="248" VPOS="1349" WIDTH="83" HEIGHT="29" CONTENT="house," WC="0.58" CC="666500"/>
						<SP ID="P266_SP00155" HPOS="331" VPOS="1378" WIDTH="14"/>
						<String ID="P266_ST00179" HPOS="345" VPOS="1357" WIDTH="25" HEIGHT="16" CONTENT="as" WC="0.43" CC="74"/>
						<SP ID="P266_SP00156" HPOS="370" VPOS="1378" WIDTH="18"/>
						<String ID="P266_ST00180" HPOS="388" VPOS="1349" WIDTH="20" HEIGHT="23" CONTENT="it" WC="0.36" CC="57"/>
						<SP ID="P266_SP00157" HPOS="408" VPOS="1378" WIDTH="11"/>
						<String ID="P266_ST00181" HPOS="419" VPOS="1357" WIDTH="48" HEIGHT="16" CONTENT="was" WC="0.41" CC="853"/>
						<SP ID="P266_SP00158" HPOS="467" VPOS="1378" WIDTH="12"/>
						<String ID="P266_ST00182" HPOS="479" VPOS="1349" WIDTH="25" HEIGHT="24" CONTENT="in" WC="0.36" CC="57"/>
						<SP ID="P266_SP00159" HPOS="504" VPOS="1378" WIDTH="14"/>
						<String ID="P266_ST00183" HPOS="518" VPOS="1358" WIDTH="12" HEIGHT="15" CONTENT="a" WC="0.44" CC="5"/>
						<SP ID="P266_SP00160" HPOS="530" VPOS="1378" WIDTH="19"/>
						<String ID="P266_ST00184" HPOS="549" VPOS="1349" WIDTH="103" HEIGHT="33" CONTENT="hunting" WC="0.48" CC="8580580"/>
						<SP ID="P266_SP00161" HPOS="652" VPOS="1382" WIDTH="13"/>
						<String ID="P266_ST00185" HPOS="665" VPOS="1352" WIDTH="86" HEIGHT="30" CONTENT="county" WC="0.56" CC="027636"/>
						<String ID="P266_ST00186" HPOS="760" VPOS="1359" WIDTH="7" HEIGHT="21" CONTENT=";" WC="0.53" CC="4"/>
						<SP ID="P266_SP00162" HPOS="767" VPOS="1382" WIDTH="19"/>
						<String ID="P266_ST00187" HPOS="786" VPOS="1351" WIDTH="76" HEIGHT="24" CONTENT="other" SUBS_TYPE="HypPart1" SUBS_CONTENT="otherwise" WC="0.47" CC="375680"/>
						<HYP CONTENT="-"/>
					</TextLine>
					<TextLine ID="P266_TL00021" HPOS="99" VPOS="1390" WIDTH="765" HEIGHT="33">
						<String ID="P266_ST00188" HPOS="99" VPOS="1392" WIDTH="56" HEIGHT="23" CONTENT="wise" SUBS_TYPE="HypPart2" SUBS_CONTENT="otherwise" WC="0.70" CC="7400"/>
						<SP ID="P266_SP00163" HPOS="155" VPOS="1415" WIDTH="19"/>
						<String ID="P266_ST00189" HPOS="174" VPOS="1391" WIDTH="19" HEIGHT="24" CONTENT="it" WC="0.65" CC="06"/>
						<SP ID="P266_SP00164" HPOS="193" VPOS="1415" WIDTH="17"/>
						<String ID="P266_ST00190" HPOS="210" VPOS="1391" WIDTH="47" HEIGHT="24" CONTENT="had" WC="0.25" CC="677"/>
						<SP ID="P266_SP00165" HPOS="257" VPOS="1415" WIDTH="18"/>
						<String ID="P266_ST00191" HPOS="275" VPOS="1391" WIDTH="44" HEIGHT="24" CONTENT="few" WC="0.30" CC="848"/>
						<SP ID="P266_SP00166" HPOS="319" VPOS="1415" WIDTH="12"/>
						<String ID="P266_ST00192" HPOS="331" VPOS="1390" WIDTH="241" HEIGHT="25" CONTENT="recommendations." WC="0.58" CC="6052100878560841"/>
						<SP ID="P266_SP00167" HPOS="572" VPOS="1415" WIDTH="45"/>
						<String ID="P266_ST00193" HPOS="617" VPOS="1392" WIDTH="78" HEIGHT="23" CONTENT="There" WC="0.48" CC="78080"/>
						<SP ID="P266_SP00168" HPOS="695" VPOS="1415" WIDTH="20"/>
						<String ID="P266_ST00194" HPOS="715" VPOS="1400" WIDTH="59" HEIGHT="15" CONTENT="were" WC="0.65" CC="7060"/>
						<SP ID="P266_SP00169" HPOS="774" VPOS="1415" WIDTH="21"/>
						<String ID="P266_ST00195" HPOS="795" VPOS="1400" WIDTH="69" HEIGHT="23" CONTENT="many" WC="0.43" CC="8382"/>
					</TextLine>
					<TextLine ID="P266_TL00022" HPOS="99" VPOS="1431" WIDTH="765" HEIGHT="33">
						<String ID="P266_ST00196" HPOS="99" VPOS="1431" WIDTH="126" HEIGHT="24" CONTENT="bedrooms" WC="0.55" CC="85870204"/>
						<String ID="P266_ST00197" HPOS="235" VPOS="1440" WIDTH="5" HEIGHT="20" CONTENT=";" WC="1.00" CC="0"/>
						<SP ID="P266_SP00170" HPOS="240" VPOS="1460" WIDTH="21"/>
						<String ID="P266_ST00198" HPOS="261" VPOS="1439" WIDTH="64" HEIGHT="16" CONTENT="some" WC="0.59" CC="6350"/>
						<SP ID="P266_SP00171" HPOS="325" VPOS="1460" WIDTH="21"/>
						<String ID="P266_ST00199" HPOS="346" VPOS="1431" WIDTH="98" HEIGHT="24" CONTENT="entered" WC="0.50" CC="0660758"/>
						<SP ID="P266_SP00172" HPOS="444" VPOS="1460" WIDTH="20"/>
						<String ID="P266_ST00200" HPOS="464" VPOS="1432" WIDTH="105" HEIGHT="32" CONTENT="through" WC="0.51" CC="3771508"/>
						<SP ID="P266_SP00173" HPOS="569" VPOS="1464" WIDTH="22"/>
						<String ID="P266_ST00201" HPOS="591" VPOS="1432" WIDTH="88" HEIGHT="28" CONTENT="others," WC="0.36" CC="3776873"/>
						<SP ID="P266_SP00174" HPOS="679" VPOS="1464" WIDTH="22"/>
						<String ID="P266_ST00202" HPOS="701" VPOS="1441" WIDTH="60" HEIGHT="16" CONTENT="even" WC="0.30" CC="7757"/>
						<SP ID="P266_SP00175" HPOS="761" VPOS="1464" WIDTH="20"/>
						<String ID="P266_ST00203" HPOS="781" VPOS="1435" WIDTH="25" HEIGHT="22" CONTENT="to" WC="0.79" CC="21"/>
						<SP ID="P266_SP00176" HPOS="806" VPOS="1464" WIDTH="18"/>
						<String ID="P266_ST00204" HPOS="824" VPOS="1433" WIDTH="40" HEIGHT="23" CONTENT="the" WC="0.25" CC="677"/>
					</TextLine>
					<TextLine ID="P266_TL00023" HPOS="100" VPOS="1472" WIDTH="764" HEIGHT="32">
						<String ID="P266_ST00205" HPOS="100" VPOS="1473" WIDTH="101" HEIGHT="24" CONTENT="number" WC="0.38" CC="806876"/>
						<SP ID="P266_SP00177" HPOS="201" VPOS="1497" WIDTH="12"/>
						<String ID="P266_ST00206" HPOS="213" VPOS="1473" WIDTH="26" HEIGHT="24" CONTENT="of" WC="0.70" CC="50"/>
						<SP ID="P266_SP00178" HPOS="239" VPOS="1497" WIDTH="15"/>
						<String ID="P266_ST00207" HPOS="254" VPOS="1472" WIDTH="54" HEIGHT="29" CONTENT="five," WC="0.84" CC="00800"/>
						<SP ID="P266_SP00179" HPOS="308" VPOS="1501" WIDTH="15"/>
						<String ID="P266_ST00208" HPOS="323" VPOS="1472" WIDTH="96" HEIGHT="32" CONTENT="leading" WC="0.48" CC="0088486"/>
						<SP ID="P266_SP00180" HPOS="419" VPOS="1504" WIDTH="18"/>
						<String ID="P266_ST00209" HPOS="437" VPOS="1481" WIDTH="45" HEIGHT="16" CONTENT="one" WC="0.43" CC="385"/>
						<SP ID="P266_SP00181" HPOS="482" VPOS="1504" WIDTH="19"/>
						<String ID="P266_ST00210" HPOS="501" VPOS="1473" WIDTH="93" HEIGHT="31" CONTENT="beyond" WC="0.29" CC="758677"/>
						<SP ID="P266_SP00182" HPOS="594" VPOS="1504" WIDTH="18"/>
						<String ID="P266_ST00211" HPOS="612" VPOS="1474" WIDTH="40" HEIGHT="24" CONTENT="the" WC="0.22" CC="787"/>
						<SP ID="P266_SP00183" HPOS="652" VPOS="1504" WIDTH="20"/>
						<String ID="P266_ST00212" HPOS="672" VPOS="1474" WIDTH="67" HEIGHT="24" CONTENT="other" WC="0.61" CC="10736"/>
						<String ID="P266_ST00213" HPOS="749" VPOS="1482" WIDTH="6" HEIGHT="21" CONTENT=";" WC="0.32" CC="6"/>
						<SP ID="P266_SP00184" HPOS="755" VPOS="1504" WIDTH="21"/>
						<String ID="P266_ST00214" HPOS="776" VPOS="1474" WIDTH="88" HEIGHT="24" CONTENT="several" WC="0.56" CC="0270874"/>
					</TextLine>
				</TextBlock>
			</PrintSpace>
		</Page>
	</Layout>
</alto>
