<?xml version="1.0" encoding="UTF-8"?>
<alto xmlns:xsi="http://www.w3.org/2001/XMLSchema-instance" xsi:noNamespaceSchemaLocation="http://www.bl.uk/schemas/alto/alto-1-4.xsd" xmlns:xlink="http://www.w3.org/1999/xlink">
	<Description>
		<MeasurementUnit>mm10</MeasurementUnit>
		<sourceImageInformation>
			<fileName>//head1/IN/A0010339154/004752.jp2</fileName>
		</sourceImageInformation>
		<OCRProcessing ID="OCRPROCESSING_1">
			<preProcessingStep>
				<processingSoftware>
					<softwareCreator>CCS Content Conversion Specialists GmbH, Germany</softwareCreator>
					<softwareName>CCS docWORKS</softwareName>
					<softwareVersion>6.1-0.67</softwareVersion>
				</processingSoftware>
			</preProcessingStep>
			<ocrProcessingStep>
				<processingSoftware>
					<softwareCreator>ABBYY (BIT Software), Russia</softwareCreator>
					<softwareName>Finereader</softwareName>
				</processingSoftware>
			</ocrProcessingStep>
		</OCRProcessing>
	</Description>
	<Styles>
		<TextStyle ID="TXT_0" FONTSIZE="10" FONTFAMILY="Courier New"/>
		<TextStyle ID="TXT_1" FONTSIZE="9" FONTFAMILY="Courier New"/>
		<ParagraphStyle ID="PAR_LEFT" ALIGN="Left"/>
		<ParagraphStyle ID="PAR_CENTER" ALIGN="Center"/>
	</Styles>
	<Layout>
		<Page ID="P246" PHYSICAL_IMG_NR="246" HEIGHT="1694" WIDTH="967" PRINTED_IMG_NR="232" POSITION="Left" ACCURACY="52.66">
			<TopMargin ID="P246_TM00001" HPOS="0" VPOS="0" WIDTH="966" HEIGHT="152">
				<TextBlock ID="P246_TB00001" HPOS="121" VPOS="127" WIDTH="49" HEIGHT="23" STYLEREFS="TXT_0 PAR_LEFT">
					<TextLine ID="P246_TL00001" HPOS="122" VPOS="128" WIDTH="48" HEIGHT="22">
						<String ID="P246_ST00001" HPOS="122" VPOS="128" WIDTH="48" HEIGHT="22" CONTENT="232" WC="0.35" CC="567"/>
					</TextLine>
				</TextBlock>
				<TextBlock ID="P246_TB00002" HPOS="353" VPOS="133" WIDTH="297" HEIGHT="19" STYLEREFS="TXT_1 PAR_CENTER">
					<TextLine ID="P246_TL00002" HPOS="355" VPOS="134" WIDTH="295" HEIGHT="18">
						<String ID="P246_ST00002" HPOS="355" VPOS="134" WIDTH="40" HEIGHT="18" CONTENT="MY" WC="0.22" CC="77"/>
						<SP ID="P246_SP00001" HPOS="395" VPOS="152" WIDTH="17"/>
						<String ID="P246_ST00003" HPOS="412" VPOS="134" WIDTH="107" HEIGHT="18" CONTENT="FRENCH" WC="0.26" CC="686858"/>
						<SP ID="P246_SP00002" HPOS="519" VPOS="152" WIDTH="18"/>
						<String ID="P246_ST00004" HPOS="537" VPOS="134" WIDTH="113" HEIGHT="18" CONTENT="MASTER." WC="0.39" CC="8847580"/>
					</TextLine>
				</TextBlock>
			</TopMargin>
			<LeftMargin ID="P246_LM00001" HPOS="0" VPOS="152" WIDTH="117" HEIGHT="1267"/>
			<RightMargin ID="P246_RM00001" HPOS="879" VPOS="152" WIDTH="87" HEIGHT="1267"/>
			<BottomMargin ID="P246_BM00001" HPOS="0" VPOS="1419" WIDTH="966" HEIGHT="275"/>
			<PrintSpace ID="P246_PS00001" HPOS="117" VPOS="152" WIDTH="762" HEIGHT="1267">
				<TextBlock ID="P246_TB00003" HPOS="119" VPOS="195" WIDTH="759" HEIGHT="156" STYLEREFS="TXT_1 PAR_LEFT">
					<TextLine ID="P246_TL00003" HPOS="157" VPOS="196" WIDTH="721" HEIGHT="32">
						<String ID="P246_ST00005" HPOS="157" VPOS="197" WIDTH="67" HEIGHT="31" CONTENT='"My' WC="0.43" CC="466"/>
						<SP ID="P246_SP00003" HPOS="224" VPOS="228" WIDTH="12"/>
						<String ID="P246_ST00006" HPOS="236" VPOS="196" WIDTH="97" HEIGHT="30" CONTENT="friends," WC="0.44" CC="33767870"/>
						<SP ID="P246_SP00004" HPOS="333" VPOS="228" WIDTH="18"/>
						<String ID="P246_ST00007" HPOS="351" VPOS="196" WIDTH="53" HEIGHT="32" CONTENT="give" WC="0.49" CC="5761"/>
						<SP ID="P246_SP00005" HPOS="404" VPOS="228" WIDTH="13"/>
						<String ID="P246_ST00008" HPOS="417" VPOS="205" WIDTH="38" HEIGHT="16" CONTENT="me" WC="0.62" CC="60"/>
						<SP ID="P246_SP00006" HPOS="455" VPOS="228" WIDTH="13"/>
						<String ID="P246_ST00009" HPOS="468" VPOS="197" WIDTH="78" HEIGHT="31" CONTENT='joy!"' WC="0.58" CC="43804"/>
						<SP ID="P246_SP00007" HPOS="546" VPOS="228" WIDTH="19"/>
						<String ID="P246_ST00010" HPOS="565" VPOS="196" WIDTH="30" HEIGHT="24" CONTENT="he" WC="0.59" CC="80"/>
						<SP ID="P246_SP00008" HPOS="595" VPOS="228" WIDTH="18"/>
						<String ID="P246_ST00011" HPOS="613" VPOS="196" WIDTH="60" HEIGHT="24" CONTENT="said." WC="0.33" CC="76684"/>
						<SP ID="P246_SP00009" HPOS="673" VPOS="228" WIDTH="38"/>
						<String ID="P246_ST00012" HPOS="711" VPOS="199" WIDTH="15" HEIGHT="11" CONTENT='"' WC="0.50" CC="4"/>
						<SP ID="P246_SP00010" HPOS="726" VPOS="228" WIDTH="13"/>
						<String ID="P246_ST00013" HPOS="739" VPOS="196" WIDTH="50" HEIGHT="24" CONTENT="The" WC="0.51" CC="680"/>
						<SP ID="P246_SP00011" HPOS="789" VPOS="228" WIDTH="16"/>
						<String ID="P246_ST00014" HPOS="805" VPOS="196" WIDTH="73" HEIGHT="25" CONTENT="Bour" SUBS_TYPE="HypPart1" SUBS_CONTENT="Bourbons" WC="0.50" CC="74722"/>
						<HYP CONTENT="-"/>
					</TextLine>
					<TextLine ID="P246_TL00004" HPOS="120" VPOS="238" WIDTH="758" HEIGHT="31">
						<String ID="P246_ST00015" HPOS="120" VPOS="239" WIDTH="81" HEIGHT="23" CONTENT='bons"' SUBS_TYPE="HypPart2" SUBS_CONTENT="Bourbons" WC="0.50" CC="84540"/>
						<String ID="P246_ST00016" HPOS="202" VPOS="252" WIDTH="34" HEIGHT="4" CONTENT="—" WC="0.20" CC="8"/>
						<String ID="P246_ST00017" HPOS="237" VPOS="239" WIDTH="30" HEIGHT="23" CONTENT="he" WC="0.64" CC="70"/>
						<SP ID="P246_SP00012" HPOS="267" VPOS="262" WIDTH="12"/>
						<String ID="P246_ST00018" HPOS="279" VPOS="238" WIDTH="70" HEIGHT="24" CONTENT="could" WC="0.52" CC="06528"/>
						<SP ID="P246_SP00013" HPOS="349" VPOS="262" WIDTH="17"/>
						<String ID="P246_ST00019" HPOS="366" VPOS="239" WIDTH="42" HEIGHT="22" CONTENT="not" WC="0.64" CC="810"/>
						<SP ID="P246_SP00014" HPOS="408" VPOS="262" WIDTH="15"/>
						<String ID="P246_ST00020" HPOS="423" VPOS="246" WIDTH="29" HEIGHT="23" CONTENT="go" WC="0.90" CC="02"/>
						<SP ID="P246_SP00015" HPOS="452" VPOS="269" WIDTH="14"/>
						<String ID="P246_ST00021" HPOS="466" VPOS="246" WIDTH="29" HEIGHT="15" CONTENT="on" WC="0.39" CC="38"/>
						<SP ID="P246_SP00016" HPOS="495" VPOS="269" WIDTH="11"/>
						<String ID="P246_ST00022" HPOS="506" VPOS="246" WIDTH="6" HEIGHT="21" CONTENT=";" WC="0.42" CC="5"/>
						<SP ID="P246_SP00017" HPOS="512" VPOS="269" WIDTH="21"/>
						<String ID="P246_ST00023" HPOS="533" VPOS="238" WIDTH="37" HEIGHT="23" CONTENT="his" WC="0.33" CC="756"/>
						<SP ID="P246_SP00018" HPOS="570" VPOS="269" WIDTH="12"/>
						<String ID="P246_ST00024" HPOS="582" VPOS="238" WIDTH="112" HEIGHT="29" CONTENT="features," WC="0.63" CC="327317060"/>
						<SP ID="P246_SP00019" HPOS="694" VPOS="269" WIDTH="14"/>
						<String ID="P246_ST00025" HPOS="708" VPOS="245" WIDTH="54" HEIGHT="24" CONTENT="nay," WC="0.39" CC="8870"/>
						<SP ID="P246_SP00020" HPOS="762" VPOS="269" WIDTH="14"/>
						<String ID="P246_ST00026" HPOS="776" VPOS="238" WIDTH="37" HEIGHT="23" CONTENT="his" WC="0.52" CC="760"/>
						<SP ID="P246_SP00021" HPOS="813" VPOS="269" WIDTH="13"/>
						<String ID="P246_ST00027" HPOS="826" VPOS="246" WIDTH="52" HEIGHT="23" CONTENT="very" WC="0.39" CC="7483"/>
					</TextLine>
					<TextLine ID="P246_TL00005" HPOS="121" VPOS="279" WIDTH="757" HEIGHT="32">
						<String ID="P246_ST00028" HPOS="121" VPOS="280" WIDTH="98" HEIGHT="31" CONTENT="fingers," WC="0.76" CC="22800310"/>
						<SP ID="P246_SP00022" HPOS="219" VPOS="311" WIDTH="15"/>
						<String ID="P246_ST00029" HPOS="234" VPOS="280" WIDTH="93" HEIGHT="24" CONTENT="worked" WC="0.41" CC="818628"/>
						<SP ID="P246_SP00023" HPOS="327" VPOS="311" WIDTH="12"/>
						<String ID="P246_ST00030" HPOS="339" VPOS="280" WIDTH="56" HEIGHT="24" CONTENT="with" WC="0.53" CC="7407"/>
						<SP ID="P246_SP00024" HPOS="395" VPOS="311" WIDTH="16"/>
						<String ID="P246_ST00031" HPOS="411" VPOS="279" WIDTH="124" HEIGHT="32" CONTENT="agitation," WC="0.61" CC="3014666080"/>
						<SP ID="P246_SP00025" HPOS="535" VPOS="311" WIDTH="14"/>
						<String ID="P246_ST00032" HPOS="549" VPOS="279" WIDTH="43" HEIGHT="24" CONTENT="but" WC="0.23" CC="877"/>
						<SP ID="P246_SP00026" HPOS="592" VPOS="311" WIDTH="18"/>
						<String ID="P246_ST00033" HPOS="610" VPOS="279" WIDTH="30" HEIGHT="25" CONTENT="he" WC="0.64" CC="70"/>
						<SP ID="P246_SP00027" HPOS="640" VPOS="311" WIDTH="18"/>
						<String ID="P246_ST00034" HPOS="658" VPOS="279" WIDTH="68" HEIGHT="25" CONTENT="could" WC="0.69" CC="00708"/>
						<SP ID="P246_SP00028" HPOS="726" VPOS="311" WIDTH="17"/>
						<String ID="P246_ST00035" HPOS="743" VPOS="281" WIDTH="41" HEIGHT="23" CONTENT="not" WC="0.44" CC="816"/>
						<SP ID="P246_SP00029" HPOS="784" VPOS="311" WIDTH="14"/>
						<String ID="P246_ST00036" HPOS="798" VPOS="279" WIDTH="80" HEIGHT="32" CONTENT="speak." WC="0.43" CC="581486"/>
					</TextLine>
					<TextLine ID="P246_TL00006" HPOS="123" VPOS="320" WIDTH="464" HEIGHT="31">
						<String ID="P246_ST00037" HPOS="123" VPOS="321" WIDTH="42" HEIGHT="30" CONTENT="My" WC="0.61" CC="34"/>
						<SP ID="P246_SP00030" HPOS="165" VPOS="351" WIDTH="11"/>
						<String ID="P246_ST00038" HPOS="176" VPOS="321" WIDTH="78" HEIGHT="23" CONTENT="father" WC="0.63" CC="007805"/>
						<SP ID="P246_SP00031" HPOS="254" VPOS="351" WIDTH="12"/>
						<String ID="P246_ST00039" HPOS="266" VPOS="321" WIDTH="116" HEIGHT="23" CONTENT="hastened" WC="0.58" CC="48150508"/>
						<SP ID="P246_SP00032" HPOS="382" VPOS="351" WIDTH="12"/>
						<String ID="P246_ST00040" HPOS="394" VPOS="322" WIDTH="24" HEIGHT="22" CONTENT="to" WC="0.73" CC="50"/>
						<SP ID="P246_SP00033" HPOS="418" VPOS="351" WIDTH="13"/>
						<String ID="P246_ST00041" HPOS="431" VPOS="320" WIDTH="86" HEIGHT="24" CONTENT="relieve" WC="0.56" CC="5126680"/>
						<SP ID="P246_SP00034" HPOS="517" VPOS="351" WIDTH="12"/>
						<String ID="P246_ST00042" HPOS="529" VPOS="320" WIDTH="58" HEIGHT="24" CONTENT="him." WC="0.40" CC="6762"/>
					</TextLine>
				</TextBlock>
				<TextBlock ID="P246_TB00004" HPOS="120" VPOS="359" WIDTH="759" HEIGHT="241" STYLEREFS="TXT_1 PAR_LEFT">
					<TextLine ID="P246_TL00007" HPOS="159" VPOS="361" WIDTH="720" HEIGHT="33">
						<String ID="P246_ST00043" HPOS="159" VPOS="365" WIDTH="15" HEIGHT="10" CONTENT='"' WC="0.52" CC="4"/>
						<SP ID="P246_SP00035" HPOS="174" VPOS="375" WIDTH="11"/>
						<String ID="P246_ST00044" HPOS="185" VPOS="361" WIDTH="44" HEIGHT="25" CONTENT="We" WC="0.59" CC="80"/>
						<SP ID="P246_SP00036" HPOS="229" VPOS="386" WIDTH="17"/>
						<String ID="P246_ST00045" HPOS="246" VPOS="361" WIDTH="59" HEIGHT="24" CONTENT="have" WC="0.40" CC="7780"/>
						<SP ID="P246_SP00037" HPOS="305" VPOS="386" WIDTH="15"/>
						<String ID="P246_ST00046" HPOS="320" VPOS="361" WIDTH="74" HEIGHT="24" CONTENT="heard" WC="0.35" CC="75648"/>
						<SP ID="P246_SP00038" HPOS="394" VPOS="386" WIDTH="17"/>
						<String ID="P246_ST00047" HPOS="411" VPOS="361" WIDTH="41" HEIGHT="24" CONTENT="the" WC="0.52" CC="670"/>
						<SP ID="P246_SP00039" HPOS="452" VPOS="386" WIDTH="13"/>
						<String ID="P246_ST00048" HPOS="465" VPOS="361" WIDTH="61" HEIGHT="32" CONTENT="good" WC="0.75" CC="0018"/>
						<SP ID="P246_SP00040" HPOS="526" VPOS="393" WIDTH="13"/>
						<String ID="P246_ST00049" HPOS="539" VPOS="370" WIDTH="64" HEIGHT="15" CONTENT="news" WC="0.43" CC="8084"/>
						<SP ID="P246_SP00041" HPOS="603" VPOS="393" WIDTH="13"/>
						<String ID="P246_ST00050" HPOS="616" VPOS="361" WIDTH="56" HEIGHT="33" CONTENT="(you" WC="0.62" CC="1706"/>
						<SP ID="P246_SP00042" HPOS="672" VPOS="394" WIDTH="14"/>
						<String ID="P246_ST00051" HPOS="686" VPOS="370" WIDTH="47" HEIGHT="20" CONTENT="see," WC="0.79" CC="6000"/>
						<SP ID="P246_SP00043" HPOS="733" VPOS="394" WIDTH="13"/>
						<String ID="P246_ST00052" HPOS="746" VPOS="361" WIDTH="65" HEIGHT="33" CONTENT="girls," WC="0.46" CC="818760"/>
						<SP ID="P246_SP00044" HPOS="811" VPOS="394" WIDTH="13"/>
						<String ID="P246_ST00053" HPOS="824" VPOS="361" WIDTH="19" HEIGHT="24" CONTENT="it" WC="0.30" CC="66"/>
						<SP ID="P246_SP00045" HPOS="843" VPOS="394" WIDTH="16"/>
						<String ID="P246_ST00054" HPOS="859" VPOS="361" WIDTH="20" HEIGHT="25" CONTENT="is" WC="0.33" CC="76"/>
					</TextLine>
					<TextLine ID="P246_TL00008" HPOS="123" VPOS="402" WIDTH="756" HEIGHT="33">
						<String ID="P246_ST00055" HPOS="123" VPOS="403" WIDTH="66" HEIGHT="32" CONTENT="quite" WC="0.50" CC="48550"/>
						<SP ID="P246_SP00046" HPOS="189" VPOS="435" WIDTH="18"/>
						<String ID="P246_ST00056" HPOS="207" VPOS="405" WIDTH="52" HEIGHT="22" CONTENT="true" WC="0.61" CC="0780"/>
						<SP ID="P246_SP00047" HPOS="259" VPOS="435" WIDTH="18"/>
						<String ID="P246_ST00057" HPOS="277" VPOS="402" WIDTH="49" HEIGHT="25" CONTENT="this" WC="0.52" CC="0666"/>
						<SP ID="P246_SP00048" HPOS="326" VPOS="435" WIDTH="18"/>
						<String ID="P246_ST00058" HPOS="344" VPOS="402" WIDTH="78" HEIGHT="33" CONTENT="time)." WC="0.76" CC="161500"/>
						<SP ID="P246_SP00049" HPOS="422" VPOS="435" WIDTH="36"/>
						<String ID="P246_ST00059" HPOS="458" VPOS="403" WIDTH="14" HEIGHT="23" CONTENT="I" WC="0.81" CC="1"/>
						<SP ID="P246_SP00050" HPOS="472" VPOS="435" WIDTH="12"/>
						<String ID="P246_ST00060" HPOS="484" VPOS="403" WIDTH="29" HEIGHT="24" CONTENT="do" WC="0.29" CC="85"/>
						<SP ID="P246_SP00051" HPOS="513" VPOS="435" WIDTH="17"/>
						<String ID="P246_ST00061" HPOS="530" VPOS="403" WIDTH="163" HEIGHT="31" CONTENT="congratulate" WC="0.61" CC="038054374700"/>
						<SP ID="P246_SP00052" HPOS="693" VPOS="435" WIDTH="13"/>
						<String ID="P246_ST00062" HPOS="706" VPOS="411" WIDTH="54" HEIGHT="23" CONTENT="you," WC="0.60" CC="6071"/>
						<SP ID="P246_SP00053" HPOS="760" VPOS="435" WIDTH="14"/>
						<String ID="P246_ST00063" HPOS="774" VPOS="411" WIDTH="39" HEIGHT="23" CONTENT="my" WC="0.23" CC="86"/>
						<SP ID="P246_SP00054" HPOS="813" VPOS="435" WIDTH="13"/>
						<String ID="P246_ST00064" HPOS="826" VPOS="404" WIDTH="53" HEIGHT="23" CONTENT="dear" WC="0.18" CC="8788"/>
					</TextLine>
					<TextLine ID="P246_TL00009" HPOS="121" VPOS="444" WIDTH="758" HEIGHT="32">
						<String ID="P246_ST00065" HPOS="121" VPOS="444" WIDTH="85" HEIGHT="24" CONTENT="friend." WC="0.53" CC="4452680"/>
						<SP ID="P246_SP00055" HPOS="206" VPOS="468" WIDTH="36"/>
						<String ID="P246_ST00066" HPOS="242" VPOS="444" WIDTH="13" HEIGHT="23" CONTENT="I" WC="1.00" CC="0"/>
						<SP ID="P246_SP00056" HPOS="255" VPOS="468" WIDTH="13"/>
						<String ID="P246_ST00067" HPOS="268" VPOS="452" WIDTH="38" HEIGHT="16" CONTENT="am" WC="0.46" CC="54"/>
						<SP ID="P246_SP00057" HPOS="306" VPOS="468" WIDTH="12"/>
						<String ID="P246_ST00068" HPOS="318" VPOS="444" WIDTH="80" HEIGHT="32" CONTENT='glad."' WC="0.59" CC="038606"/>
						<SP ID="P246_SP00058" HPOS="398" VPOS="476" WIDTH="37"/>
						<String ID="P246_ST00069" HPOS="435" VPOS="444" WIDTH="54" HEIGHT="23" CONTENT="And" WC="0.18" CC="788"/>
						<SP ID="P246_SP00059" HPOS="489" VPOS="476" WIDTH="16"/>
						<String ID="P246_ST00070" HPOS="505" VPOS="444" WIDTH="30" HEIGHT="23" CONTENT="he" WC="0.38" CC="74"/>
						<SP ID="P246_SP00060" HPOS="535" VPOS="476" WIDTH="13"/>
						<String ID="P246_ST00071" HPOS="548" VPOS="444" WIDTH="79" HEIGHT="24" CONTENT="seized" WC="0.66" CC="400068"/>
						<SP ID="P246_SP00061" HPOS="627" VPOS="476" WIDTH="16"/>
						<String ID="P246_ST00072" HPOS="643" VPOS="444" WIDTH="34" HEIGHT="23" CONTENT="M." WC="0.73" CC="50"/>
						<SP ID="P246_SP00062" HPOS="677" VPOS="476" WIDTH="20"/>
						<String ID="P246_ST00073" HPOS="697" VPOS="444" WIDTH="29" HEIGHT="24" CONTENT="de" WC="0.58" CC="80"/>
						<SP ID="P246_SP00063" HPOS="726" VPOS="476" WIDTH="18"/>
						<String ID="P246_ST00074" HPOS="744" VPOS="444" WIDTH="135" HEIGHT="24" CONTENT="Chalabre's" WC="0.43" CC="0704888646"/>
					</TextLine>
					<TextLine ID="P246_TL00010" HPOS="122" VPOS="485" WIDTH="757" HEIGHT="32">
						<String ID="P246_ST00075" HPOS="122" VPOS="486" WIDTH="64" HEIGHT="24" CONTENT="hand" WC="0.34" CC="6387"/>
						<SP ID="P246_SP00064" HPOS="186" VPOS="510" WIDTH="17"/>
						<String ID="P246_ST00076" HPOS="203" VPOS="485" WIDTH="25" HEIGHT="24" CONTENT="in" WC="0.59" CC="08"/>
						<SP ID="P246_SP00065" HPOS="228" VPOS="510" WIDTH="12"/>
						<String ID="P246_ST00077" HPOS="240" VPOS="485" WIDTH="38" HEIGHT="25" CONTENT="his" WC="0.34" CC="856"/>
						<SP ID="P246_SP00066" HPOS="278" VPOS="510" WIDTH="12"/>
						<String ID="P246_ST00078" HPOS="290" VPOS="493" WIDTH="51" HEIGHT="17" CONTENT="own" WC="0.48" CC="077"/>
						<SP ID="P246_SP00067" HPOS="341" VPOS="510" WIDTH="17"/>
						<String ID="P246_ST00079" HPOS="358" VPOS="485" WIDTH="85" HEIGHT="32" CONTENT="hearty" WC="0.35" CC="707778"/>
						<SP ID="P246_SP00068" HPOS="443" VPOS="517" WIDTH="12"/>
						<String ID="P246_ST00080" HPOS="455" VPOS="485" WIDTH="75" HEIGHT="32" CONTENT="gripe," WC="0.43" CC="487850"/>
						<SP ID="P246_SP00069" HPOS="530" VPOS="517" WIDTH="14"/>
						<String ID="P246_ST00081" HPOS="544" VPOS="485" WIDTH="46" HEIGHT="24" CONTENT="and" WC="0.24" CC="688"/>
						<SP ID="P246_SP00070" HPOS="590" VPOS="517" WIDTH="18"/>
						<String ID="P246_ST00082" HPOS="608" VPOS="485" WIDTH="102" HEIGHT="31" CONTENT="brought" WC="0.28" CC="7755877"/>
						<SP ID="P246_SP00071" HPOS="710" VPOS="517" WIDTH="16"/>
						<String ID="P246_ST00083" HPOS="726" VPOS="485" WIDTH="42" HEIGHT="24" CONTENT="the" WC="0.45" CC="870"/>
						<SP ID="P246_SP00072" HPOS="768" VPOS="517" WIDTH="12"/>
						<String ID="P246_ST00084" HPOS="780" VPOS="493" WIDTH="99" HEIGHT="16" CONTENT="nervous" WC="0.48" CC="7088065"/>
					</TextLine>
					<TextLine ID="P246_TL00011" HPOS="122" VPOS="526" WIDTH="756" HEIGHT="33">
						<String ID="P246_ST00085" HPOS="122" VPOS="526" WIDTH="114" HEIGHT="33" CONTENT="agitation" WC="0.39" CC="875477507"/>
						<SP ID="P246_SP00073" HPOS="236" VPOS="559" WIDTH="17"/>
						<String ID="P246_ST00086" HPOS="253" VPOS="526" WIDTH="26" HEIGHT="24" CONTENT="of" WC="0.97" CC="00"/>
						<SP ID="P246_SP00074" HPOS="279" VPOS="559" WIDTH="12"/>
						<String ID="P246_ST00087" HPOS="291" VPOS="527" WIDTH="41" HEIGHT="23" CONTENT="the" WC="0.64" CC="270"/>
						<SP ID="P246_SP00075" HPOS="332" VPOS="559" WIDTH="13"/>
						<String ID="P246_ST00088" HPOS="345" VPOS="527" WIDTH="70" HEIGHT="24" CONTENT="latter" WC="0.72" CC="361102"/>
						<SP ID="P246_SP00076" HPOS="415" VPOS="559" WIDTH="11"/>
						<String ID="P246_ST00089" HPOS="426" VPOS="528" WIDTH="25" HEIGHT="22" CONTENT="to" WC="0.81" CC="30"/>
						<SP ID="P246_SP00077" HPOS="451" VPOS="559" WIDTH="13"/>
						<String ID="P246_ST00090" HPOS="464" VPOS="535" WIDTH="14" HEIGHT="15" CONTENT="a" WC="0.21" CC="7"/>
						<SP ID="P246_SP00078" HPOS="478" VPOS="559" WIDTH="15"/>
						<String ID="P246_ST00091" HPOS="493" VPOS="527" WIDTH="62" HEIGHT="24" CONTENT="close" WC="0.54" CC="17435"/>
						<SP ID="P246_SP00079" HPOS="555" VPOS="559" WIDTH="18"/>
						<String ID="P246_ST00092" HPOS="573" VPOS="526" WIDTH="32" HEIGHT="32" CONTENT="by" WC="0.37" CC="84"/>
						<SP ID="P246_SP00080" HPOS="605" VPOS="559" WIDTH="11"/>
						<String ID="P246_ST00093" HPOS="616" VPOS="526" WIDTH="180" HEIGHT="32" CONTENT="unconsciously" WC="0.60" CC="7750800506036"/>
						<SP ID="P246_SP00081" HPOS="796" VPOS="559" WIDTH="12"/>
						<String ID="P246_ST00094" HPOS="808" VPOS="526" WIDTH="70" HEIGHT="24" CONTENT="admi" SUBS_TYPE="HypPart1" SUBS_CONTENT="administering" WC="0.42" CC="78660"/>
						<HYP CONTENT="-"/>
					</TextLine>
					<TextLine ID="P246_TL00012" HPOS="121" VPOS="568" WIDTH="657" HEIGHT="32">
						<String ID="P246_ST00095" HPOS="121" VPOS="569" WIDTH="117" HEIGHT="31" CONTENT="nistering" SUBS_TYPE="HypPart2" SUBS_CONTENT="administering" WC="0.50" CC="846008375"/>
						<SP ID="P246_SP00082" HPOS="238" VPOS="600" WIDTH="12"/>
						<String ID="P246_ST00096" HPOS="250" VPOS="577" WIDTH="13" HEIGHT="16" CONTENT="a" WC="1.00" CC="0"/>
						<SP ID="P246_SP00083" HPOS="263" VPOS="600" WIDTH="12"/>
						<String ID="P246_ST00097" HPOS="275" VPOS="571" WIDTH="79" HEIGHT="29" CONTENT="pretty" WC="0.46" CC="870087"/>
						<SP ID="P246_SP00084" HPOS="354" VPOS="600" WIDTH="13"/>
						<String ID="P246_ST00098" HPOS="367" VPOS="576" WIDTH="80" HEIGHT="17" CONTENT="severe" WC="0.70" CC="308060"/>
						<SP ID="P246_SP00085" HPOS="447" VPOS="600" WIDTH="13"/>
						<String ID="P246_ST00099" HPOS="460" VPOS="569" WIDTH="56" HEIGHT="24" CONTENT="dose" WC="0.70" CC="8030"/>
						<SP ID="P246_SP00086" HPOS="516" VPOS="600" WIDTH="12"/>
						<String ID="P246_ST00100" HPOS="528" VPOS="568" WIDTH="27" HEIGHT="25" CONTENT="of" WC="0.69" CC="24"/>
						<SP ID="P246_SP00087" HPOS="555" VPOS="600" WIDTH="8"/>
						<String ID="P246_ST00101" HPOS="563" VPOS="568" WIDTH="140" HEIGHT="25" CONTENT="wholesome" WC="0.64" CC="864603020"/>
						<SP ID="P246_SP00088" HPOS="703" VPOS="600" WIDTH="12"/>
						<String ID="P246_ST00102" HPOS="715" VPOS="568" WIDTH="63" HEIGHT="32" CONTENT="pain." WC="0.48" CC="80763"/>
					</TextLine>
				</TextBlock>
				<TextBlock ID="P246_TB00005" HPOS="117" VPOS="608" WIDTH="762" HEIGHT="811" STYLEREFS="TXT_1 PAR_LEFT">
					<TextLine ID="P246_TL00013" HPOS="157" VPOS="609" WIDTH="722" HEIGHT="33">
						<String ID="P246_ST00103" HPOS="157" VPOS="614" WIDTH="17" HEIGHT="9" CONTENT='"' WC="0.56" CC="4"/>
						<SP ID="P246_SP00089" HPOS="174" VPOS="623" WIDTH="11"/>
						<String ID="P246_ST00104" HPOS="185" VPOS="610" WIDTH="12" HEIGHT="23" CONTENT="I" WC="0.99" CC="0"/>
						<SP ID="P246_SP00090" HPOS="197" VPOS="633" WIDTH="12"/>
						<String ID="P246_ST00105" HPOS="209" VPOS="618" WIDTH="30" HEIGHT="24" CONTENT="go" WC="0.51" CC="72"/>
						<SP ID="P246_SP00091" HPOS="239" VPOS="642" WIDTH="12"/>
						<String ID="P246_ST00106" HPOS="251" VPOS="612" WIDTH="25" HEIGHT="21" CONTENT="to" WC="0.38" CC="56"/>
						<SP ID="P246_SP00092" HPOS="276" VPOS="642" WIDTH="13"/>
						<String ID="P246_ST00107" HPOS="289" VPOS="610" WIDTH="109" HEIGHT="23" CONTENT="London." WC="0.60" CC="2078080"/>
						<SP ID="P246_SP00093" HPOS="398" VPOS="642" WIDTH="30"/>
						<String ID="P246_ST00108" HPOS="428" VPOS="609" WIDTH="14" HEIGHT="23" CONTENT="I" WC="0.59" CC="4"/>
						<SP ID="P246_SP00094" HPOS="442" VPOS="642" WIDTH="12"/>
						<String ID="P246_ST00109" HPOS="454" VPOS="617" WIDTH="29" HEIGHT="24" CONTENT="go" WC="0.61" CC="70"/>
						<SP ID="P246_SP00095" HPOS="483" VPOS="642" WIDTH="14"/>
						<String ID="P246_ST00110" HPOS="497" VPOS="609" WIDTH="102" HEIGHT="32" CONTENT="straight" WC="0.51" CC="55767220"/>
						<SP ID="P246_SP00096" HPOS="599" VPOS="642" WIDTH="11"/>
						<String ID="P246_ST00111" HPOS="610" VPOS="609" WIDTH="49" HEIGHT="24" CONTENT="this" WC="0.61" CC="1454"/>
						<SP ID="P246_SP00097" HPOS="659" VPOS="642" WIDTH="12"/>
						<String ID="P246_ST00112" HPOS="671" VPOS="609" WIDTH="122" HEIGHT="25" CONTENT="afternoon" WC="0.53" CC="556088008"/>
						<SP ID="P246_SP00098" HPOS="793" VPOS="642" WIDTH="11"/>
						<String ID="P246_ST00113" HPOS="804" VPOS="611" WIDTH="24" HEIGHT="23" CONTENT="to" WC="0.66" CC="24"/>
						<SP ID="P246_SP00099" HPOS="828" VPOS="642" WIDTH="13"/>
						<String ID="P246_ST00114" HPOS="841" VPOS="618" WIDTH="38" HEIGHT="16" CONTENT="see" WC="0.72" CC="304"/>
					</TextLine>
					<TextLine ID="P246_TL00014" HPOS="121" VPOS="650" WIDTH="758" HEIGHT="33">
						<String ID="P246_ST00115" HPOS="121" VPOS="660" WIDTH="40" HEIGHT="23" CONTENT="my" WC="0.35" CC="84"/>
						<SP ID="P246_SP00100" HPOS="161" VPOS="683" WIDTH="19"/>
						<String ID="P246_ST00116" HPOS="180" VPOS="651" WIDTH="129" HEIGHT="31" CONTENT="sovereign." WC="0.48" CC="6384805680"/>
						<SP ID="P246_SP00101" HPOS="309" VPOS="683" WIDTH="37"/>
						<String ID="P246_ST00117" HPOS="346" VPOS="651" WIDTH="42" HEIGHT="31" CONTENT="My" WC="0.31" CC="67"/>
						<SP ID="P246_SP00102" HPOS="388" VPOS="683" WIDTH="18"/>
						<String ID="P246_ST00118" HPOS="406" VPOS="650" WIDTH="123" HEIGHT="31" CONTENT="sovereign" WC="0.51" CC="768080318"/>
						<SP ID="P246_SP00103" HPOS="529" VPOS="683" WIDTH="18"/>
						<String ID="P246_ST00119" HPOS="547" VPOS="651" WIDTH="69" HEIGHT="23" CONTENT="holds" WC="0.57" CC="40780"/>
						<SP ID="P246_SP00104" HPOS="616" VPOS="683" WIDTH="17"/>
						<String ID="P246_ST00120" HPOS="633" VPOS="659" WIDTH="13" HEIGHT="15" CONTENT="a" WC="0.39" CC="6"/>
						<SP ID="P246_SP00105" HPOS="646" VPOS="683" WIDTH="19"/>
						<String ID="P246_ST00121" HPOS="665" VPOS="653" WIDTH="67" HEIGHT="21" CONTENT="court" WC="0.51" CC="20875"/>
						<SP ID="P246_SP00106" HPOS="732" VPOS="683" WIDTH="16"/>
						<String ID="P246_ST00122" HPOS="748" VPOS="653" WIDTH="131" HEIGHT="22" CONTENT="to-morrow" WC="0.69" CC="200623307"/>
					</TextLine>
					<TextLine ID="P246_TL00015" HPOS="124" VPOS="691" WIDTH="755" HEIGHT="32">
						<String ID="P246_ST00123" HPOS="124" VPOS="694" WIDTH="24" HEIGHT="22" CONTENT="at" WC="0.75" CC="04"/>
						<SP ID="P246_SP00107" HPOS="148" VPOS="716" WIDTH="15"/>
						<String ID="P246_ST00124" HPOS="163" VPOS="692" WIDTH="115" HEIGHT="24" CONTENT="Grillon's" WC="0.50" CC="783146822"/>
						<SP ID="P246_SP00108" HPOS="278" VPOS="716" WIDTH="16"/>
						<String ID="P246_ST00125" HPOS="294" VPOS="692" WIDTH="73" HEIGHT="23" CONTENT="Hotel" WC="0.22" CC="87887"/>
						<String ID="P246_ST00126" HPOS="377" VPOS="700" WIDTH="6" HEIGHT="20" CONTENT=";" WC="0.97" CC="0"/>
						<SP ID="P246_SP00109" HPOS="383" VPOS="720" WIDTH="19"/>
						<String ID="P246_ST00127" HPOS="402" VPOS="692" WIDTH="14" HEIGHT="22" CONTENT="I" WC="1.00" CC="0"/>
						<SP ID="P246_SP00110" HPOS="416" VPOS="720" WIDTH="12"/>
						<String ID="P246_ST00128" HPOS="428" VPOS="699" WIDTH="29" HEIGHT="24" CONTENT="go" WC="0.86" CC="02"/>
						<SP ID="P246_SP00111" HPOS="457" VPOS="723" WIDTH="12"/>
						<String ID="P246_ST00129" HPOS="469" VPOS="693" WIDTH="25" HEIGHT="22" CONTENT="to" WC="0.53" CC="53"/>
						<SP ID="P246_SP00112" HPOS="494" VPOS="723" WIDTH="12"/>
						<String ID="P246_ST00130" HPOS="506" VPOS="699" WIDTH="46" HEIGHT="24" CONTENT="pay" WC="0.29" CC="866"/>
						<SP ID="P246_SP00113" HPOS="552" VPOS="723" WIDTH="12"/>
						<String ID="P246_ST00131" HPOS="564" VPOS="691" WIDTH="50" HEIGHT="23" CONTENT="him" WC="0.55" CC="850"/>
						<SP ID="P246_SP00114" HPOS="614" VPOS="723" WIDTH="15"/>
						<String ID="P246_ST00132" HPOS="629" VPOS="699" WIDTH="40" HEIGHT="23" CONTENT="my" WC="0.24" CC="86"/>
						<SP ID="P246_SP00115" HPOS="669" VPOS="723" WIDTH="12"/>
						<String ID="P246_ST00133" HPOS="681" VPOS="692" WIDTH="93" HEIGHT="23" CONTENT="devoirs." WC="0.48" CC="77641650"/>
						<SP ID="P246_SP00116" HPOS="774" VPOS="723" WIDTH="36"/>
						<String ID="P246_ST00134" HPOS="810" VPOS="692" WIDTH="13" HEIGHT="23" CONTENT="I" WC="0.94" CC="0"/>
						<SP ID="P246_SP00117" HPOS="823" VPOS="723" WIDTH="15"/>
						<String ID="P246_ST00135" HPOS="838" VPOS="694" WIDTH="41" HEIGHT="29" CONTENT="put" WC="0.42" CC="781"/>
					</TextLine>
					<TextLine ID="P246_TL00016" HPOS="121" VPOS="731" WIDTH="758" HEIGHT="33">
						<String ID="P246_ST00136" HPOS="121" VPOS="741" WIDTH="31" HEIGHT="16" CONTENT="on" WC="0.25" CC="77"/>
						<SP ID="P246_SP00118" HPOS="152" VPOS="757" WIDTH="12"/>
						<String ID="P246_ST00137" HPOS="164" VPOS="741" WIDTH="39" HEIGHT="23" CONTENT="my" WC="0.65" CC="15"/>
						<SP ID="P246_SP00119" HPOS="203" VPOS="764" WIDTH="12"/>
						<String ID="P246_ST00138" HPOS="215" VPOS="732" WIDTH="103" HEIGHT="24" CONTENT="uniform" WC="0.53" CC="7750650"/>
						<SP ID="P246_SP00120" HPOS="318" VPOS="764" WIDTH="13"/>
						<String ID="P246_ST00139" HPOS="331" VPOS="732" WIDTH="25" HEIGHT="23" CONTENT="of" WC="0.86" CC="10"/>
						<SP ID="P246_SP00121" HPOS="356" VPOS="764" WIDTH="15"/>
						<String ID="P246_ST00140" HPOS="371" VPOS="732" WIDTH="93" HEIGHT="24" CONTENT="Gardes" WC="0.61" CC="770800"/>
						<SP ID="P246_SP00122" HPOS="464" VPOS="764" WIDTH="17"/>
						<String ID="P246_ST00141" HPOS="481" VPOS="731" WIDTH="31" HEIGHT="24" CONTENT="du" WC="0.40" CC="83"/>
						<SP ID="P246_SP00123" HPOS="512" VPOS="764" WIDTH="18"/>
						<String ID="P246_ST00142" HPOS="530" VPOS="732" WIDTH="84" HEIGHT="32" CONTENT="Corps," WC="0.43" CC="547880"/>
						<SP ID="P246_SP00124" HPOS="614" VPOS="764" WIDTH="13"/>
						<String ID="P246_ST00143" HPOS="627" VPOS="731" WIDTH="77" HEIGHT="25" CONTENT="which" WC="0.49" CC="88008"/>
						<SP ID="P246_SP00125" HPOS="704" VPOS="764" WIDTH="11"/>
						<String ID="P246_ST00144" HPOS="715" VPOS="732" WIDTH="60" HEIGHT="24" CONTENT="have" WC="0.44" CC="6780"/>
						<SP ID="P246_SP00126" HPOS="775" VPOS="764" WIDTH="12"/>
						<String ID="P246_ST00145" HPOS="787" VPOS="732" WIDTH="47" HEIGHT="24" CONTENT="lain" WC="0.30" CC="6668"/>
						<SP ID="P246_SP00127" HPOS="834" VPOS="764" WIDTH="15"/>
						<String ID="P246_ST00146" HPOS="849" VPOS="733" WIDTH="30" HEIGHT="31" CONTENT="by" WC="0.19" CC="87"/>
					</TextLine>
					<TextLine ID="P246_TL00017" HPOS="121" VPOS="773" WIDTH="758" HEIGHT="32">
						<String ID="P246_ST00147" HPOS="121" VPOS="775" WIDTH="69" HEIGHT="23" CONTENT="these" WC="0.74" CC="64020"/>
						<SP ID="P246_SP00128" HPOS="190" VPOS="798" WIDTH="17"/>
						<String ID="P246_ST00148" HPOS="207" VPOS="782" WIDTH="72" HEIGHT="23" CONTENT="many" WC="0.30" CC="7784"/>
						<SP ID="P246_SP00129" HPOS="279" VPOS="805" WIDTH="11"/>
						<String ID="P246_ST00149" HPOS="290" VPOS="781" WIDTH="69" HEIGHT="24" CONTENT="years" WC="0.34" CC="74883"/>
						<String ID="P246_ST00150" HPOS="369" VPOS="781" WIDTH="5" HEIGHT="21" CONTENT=";" WC="0.45" CC="5"/>
						<SP ID="P246_SP00130" HPOS="374" VPOS="805" WIDTH="21"/>
						<String ID="P246_ST00151" HPOS="395" VPOS="781" WIDTH="13" HEIGHT="16" CONTENT="a" WC="0.44" CC="5"/>
						<SP ID="P246_SP00131" HPOS="408" VPOS="805" WIDTH="17"/>
						<String ID="P246_ST00152" HPOS="425" VPOS="773" WIDTH="62" HEIGHT="24" CONTENT="little" WC="0.51" CC="067860"/>
						<SP ID="P246_SP00132" HPOS="487" VPOS="805" WIDTH="18"/>
						<String ID="P246_ST00153" HPOS="505" VPOS="773" WIDTH="45" HEIGHT="28" CONTENT="old," WC="0.61" CC="1580"/>
						<SP ID="P246_SP00133" HPOS="550" VPOS="805" WIDTH="15"/>
						<String ID="P246_ST00154" HPOS="565" VPOS="781" WIDTH="13" HEIGHT="16" CONTENT="a" WC="0.46" CC="5"/>
						<SP ID="P246_SP00134" HPOS="578" VPOS="805" WIDTH="15"/>
						<String ID="P246_ST00155" HPOS="593" VPOS="773" WIDTH="60" HEIGHT="24" CONTENT="little" WC="0.39" CC="266866"/>
						<SP ID="P246_SP00135" HPOS="653" VPOS="805" WIDTH="12"/>
						<String ID="P246_ST00156" HPOS="665" VPOS="775" WIDTH="159" HEIGHT="27" CONTENT="worm-eaten," WC="0.65" CC="80400406480"/>
						<SP ID="P246_SP00136" HPOS="824" VPOS="805" WIDTH="13"/>
						<String ID="P246_ST00157" HPOS="837" VPOS="774" WIDTH="42" HEIGHT="23" CONTENT="but" WC="0.16" CC="888"/>
					</TextLine>
					<TextLine ID="P246_TL00018" HPOS="122" VPOS="814" WIDTH="755" HEIGHT="32">
						<String ID="P246_ST00158" HPOS="122" VPOS="824" WIDTH="72" HEIGHT="16" CONTENT="never" WC="0.43" CC="85715"/>
						<SP ID="P246_SP00137" HPOS="194" VPOS="840" WIDTH="13"/>
						<String ID="P246_ST00159" HPOS="207" VPOS="815" WIDTH="65" HEIGHT="24" CONTENT="mind" WC="0.26" CC="7588"/>
						<String ID="P246_ST00160" HPOS="281" VPOS="824" WIDTH="6" HEIGHT="20" CONTENT=";" WC="0.50" CC="4"/>
						<SP ID="P246_SP00138" HPOS="287" VPOS="844" WIDTH="20"/>
						<String ID="P246_ST00161" HPOS="307" VPOS="814" WIDTH="56" HEIGHT="32" CONTENT="they" WC="0.58" CC="4704"/>
						<SP ID="P246_SP00139" HPOS="363" VPOS="846" WIDTH="16"/>
						<String ID="P246_ST00162" HPOS="379" VPOS="814" WIDTH="60" HEIGHT="24" CONTENT="have" WC="0.53" CC="7451"/>
						<SP ID="P246_SP00140" HPOS="439" VPOS="846" WIDTH="17"/>
						<String ID="P246_ST00163" HPOS="456" VPOS="814" WIDTH="60" HEIGHT="24" CONTENT="been" WC="0.52" CC="8208"/>
						<SP ID="P246_SP00141" HPOS="516" VPOS="846" WIDTH="16"/>
						<String ID="P246_ST00164" HPOS="532" VPOS="822" WIDTH="56" HEIGHT="16" CONTENT="seen" WC="0.50" CC="3078"/>
						<SP ID="P246_SP00142" HPOS="588" VPOS="846" WIDTH="15"/>
						<String ID="P246_ST00165" HPOS="603" VPOS="814" WIDTH="31" HEIGHT="32" CONTENT="by" WC="0.29" CC="85"/>
						<SP ID="P246_SP00143" HPOS="634" VPOS="846" WIDTH="12"/>
						<String ID="P246_ST00166" HPOS="646" VPOS="814" WIDTH="76" HEIGHT="24" CONTENT="Marie" WC="0.53" CC="54660"/>
						<SP ID="P246_SP00144" HPOS="722" VPOS="846" WIDTH="11"/>
						<String ID="P246_ST00167" HPOS="733" VPOS="814" WIDTH="144" HEIGHT="30" CONTENT="Antoinette," WC="0.51" CC="68425765700"/>
					</TextLine>
					<TextLine ID="P246_TL00019" HPOS="121" VPOS="854" WIDTH="758" HEIGHT="33">
						<String ID="P246_ST00168" HPOS="121" VPOS="856" WIDTH="78" HEIGHT="24" CONTENT="which" WC="0.30" CC="86647"/>
						<SP ID="P246_SP00145" HPOS="199" VPOS="880" WIDTH="12"/>
						<String ID="P246_ST00169" HPOS="211" VPOS="856" WIDTH="65" HEIGHT="31" CONTENT="gives" WC="0.59" CC="12744"/>
						<SP ID="P246_SP00146" HPOS="276" VPOS="887" WIDTH="18"/>
						<String ID="P246_ST00170" HPOS="294" VPOS="856" WIDTH="66" HEIGHT="23" CONTENT="them" WC="0.71" CC="3800"/>
						<SP ID="P246_SP00147" HPOS="360" VPOS="887" WIDTH="13"/>
						<String ID="P246_ST00171" HPOS="373" VPOS="863" WIDTH="14" HEIGHT="16" CONTENT="a" WC="0.59" CC="4"/>
						<SP ID="P246_SP00148" HPOS="387" VPOS="887" WIDTH="12"/>
						<String ID="P246_ST00172" HPOS="399" VPOS="863" WIDTH="70" HEIGHT="23" CONTENT="grace" WC="0.70" CC="08060"/>
						<SP ID="P246_SP00149" HPOS="469" VPOS="887" WIDTH="18"/>
						<String ID="P246_ST00173" HPOS="487" VPOS="854" WIDTH="36" HEIGHT="24" CONTENT="for" WC="0.40" CC="548"/>
						<SP ID="P246_SP00150" HPOS="523" VPOS="887" WIDTH="12"/>
						<String ID="P246_ST00174" HPOS="535" VPOS="855" WIDTH="79" HEIGHT="24" CONTENT='ever."' WC="0.70" CC="080421"/>
						<SP ID="P246_SP00151" HPOS="614" VPOS="887" WIDTH="36"/>
						<String ID="P246_ST00175" HPOS="650" VPOS="855" WIDTH="39" HEIGHT="24" CONTENT="He" WC="0.65" CC="70"/>
						<SP ID="P246_SP00152" HPOS="689" VPOS="887" WIDTH="12"/>
						<String ID="P246_ST00176" HPOS="701" VPOS="855" WIDTH="90" HEIGHT="25" CONTENT="walked" WC="0.50" CC="884008"/>
						<SP ID="P246_SP00153" HPOS="791" VPOS="887" WIDTH="18"/>
						<String ID="P246_ST00177" HPOS="809" VPOS="856" WIDTH="70" HEIGHT="24" CONTENT="about" WC="0.45" CC="08368"/>
					</TextLine>
					<TextLine ID="P246_TL00020" HPOS="120" VPOS="895" WIDTH="757" HEIGHT="32">
						<String ID="P246_ST00178" HPOS="120" VPOS="897" WIDTH="41" HEIGHT="24" CONTENT="the" WC="0.50" CC="770"/>
						<SP ID="P246_SP00154" HPOS="161" VPOS="921" WIDTH="13"/>
						<String ID="P246_ST00179" HPOS="174" VPOS="905" WIDTH="66" HEIGHT="16" CONTENT="room" WC="0.59" CC="6036"/>
						<SP ID="P246_SP00155" HPOS="240" VPOS="921" WIDTH="16"/>
						<String ID="P246_ST00180" HPOS="256" VPOS="896" WIDTH="24" HEIGHT="24" CONTENT="in" WC="0.58" CC="08"/>
						<SP ID="P246_SP00156" HPOS="280" VPOS="921" WIDTH="17"/>
						<String ID="P246_ST00181" HPOS="297" VPOS="904" WIDTH="14" HEIGHT="15" CONTENT="a" WC="0.26" CC="7"/>
						<SP ID="P246_SP00157" HPOS="311" VPOS="921" WIDTH="14"/>
						<String ID="P246_ST00182" HPOS="325" VPOS="903" WIDTH="109" HEIGHT="21" CONTENT="nervous," WC="0.54" CC="76330860"/>
						<SP ID="P246_SP00158" HPOS="434" VPOS="924" WIDTH="14"/>
						<String ID="P246_ST00183" HPOS="448" VPOS="895" WIDTH="97" HEIGHT="24" CONTENT="hurried" WC="0.42" CC="8647508"/>
						<SP ID="P246_SP00159" HPOS="545" VPOS="924" WIDTH="11"/>
						<String ID="P246_ST00184" HPOS="556" VPOS="904" WIDTH="58" HEIGHT="23" CONTENT="way." WC="0.36" CC="8880"/>
						<SP ID="P246_SP00160" HPOS="614" VPOS="927" WIDTH="37"/>
						<String ID="P246_ST00185" HPOS="651" VPOS="896" WIDTH="76" HEIGHT="24" CONTENT="There" WC="0.44" CC="67680"/>
						<SP ID="P246_SP00161" HPOS="727" VPOS="927" WIDTH="12"/>
						<String ID="P246_ST00186" HPOS="739" VPOS="905" WIDTH="47" HEIGHT="15" CONTENT="was" WC="0.60" CC="712"/>
						<SP ID="P246_SP00162" HPOS="786" VPOS="927" WIDTH="18"/>
						<String ID="P246_ST00187" HPOS="804" VPOS="905" WIDTH="73" HEIGHT="16" CONTENT="some" SUBS_TYPE="HypPart1" SUBS_CONTENT="something" WC="0.84" CC="60000"/>
						<HYP CONTENT="-"/>
					</TextLine>
					<TextLine ID="P246_TL00021" HPOS="122" VPOS="936" WIDTH="757" HEIGHT="33">
						<String ID="P246_ST00188" HPOS="122" VPOS="938" WIDTH="70" HEIGHT="31" CONTENT="thing" SUBS_TYPE="HypPart2" SUBS_CONTENT="something" WC="0.48" CC="57560"/>
						<SP ID="P246_SP00163" HPOS="192" VPOS="969" WIDTH="18"/>
						<String ID="P246_ST00189" HPOS="210" VPOS="946" WIDTH="30" HEIGHT="16" CONTENT="on" WC="0.58" CC="08"/>
						<SP ID="P246_SP00164" HPOS="240" VPOS="969" WIDTH="17"/>
						<String ID="P246_ST00190" HPOS="257" VPOS="937" WIDTH="39" HEIGHT="24" CONTENT="his" WC="0.45" CC="861"/>
						<SP ID="P246_SP00165" HPOS="296" VPOS="969" WIDTH="17"/>
						<String ID="P246_ST00191" HPOS="313" VPOS="937" WIDTH="74" HEIGHT="28" CONTENT="mind," WC="0.57" CC="56080"/>
						<SP ID="P246_SP00166" HPOS="387" VPOS="969" WIDTH="19"/>
						<String ID="P246_ST00192" HPOS="406" VPOS="936" WIDTH="46" HEIGHT="24" CONTENT="and" WC="0.28" CC="578"/>
						<SP ID="P246_SP00167" HPOS="452" VPOS="969" WIDTH="16"/>
						<String ID="P246_ST00193" HPOS="468" VPOS="945" WIDTH="35" HEIGHT="15" CONTENT="we" WC="0.58" CC="80"/>
						<SP ID="P246_SP00168" HPOS="503" VPOS="969" WIDTH="19"/>
						<String ID="P246_ST00194" HPOS="522" VPOS="936" WIDTH="83" HEIGHT="32" CONTENT="signed" WC="0.51" CC="570708"/>
						<SP ID="P246_SP00169" HPOS="605" VPOS="969" WIDTH="17"/>
						<String ID="P246_ST00195" HPOS="622" VPOS="939" WIDTH="24" HEIGHT="22" CONTENT="to" WC="0.83" CC="30"/>
						<SP ID="P246_SP00170" HPOS="646" VPOS="969" WIDTH="19"/>
						<String ID="P246_ST00196" HPOS="665" VPOS="946" WIDTH="39" HEIGHT="23" CONTENT="my" WC="0.28" CC="86"/>
						<SP ID="P246_SP00171" HPOS="704" VPOS="969" WIDTH="11"/>
						<String ID="P246_ST00197" HPOS="715" VPOS="938" WIDTH="77" HEIGHT="24" CONTENT="father" WC="0.40" CC="376718"/>
						<SP ID="P246_SP00172" HPOS="792" VPOS="969" WIDTH="17"/>
						<String ID="P246_ST00198" HPOS="809" VPOS="940" WIDTH="24" HEIGHT="22" CONTENT="to" WC="0.49" CC="73"/>
						<SP ID="P246_SP00173" HPOS="833" VPOS="969" WIDTH="16"/>
						<String ID="P246_ST00199" HPOS="849" VPOS="939" WIDTH="30" HEIGHT="23" CONTENT="bo" WC="0.14" CC="88"/>
					</TextLine>
					<TextLine ID="P246_TL00022" HPOS="121" VPOS="978" WIDTH="757" HEIGHT="29">
						<String ID="P246_ST00200" HPOS="121" VPOS="979" WIDTH="71" HEIGHT="23" CONTENT="silent" WC="0.59" CC="245083"/>
						<SP ID="P246_SP00174" HPOS="192" VPOS="1002" WIDTH="9"/>
						<String ID="P246_ST00201" HPOS="201" VPOS="979" WIDTH="36" HEIGHT="23" CONTENT="for" WC="0.64" CC="406"/>
						<SP ID="P246_SP00175" HPOS="237" VPOS="1002" WIDTH="12"/>
						<String ID="P246_ST00202" HPOS="249" VPOS="987" WIDTH="13" HEIGHT="15" CONTENT="a" WC="1.00" CC="0"/>
						<SP ID="P246_SP00176" HPOS="262" VPOS="1002" WIDTH="12"/>
						<String ID="P246_ST00203" HPOS="274" VPOS="979" WIDTH="105" HEIGHT="22" CONTENT="moment" WC="0.42" CC="607586"/>
						<SP ID="P246_SP00177" HPOS="379" VPOS="1002" WIDTH="13"/>
						<String ID="P246_ST00204" HPOS="392" VPOS="986" WIDTH="26" HEIGHT="15" CONTENT="or" WC="0.72" CC="05"/>
						<SP ID="P246_SP00178" HPOS="418" VPOS="1002" WIDTH="11"/>
						<String ID="P246_ST00205" HPOS="429" VPOS="979" WIDTH="54" HEIGHT="28" CONTENT="two," WC="0.35" CC="4884"/>
						<SP ID="P246_SP00179" HPOS="483" VPOS="1007" WIDTH="14"/>
						<String ID="P246_ST00206" HPOS="497" VPOS="979" WIDTH="47" HEIGHT="22" CONTENT="and" WC="0.21" CC="688"/>
						<SP ID="P246_SP00180" HPOS="544" VPOS="1007" WIDTH="12"/>
						<String ID="P246_ST00207" HPOS="556" VPOS="978" WIDTH="33" HEIGHT="23" CONTENT="let" WC="0.55" CC="508"/>
						<SP ID="P246_SP00181" HPOS="589" VPOS="1007" WIDTH="11"/>
						<String ID="P246_ST00208" HPOS="600" VPOS="978" WIDTH="20" HEIGHT="23" CONTENT="it" WC="0.38" CC="66"/>
						<SP ID="P246_SP00182" HPOS="620" VPOS="1007" WIDTH="12"/>
						<String ID="P246_ST00209" HPOS="632" VPOS="986" WIDTH="66" HEIGHT="16" CONTENT="come" WC="0.81" CC="0070"/>
						<SP ID="P246_SP00183" HPOS="698" VPOS="1007" WIDTH="12"/>
						<String ID="P246_ST00210" HPOS="710" VPOS="981" WIDTH="49" HEIGHT="21" CONTENT="out." WC="0.73" CC="0720"/>
						<SP ID="P246_SP00184" HPOS="759" VPOS="1007" WIDTH="21"/>
						<String ID="P246_ST00211" HPOS="780" VPOS="982" WIDTH="14" HEIGHT="10" CONTENT='"' WC="0.88" CC="1"/>
						<SP ID="P246_SP00185" HPOS="794" VPOS="1007" WIDTH="11"/>
						<String ID="P246_ST00212" HPOS="805" VPOS="979" WIDTH="37" HEIGHT="24" CONTENT="No" WC="0.76" CC="40"/>
						<SP ID="P246_SP00186" HPOS="842" VPOS="1007" WIDTH="9"/>
						<String ID="P246_ST00213" HPOS="851" VPOS="979" WIDTH="4" HEIGHT="23" CONTENT="!" WC="1.00" CC="0"/>
						<SP ID="P246_SP00187" HPOS="855" VPOS="1007" WIDTH="9"/>
						<String ID="P246_ST00214" HPOS="864" VPOS="980" WIDTH="14" HEIGHT="8" CONTENT='"' WC="0.38" CC="6"/>
					</TextLine>
					<TextLine ID="P246_TL00023" HPOS="123" VPOS="1018" WIDTH="756" HEIGHT="33">
						<String ID="P246_ST00215" HPOS="123" VPOS="1020" WIDTH="51" HEIGHT="24" CONTENT="said" WC="0.41" CC="6348"/>
						<SP ID="P246_SP00188" HPOS="174" VPOS="1044" WIDTH="12"/>
						<String ID="P246_ST00216" HPOS="186" VPOS="1020" WIDTH="35" HEIGHT="23" CONTENT="M." WC="0.78" CC="40"/>
						<SP ID="P246_SP00189" HPOS="221" VPOS="1044" WIDTH="12"/>
						<String ID="P246_ST00217" HPOS="233" VPOS="1020" WIDTH="28" HEIGHT="23" CONTENT="de" WC="0.51" CC="81"/>
						<SP ID="P246_SP00190" HPOS="261" VPOS="1044" WIDTH="11"/>
						<String ID="P246_ST00218" HPOS="272" VPOS="1018" WIDTH="124" HEIGHT="29" CONTENT="Chalabre," WC="0.49" CC="575188800"/>
						<SP ID="P246_SP00191" HPOS="396" VPOS="1047" WIDTH="10"/>
						<String ID="P246_ST00219" HPOS="406" VPOS="1018" WIDTH="61" HEIGHT="24" CONTENT="after" WC="0.74" CC="03207"/>
						<SP ID="P246_SP00192" HPOS="467" VPOS="1047" WIDTH="12"/>
						<String ID="P246_ST00220" HPOS="479" VPOS="1026" WIDTH="14" HEIGHT="16" CONTENT="a" WC="0.79" CC="2"/>
						<SP ID="P246_SP00193" HPOS="493" VPOS="1047" WIDTH="12"/>
						<String ID="P246_ST00221" HPOS="505" VPOS="1019" WIDTH="126" HEIGHT="23" CONTENT="moment's" WC="0.60" CC="70608702"/>
						<SP ID="P246_SP00194" HPOS="631" VPOS="1047" WIDTH="12"/>
						<String ID="P246_ST00222" HPOS="643" VPOS="1028" WIDTH="83" HEIGHT="23" CONTENT="pause." WC="0.58" CC="867010"/>
						<SP ID="P246_SP00195" HPOS="726" VPOS="1051" WIDTH="20"/>
						<String ID="P246_ST00223" HPOS="746" VPOS="1023" WIDTH="15" HEIGHT="10" CONTENT='"' WC="0.48" CC="5"/>
						<SP ID="P246_SP00196" HPOS="761" VPOS="1051" WIDTH="9"/>
						<String ID="P246_ST00224" HPOS="770" VPOS="1020" WIDTH="13" HEIGHT="23" CONTENT="I" WC="0.79" CC="2"/>
						<SP ID="P246_SP00197" HPOS="783" VPOS="1051" WIDTH="12"/>
						<String ID="P246_ST00225" HPOS="795" VPOS="1022" WIDTH="84" HEIGHT="22" CONTENT="cannot" WC="0.43" CC="087863"/>
					</TextLine>
					<TextLine ID="P246_TL00024" HPOS="121" VPOS="1060" WIDTH="758" HEIGHT="34">
						<String ID="P246_ST00226" HPOS="121" VPOS="1070" WIDTH="42" HEIGHT="23" CONTENT="say" WC="0.55" CC="606"/>
						<SP ID="P246_SP00198" HPOS="163" VPOS="1093" WIDTH="13"/>
						<String ID="P246_ST00227" HPOS="176" VPOS="1062" WIDTH="70" HEIGHT="23" CONTENT="adieu" WC="0.56" CC="54407"/>
						<String ID="P246_ST00228" HPOS="256" VPOS="1070" WIDTH="4" HEIGHT="20" CONTENT=";" WC="0.96" CC="0"/>
						<SP ID="P246_SP00199" HPOS="260" VPOS="1093" WIDTH="19"/>
						<String ID="P246_ST00229" HPOS="279" VPOS="1062" WIDTH="37" HEIGHT="22" CONTENT="for" WC="0.44" CC="077"/>
						<SP ID="P246_SP00200" HPOS="316" VPOS="1093" WIDTH="17"/>
						<String ID="P246_ST00230" HPOS="333" VPOS="1061" WIDTH="12" HEIGHT="23" CONTENT="I" WC="0.84" CC="1"/>
						<SP ID="P246_SP00201" HPOS="345" VPOS="1093" WIDTH="20"/>
						<String ID="P246_ST00231" HPOS="365" VPOS="1060" WIDTH="62" HEIGHT="24" CONTENT="shall" WC="0.54" CC="47810"/>
						<SP ID="P246_SP00202" HPOS="427" VPOS="1093" WIDTH="18"/>
						<String ID="P246_ST00232" HPOS="445" VPOS="1061" WIDTH="82" HEIGHT="23" CONTENT="return" WC="0.55" CC="400588"/>
						<SP ID="P246_SP00203" HPOS="527" VPOS="1093" WIDTH="17"/>
						<String ID="P246_ST00233" HPOS="544" VPOS="1062" WIDTH="25" HEIGHT="22" CONTENT="to" WC="0.82" CC="11"/>
						<SP ID="P246_SP00204" HPOS="569" VPOS="1093" WIDTH="19"/>
						<String ID="P246_ST00234" HPOS="588" VPOS="1068" WIDTH="50" HEIGHT="24" CONTENT="say," WC="0.64" CC="4180"/>
						<SP ID="P246_SP00205" HPOS="638" VPOS="1093" WIDTH="20"/>
						<String ID="P246_ST00235" HPOS="658" VPOS="1062" WIDTH="57" HEIGHT="23" CONTENT="dear" WC="0.48" CC="7057"/>
						<SP ID="P246_SP00206" HPOS="715" VPOS="1093" WIDTH="17"/>
						<String ID="P246_ST00236" HPOS="732" VPOS="1061" WIDTH="96" HEIGHT="29" CONTENT="friends," WC="0.58" CC="08608810"/>
						<SP ID="P246_SP00207" HPOS="828" VPOS="1093" WIDTH="14"/>
						<String ID="P246_ST00237" HPOS="842" VPOS="1071" WIDTH="37" HEIGHT="23" CONTENT="my" WC="0.57" CC="53"/>
					</TextLine>
					<TextLine ID="P246_TL00025" HPOS="123" VPOS="1101" WIDTH="754" HEIGHT="34">
						<String ID="P246_ST00238" HPOS="123" VPOS="1103" WIDTH="93" HEIGHT="24" CONTENT="adieux." WC="0.47" CC="8840680"/>
						<SP ID="P246_SP00208" HPOS="216" VPOS="1127" WIDTH="37"/>
						<String ID="P246_ST00239" HPOS="253" VPOS="1103" WIDTH="13" HEIGHT="23" CONTENT="I" WC="0.63" CC="3"/>
						<SP ID="P246_SP00209" HPOS="266" VPOS="1127" WIDTH="13"/>
						<String ID="P246_ST00240" HPOS="279" VPOS="1102" WIDTH="40" HEIGHT="24" CONTENT="did" WC="0.29" CC="848"/>
						<SP ID="P246_SP00210" HPOS="319" VPOS="1127" WIDTH="18"/>
						<String ID="P246_ST00241" HPOS="337" VPOS="1110" WIDTH="66" HEIGHT="16" CONTENT="come" WC="0.89" CC="0111"/>
						<SP ID="P246_SP00211" HPOS="403" VPOS="1127" WIDTH="20"/>
						<String ID="P246_ST00242" HPOS="423" VPOS="1110" WIDTH="13" HEIGHT="15" CONTENT="a" WC="0.50" CC="4"/>
						<SP ID="P246_SP00212" HPOS="436" VPOS="1127" WIDTH="17"/>
						<String ID="P246_ST00243" HPOS="453" VPOS="1109" WIDTH="58" HEIGHT="24" CONTENT="poor" WC="0.73" CC="8020"/>
						<SP ID="P246_SP00213" HPOS="511" VPOS="1133" WIDTH="18"/>
						<String ID="P246_ST00244" HPOS="529" VPOS="1101" WIDTH="118" HEIGHT="32" CONTENT="emigrant" WC="0.36" CC="36756686"/>
						<String ID="P246_ST00245" HPOS="657" VPOS="1111" WIDTH="6" HEIGHT="20" CONTENT=";" WC="1.00" CC="0"/>
						<SP ID="P246_SP00214" HPOS="663" VPOS="1133" WIDTH="19"/>
						<String ID="P246_ST00246" HPOS="682" VPOS="1103" WIDTH="69" HEIGHT="24" CONTENT="noble" WC="0.50" CC="82850"/>
						<SP ID="P246_SP00215" HPOS="751" VPOS="1133" WIDTH="17"/>
						<String ID="P246_ST00247" HPOS="768" VPOS="1103" WIDTH="109" HEIGHT="32" CONTENT="English" SUBS_TYPE="HypPart1" SUBS_CONTENT="Englishmen" WC="0.51" CC="18707381"/>
						<HYP CONTENT="-"/>
					</TextLine>
					<TextLine ID="P246_TL00026" HPOS="121" VPOS="1142" WIDTH="758" HEIGHT="29">
						<String ID="P246_ST00248" HPOS="121" VPOS="1152" WIDTH="55" HEIGHT="15" CONTENT="men" SUBS_TYPE="HypPart2" SUBS_CONTENT="Englishmen" WC="0.47" CC="708"/>
						<SP ID="P246_SP00216" HPOS="176" VPOS="1167" WIDTH="13"/>
						<String ID="P246_ST00249" HPOS="189" VPOS="1144" WIDTH="57" HEIGHT="23" CONTENT="took" WC="0.58" CC="8034"/>
						<SP ID="P246_SP00217" HPOS="246" VPOS="1167" WIDTH="11"/>
						<String ID="P246_ST00250" HPOS="257" VPOS="1151" WIDTH="39" HEIGHT="16" CONTENT="me" WC="0.46" CC="72"/>
						<SP ID="P246_SP00218" HPOS="296" VPOS="1167" WIDTH="11"/>
						<String ID="P246_ST00251" HPOS="307" VPOS="1143" WIDTH="37" HEIGHT="24" CONTENT="for" WC="0.72" CC="430"/>
						<SP ID="P246_SP00219" HPOS="344" VPOS="1167" WIDTH="11"/>
						<String ID="P246_ST00252" HPOS="355" VPOS="1142" WIDTH="64" HEIGHT="24" CONTENT="their" WC="0.52" CC="77107"/>
						<SP ID="P246_SP00220" HPOS="419" VPOS="1167" WIDTH="11"/>
						<String ID="P246_ST00253" HPOS="430" VPOS="1142" WIDTH="86" HEIGHT="29" CONTENT="friend," WC="0.64" CC="2050880"/>
						<SP ID="P246_SP00221" HPOS="516" VPOS="1171" WIDTH="14"/>
						<String ID="P246_ST00254" HPOS="530" VPOS="1143" WIDTH="46" HEIGHT="23" CONTENT="and" WC="0.36" CC="288"/>
						<SP ID="P246_SP00222" HPOS="576" VPOS="1171" WIDTH="12"/>
						<String ID="P246_ST00255" HPOS="588" VPOS="1143" WIDTH="127" HEIGHT="24" CONTENT="welcomed" WC="0.48" CC="84545408"/>
						<SP ID="P246_SP00223" HPOS="715" VPOS="1171" WIDTH="11"/>
						<String ID="P246_ST00256" HPOS="726" VPOS="1152" WIDTH="38" HEIGHT="15" CONTENT="me" WC="0.90" CC="20"/>
						<SP ID="P246_SP00224" HPOS="764" VPOS="1171" WIDTH="16"/>
						<String ID="P246_ST00257" HPOS="780" VPOS="1146" WIDTH="24" HEIGHT="22" CONTENT="to" WC="0.68" CC="06"/>
						<SP ID="P246_SP00225" HPOS="804" VPOS="1171" WIDTH="15"/>
						<String ID="P246_ST00258" HPOS="819" VPOS="1145" WIDTH="60" HEIGHT="24" CONTENT="their" WC="0.41" CC="47267"/>
					</TextLine>
					<TextLine ID="P246_TL00027" HPOS="119" VPOS="1183" WIDTH="760" HEIGHT="34">
						<String ID="P246_ST00259" HPOS="119" VPOS="1184" WIDTH="97" HEIGHT="24" CONTENT="houses." WC="0.69" CC="6060700"/>
						<SP ID="P246_SP00226" HPOS="216" VPOS="1208" WIDTH="21"/>
						<String ID="P246_ST00260" HPOS="237" VPOS="1183" WIDTH="116" HEIGHT="24" CONTENT="Chalabre" WC="0.48" CC="07768830"/>
						<SP ID="P246_SP00227" HPOS="353" VPOS="1208" WIDTH="17"/>
						<String ID="P246_ST00261" HPOS="370" VPOS="1183" WIDTH="20" HEIGHT="23" CONTENT="is" WC="0.42" CC="37"/>
						<SP ID="P246_SP00228" HPOS="390" VPOS="1208" WIDTH="14"/>
						<String ID="P246_ST00262" HPOS="404" VPOS="1190" WIDTH="45" HEIGHT="16" CONTENT="one" WC="0.52" CC="086"/>
						<SP ID="P246_SP00229" HPOS="449" VPOS="1208" WIDTH="12"/>
						<String ID="P246_ST00263" HPOS="461" VPOS="1183" WIDTH="65" HEIGHT="31" CONTENT="large" WC="0.58" CC="33805"/>
						<SP ID="P246_SP00230" HPOS="526" VPOS="1214" WIDTH="12"/>
						<String ID="P246_ST00264" HPOS="538" VPOS="1183" WIDTH="117" HEIGHT="29" CONTENT="mansion," WC="0.60" CC="57602170"/>
						<SP ID="P246_SP00231" HPOS="655" VPOS="1214" WIDTH="15"/>
						<String ID="P246_ST00265" HPOS="670" VPOS="1184" WIDTH="46" HEIGHT="24" CONTENT="and" WC="0.19" CC="878"/>
						<SP ID="P246_SP00232" HPOS="716" VPOS="1214" WIDTH="12"/>
						<String ID="P246_ST00266" HPOS="728" VPOS="1193" WIDTH="39" HEIGHT="24" CONTENT="my" WC="0.27" CC="76"/>
						<SP ID="P246_SP00233" HPOS="767" VPOS="1217" WIDTH="11"/>
						<String ID="P246_ST00267" HPOS="778" VPOS="1185" WIDTH="101" HEIGHT="32" CONTENT="English" WC="0.60" CC="4704506"/>
					</TextLine>
					<TextLine ID="P246_TL00028" HPOS="119" VPOS="1224" WIDTH="760" HEIGHT="32">
						<String ID="P246_ST00268" HPOS="119" VPOS="1225" WIDTH="88" HEIGHT="24" CONTENT="friends" WC="0.41" CC="7780476"/>
						<SP ID="P246_SP00234" HPOS="207" VPOS="1249" WIDTH="13"/>
						<String ID="P246_ST00269" HPOS="220" VPOS="1225" WIDTH="46" HEIGHT="24" CONTENT="will" WC="0.63" CC="8005"/>
						<SP ID="P246_SP00235" HPOS="266" VPOS="1249" WIDTH="12"/>
						<String ID="P246_ST00270" HPOS="278" VPOS="1227" WIDTH="42" HEIGHT="21" CONTENT="not" WC="0.59" CC="803"/>
						<SP ID="P246_SP00236" HPOS="320" VPOS="1249" WIDTH="17"/>
						<String ID="P246_ST00271" HPOS="337" VPOS="1224" WIDTH="93" HEIGHT="24" CONTENT="forsake" WC="0.61" CC="2178060"/>
						<SP ID="P246_SP00237" HPOS="430" VPOS="1249" WIDTH="13"/>
						<String ID="P246_ST00272" HPOS="443" VPOS="1233" WIDTH="38" HEIGHT="15" CONTENT="me" WC="0.70" CC="60"/>
						<SP ID="P246_SP00238" HPOS="481" VPOS="1249" WIDTH="11"/>
						<String ID="P246_ST00273" HPOS="492" VPOS="1233" WIDTH="6" HEIGHT="21" CONTENT=";" WC="0.29" CC="7"/>
						<SP ID="P246_SP00239" HPOS="498" VPOS="1254" WIDTH="18"/>
						<String ID="P246_ST00274" HPOS="516" VPOS="1225" WIDTH="58" HEIGHT="31" CONTENT="they" WC="0.41" CC="3756"/>
						<SP ID="P246_SP00240" HPOS="574" VPOS="1256" WIDTH="12"/>
						<String ID="P246_ST00275" HPOS="586" VPOS="1225" WIDTH="46" HEIGHT="24" CONTENT="will" WC="0.41" CC="7463"/>
						<SP ID="P246_SP00241" HPOS="632" VPOS="1256" WIDTH="18"/>
						<String ID="P246_ST00276" HPOS="650" VPOS="1233" WIDTH="65" HEIGHT="17" CONTENT="come" WC="0.73" CC="7020"/>
						<SP ID="P246_SP00242" HPOS="715" VPOS="1256" WIDTH="13"/>
						<String ID="P246_ST00277" HPOS="728" VPOS="1227" WIDTH="47" HEIGHT="23" CONTENT="and" WC="0.15" CC="888"/>
						<SP ID="P246_SP00243" HPOS="775" VPOS="1256" WIDTH="17"/>
						<String ID="P246_ST00278" HPOS="792" VPOS="1235" WIDTH="39" HEIGHT="15" CONTENT="sec" WC="0.64" CC="305"/>
						<SP ID="P246_SP00244" HPOS="831" VPOS="1256" WIDTH="11"/>
						<String ID="P246_ST00279" HPOS="842" VPOS="1235" WIDTH="37" HEIGHT="15" CONTENT="me" WC="0.23" CC="77"/>
					</TextLine>
					<TextLine ID="P246_TL00029" HPOS="119" VPOS="1265" WIDTH="760" HEIGHT="34">
						<String ID="P246_ST00280" HPOS="119" VPOS="1266" WIDTH="25" HEIGHT="23" CONTENT="in" WC="0.45" CC="28"/>
						<SP ID="P246_SP00245" HPOS="144" VPOS="1289" WIDTH="13"/>
						<String ID="P246_ST00281" HPOS="157" VPOS="1274" WIDTH="39" HEIGHT="23" CONTENT="my" WC="0.61" CC="34"/>
						<SP ID="P246_SP00246" HPOS="196" VPOS="1297" WIDTH="12"/>
						<String ID="P246_ST00282" HPOS="208" VPOS="1274" WIDTH="54" HEIGHT="15" CONTENT="own" WC="0.27" CC="587"/>
						<SP ID="P246_SP00247" HPOS="262" VPOS="1297" WIDTH="11"/>
						<String ID="P246_ST00283" HPOS="273" VPOS="1266" WIDTH="100" HEIGHT="30" CONTENT="country" WC="0.48" CC="0637684"/>
						<String ID="P246_ST00284" HPOS="382" VPOS="1273" WIDTH="5" HEIGHT="21" CONTENT=";" WC="1.00" CC="0"/>
						<SP ID="P246_SP00248" HPOS="387" VPOS="1297" WIDTH="15"/>
						<String ID="P246_ST00285" HPOS="402" VPOS="1265" WIDTH="54" HEIGHT="28" CONTENT="and," WC="0.58" CC="0880"/>
						<SP ID="P246_SP00249" HPOS="456" VPOS="1297" WIDTH="11"/>
						<String ID="P246_ST00286" HPOS="467" VPOS="1265" WIDTH="37" HEIGHT="23" CONTENT="for" WC="0.43" CC="177"/>
						<SP ID="P246_SP00250" HPOS="504" VPOS="1297" WIDTH="12"/>
						<String ID="P246_ST00287" HPOS="516" VPOS="1266" WIDTH="63" HEIGHT="23" CONTENT="their" WC="0.60" CC="26207"/>
						<SP ID="P246_SP00251" HPOS="579" VPOS="1297" WIDTH="12"/>
						<String ID="P246_ST00288" HPOS="591" VPOS="1266" WIDTH="78" HEIGHT="29" CONTENT="sakcs," WC="0.76" CC="506020"/>
						<SP ID="P246_SP00252" HPOS="669" VPOS="1297" WIDTH="13"/>
						<String ID="P246_ST00289" HPOS="682" VPOS="1269" WIDTH="42" HEIGHT="21" CONTENT="not" WC="0.45" CC="437"/>
						<SP ID="P246_SP00253" HPOS="724" VPOS="1297" WIDTH="13"/>
						<String ID="P246_ST00290" HPOS="737" VPOS="1275" WIDTH="29" HEIGHT="16" CONTENT="an" WC="0.22" CC="78"/>
						<SP ID="P246_SP00254" HPOS="766" VPOS="1297" WIDTH="11"/>
						<String ID="P246_ST00291" HPOS="777" VPOS="1267" WIDTH="102" HEIGHT="32" CONTENT="English" WC="0.53" CC="1834536"/>
					</TextLine>
					<TextLine ID="P246_TL00030" HPOS="119" VPOS="1306" WIDTH="760" HEIGHT="34">
						<String ID="P246_ST00292" HPOS="119" VPOS="1308" WIDTH="92" HEIGHT="31" CONTENT="beggar" WC="0.61" CC="801076"/>
						<SP ID="P246_SP00255" HPOS="211" VPOS="1339" WIDTH="18"/>
						<String ID="P246_ST00293" HPOS="229" VPOS="1307" WIDTH="60" HEIGHT="24" CONTENT="shall" WC="0.42" CC="68831"/>
						<SP ID="P246_SP00256" HPOS="289" VPOS="1339" WIDTH="18"/>
						<String ID="P246_ST00294" HPOS="307" VPOS="1315" WIDTH="55" HEIGHT="23" CONTENT="pass" WC="0.54" CC="8720"/>
						<SP ID="P246_SP00257" HPOS="362" VPOS="1339" WIDTH="18"/>
						<String ID="P246_ST00295" HPOS="380" VPOS="1306" WIDTH="42" HEIGHT="24" CONTENT="the" WC="0.54" CC="075"/>
						<SP ID="P246_SP00258" HPOS="422" VPOS="1339" WIDTH="17"/>
						<String ID="P246_ST00296" HPOS="439" VPOS="1306" WIDTH="69" HEIGHT="24" CONTENT="doors" WC="0.49" CC="72185"/>
						<SP ID="P246_SP00259" HPOS="508" VPOS="1339" WIDTH="18"/>
						<String ID="P246_ST00297" HPOS="526" VPOS="1306" WIDTH="27" HEIGHT="24" CONTENT="of" WC="0.52" CC="53"/>
						<SP ID="P246_SP00260" HPOS="553" VPOS="1339" WIDTH="15"/>
						<String ID="P246_ST00298" HPOS="568" VPOS="1307" WIDTH="116" HEIGHT="25" CONTENT="Chalabre" WC="0.45" CC="27766850"/>
						<SP ID="P246_SP00261" HPOS="684" VPOS="1339" WIDTH="12"/>
						<String ID="P246_ST00299" HPOS="696" VPOS="1308" WIDTH="98" HEIGHT="24" CONTENT="without" WC="0.57" CC="8507008"/>
						<SP ID="P246_SP00262" HPOS="794" VPOS="1339" WIDTH="16"/>
						<String ID="P246_ST00300" HPOS="810" VPOS="1309" WIDTH="69" HEIGHT="31" CONTENT="being" SUBS_TYPE="HypPart1" SUBS_CONTENT="beingwarmed" WC="0.30" CC="881887"/>
						<HYP CONTENT="-"/>
					</TextLine>
					<TextLine ID="P246_TL00031" HPOS="119" VPOS="1346" WIDTH="760" HEIGHT="36">
						<String ID="P246_ST00301" HPOS="119" VPOS="1349" WIDTH="102" HEIGHT="22" CONTENT="warmed" SUBS_TYPE="HypPart2" SUBS_CONTENT="beingwarmed" WC="0.49" CC="876008"/>
						<SP ID="P246_SP00263" HPOS="221" VPOS="1371" WIDTH="14"/>
						<String ID="P246_ST00302" HPOS="235" VPOS="1348" WIDTH="45" HEIGHT="23" CONTENT="and" WC="0.18" CC="878"/>
						<SP ID="P246_SP00264" HPOS="280" VPOS="1371" WIDTH="13"/>
						<String ID="P246_ST00303" HPOS="293" VPOS="1347" WIDTH="95" HEIGHT="24" CONTENT="clothed" WC="0.42" CC="3337768"/>
						<SP ID="P246_SP00265" HPOS="388" VPOS="1371" WIDTH="12"/>
						<String ID="P246_ST00304" HPOS="400" VPOS="1347" WIDTH="46" HEIGHT="24" CONTENT="and" WC="0.25" CC="588"/>
						<SP ID="P246_SP00266" HPOS="446" VPOS="1371" WIDTH="10"/>
						<String ID="P246_ST00305" HPOS="456" VPOS="1346" WIDTH="48" HEIGHT="25" CONTENT="fed." WC="0.64" CC="0184"/>
						<SP ID="P246_SP00267" HPOS="504" VPOS="1371" WIDTH="28"/>
						<String ID="P246_ST00306" HPOS="532" VPOS="1347" WIDTH="13" HEIGHT="24" CONTENT="I" WC="0.88" CC="1"/>
						<SP ID="P246_SP00268" HPOS="545" VPOS="1371" WIDTH="12"/>
						<String ID="P246_ST00307" HPOS="557" VPOS="1347" WIDTH="46" HEIGHT="24" CONTENT="will" WC="0.63" CC="8104"/>
						<SP ID="P246_SP00269" HPOS="603" VPOS="1371" WIDTH="12"/>
						<String ID="P246_ST00308" HPOS="615" VPOS="1350" WIDTH="41" HEIGHT="22" CONTENT="not" WC="0.40" CC="827"/>
						<SP ID="P246_SP00270" HPOS="656" VPOS="1372" WIDTH="14"/>
						<String ID="P246_ST00309" HPOS="670" VPOS="1357" WIDTH="40" HEIGHT="25" CONTENT="say" WC="0.28" CC="588"/>
						<SP ID="P246_SP00271" HPOS="710" VPOS="1382" WIDTH="13"/>
						<String ID="P246_ST00310" HPOS="723" VPOS="1349" WIDTH="76" HEIGHT="25" CONTENT="adieu." WC="0.54" CC="576420"/>
						<SP ID="P246_SP00272" HPOS="799" VPOS="1382" WIDTH="27"/>
						<String ID="P246_ST00311" HPOS="826" VPOS="1349" WIDTH="13" HEIGHT="24" CONTENT="I" WC="1.00" CC="0"/>
						<SP ID="P246_SP00273" HPOS="839" VPOS="1382" WIDTH="11"/>
						<String ID="P246_ST00312" HPOS="850" VPOS="1358" WIDTH="29" HEIGHT="24" CONTENT="go" WC="0.59" CC="08"/>
					</TextLine>
					<TextLine ID="P246_TL00032" HPOS="119" VPOS="1388" WIDTH="306" HEIGHT="31">
						<String ID="P246_ST00313" HPOS="119" VPOS="1397" WIDTH="52" HEIGHT="16" CONTENT="now" WC="0.16" CC="888"/>
						<SP ID="P246_SP00274" HPOS="171" VPOS="1413" WIDTH="11"/>
						<String ID="P246_ST00314" HPOS="182" VPOS="1389" WIDTH="42" HEIGHT="24" CONTENT="but" WC="0.27" CC="857"/>
						<SP ID="P246_SP00275" HPOS="224" VPOS="1413" WIDTH="13"/>
						<String ID="P246_ST00315" HPOS="237" VPOS="1389" WIDTH="36" HEIGHT="23" CONTENT="for" WC="0.45" CC="555"/>
						<SP ID="P246_SP00276" HPOS="273" VPOS="1413" WIDTH="11"/>
						<String ID="P246_ST00316" HPOS="284" VPOS="1390" WIDTH="45" HEIGHT="22" CONTENT="two" WC="0.50" CC="571"/>
						<SP ID="P246_SP00277" HPOS="329" VPOS="1413" WIDTH="13"/>
						<String ID="P246_ST00317" HPOS="342" VPOS="1388" WIDTH="83" HEIGHT="31" CONTENT='days."' WC="0.34" CC="887626"/>
					</TextLine>
				</TextBlock>
			</PrintSpace>
		</Page>
	</Layout>
</alto>
