<?xml version="1.0" encoding="UTF-8"?>
<alto xmlns:xsi="http://www.w3.org/2001/XMLSchema-instance" xsi:noNamespaceSchemaLocation="http://www.bl.uk/schemas/alto/alto-1-4.xsd" xmlns:xlink="http://www.w3.org/1999/xlink">
	<Description>
		<MeasurementUnit>mm10</MeasurementUnit>
		<sourceImageInformation>
			<fileName>//head1/IN/A0010339154/004594.jp2</fileName>
		</sourceImageInformation>
		<OCRProcessing ID="OCRPROCESSING_1">
			<preProcessingStep>
				<processingSoftware>
					<softwareCreator>CCS Content Conversion Specialists GmbH, Germany</softwareCreator>
					<softwareName>CCS docWORKS</softwareName>
					<softwareVersion>6.1-0.67</softwareVersion>
				</processingSoftware>
			</preProcessingStep>
			<ocrProcessingStep>
				<processingSoftware>
					<softwareCreator>ABBYY (BIT Software), Russia</softwareCreator>
					<softwareName>Finereader</softwareName>
				</processingSoftware>
			</ocrProcessingStep>
		</OCRProcessing>
	</Description>
	<Styles>
		<TextStyle ID="TXT_0" FONTSIZE="10" FONTFAMILY="Courier New"/>
		<TextStyle ID="TXT_1" FONTSIZE="9" FONTFAMILY="Courier New"/>
		<ParagraphStyle ID="PAR_LEFT" ALIGN="Left"/>
		<ParagraphStyle ID="PAR_RIGHT" ALIGN="Right"/>
	</Styles>
	<Layout>
		<Page ID="P88" PHYSICAL_IMG_NR="88" HEIGHT="1694" WIDTH="967" PRINTED_IMG_NR="76" POSITION="Left" ACCURACY="57.31">
			<TopMargin ID="P88_TM00001" HPOS="0" VPOS="0" WIDTH="966" HEIGHT="139">
				<TextBlock ID="P88_TB00001" HPOS="161" VPOS="114" WIDTH="31" HEIGHT="24" STYLEREFS="TXT_0 PAR_LEFT">
					<TextLine ID="P88_TL00001" HPOS="191" VPOS="135" WIDTH="1" HEIGHT="3">
						<String ID="P88_ST00001" HPOS="191" VPOS="135" WIDTH="1" HEIGHT="3" CONTENT="76" WC="1.00" CC="00"/>
					</TextLine>
				</TextBlock>
				<TextBlock ID="P88_TB00002" HPOS="350" VPOS="114" WIDTH="380" HEIGHT="22" STYLEREFS="TXT_1 PAR_RIGHT">
					<TextLine ID="P88_TL00002" HPOS="351" VPOS="115" WIDTH="379" HEIGHT="21">
						<String ID="P88_ST00002" HPOS="351" VPOS="119" WIDTH="54" HEIGHT="17" CONTENT="THE" WC="0.41" CC="574"/>
						<SP ID="P88_SP00001" HPOS="405" VPOS="136" WIDTH="18"/>
						<String ID="P88_ST00003" HPOS="423" VPOS="117" WIDTH="76" HEIGHT="19" CONTENT="WELL" WC="0.30" CC="8674"/>
						<SP ID="P88_SP00002" HPOS="499" VPOS="136" WIDTH="18"/>
						<String ID="P88_ST00004" HPOS="517" VPOS="116" WIDTH="32" HEIGHT="20" CONTENT="OF" WC="0.63" CC="25"/>
						<SP ID="P88_SP00003" HPOS="549" VPOS="136" WIDTH="17"/>
						<String ID="P88_ST00005" HPOS="566" VPOS="115" WIDTH="164" HEIGHT="20" CONTENT="PEN-MORFA." WC="0.41" CC="7584738560"/>
					</TextLine>
				</TextBlock>
			</TopMargin>
			<LeftMargin ID="P88_LM00001" HPOS="0" VPOS="139" WIDTH="156" HEIGHT="1347"/>
			<RightMargin ID="P88_RM00001" HPOS="919" VPOS="139" WIDTH="47" HEIGHT="1347"/>
			<BottomMargin ID="P88_BM00001" HPOS="0" VPOS="1486" WIDTH="966" HEIGHT="208"/>
			<PrintSpace ID="P88_PS00001" HPOS="156" VPOS="139" WIDTH="763" HEIGHT="1347">
				<TextBlock ID="P88_TB00003" HPOS="158" VPOS="176" WIDTH="761" HEIGHT="899" STYLEREFS="TXT_1 PAR_LEFT">
					<TextLine ID="P88_TL00003" HPOS="161" VPOS="177" WIDTH="758" HEIGHT="38">
						<String ID="P88_ST00006" HPOS="161" VPOS="182" WIDTH="128" HEIGHT="33" CONTENT="prevented" WC="0.56" CC="700807707"/>
						<SP ID="P88_SP00004" HPOS="289" VPOS="215" WIDTH="13"/>
						<String ID="P88_ST00007" HPOS="302" VPOS="182" WIDTH="38" HEIGHT="23" CONTENT="his" WC="0.52" CC="751"/>
						<SP ID="P88_SP00005" HPOS="340" VPOS="215" WIDTH="17"/>
						<String ID="P88_ST00008" HPOS="357" VPOS="180" WIDTH="117" HEIGHT="33" CONTENT="approach" WC="0.59" CC="07824026"/>
						<SP ID="P88_SP00006" HPOS="474" VPOS="215" WIDTH="18"/>
						<String ID="P88_ST00009" HPOS="492" VPOS="180" WIDTH="61" HEIGHT="24" CONTENT="from" WC="0.80" CC="3300"/>
						<SP ID="P88_SP00007" HPOS="553" VPOS="215" WIDTH="17"/>
						<String ID="P88_ST00010" HPOS="570" VPOS="178" WIDTH="73" HEIGHT="32" CONTENT="being" WC="0.49" CC="80780"/>
						<SP ID="P88_SP00008" HPOS="643" VPOS="215" WIDTH="17"/>
						<String ID="P88_ST00011" HPOS="660" VPOS="178" WIDTH="74" HEIGHT="25" CONTENT="heard" WC="0.47" CC="50388"/>
						<String ID="P88_ST00012" HPOS="743" VPOS="186" WIDTH="6" HEIGHT="21" CONTENT=";" WC="0.59" CC="4"/>
						<SP ID="P88_SP00009" HPOS="749" VPOS="215" WIDTH="21"/>
						<String ID="P88_ST00013" HPOS="770" VPOS="177" WIDTH="54" HEIGHT="30" CONTENT="and," WC="0.61" CC="0770"/>
						<SP ID="P88_SP00010" HPOS="824" VPOS="215" WIDTH="18"/>
						<String ID="P88_ST00014" HPOS="842" VPOS="177" WIDTH="77" HEIGHT="25" CONTENT="stand" SUBS_TYPE="HypPart1" SUBS_CONTENT="standing" WC="0.42" CC="445784"/>
						<HYP CONTENT="-"/>
					</TextLine>
					<TextLine ID="P88_TL00004" HPOS="161" VPOS="219" WIDTH="758" HEIGHT="37">
						<String ID="P88_ST00015" HPOS="161" VPOS="225" WIDTH="41" HEIGHT="31" CONTENT="ing" SUBS_TYPE="HypPart2" SUBS_CONTENT="standing" WC="0.50" CC="680"/>
						<SP ID="P88_SP00011" HPOS="202" VPOS="256" WIDTH="12"/>
						<String ID="P88_ST00016" HPOS="214" VPOS="226" WIDTH="24" HEIGHT="22" CONTENT="at" WC="0.51" CC="27"/>
						<SP ID="P88_SP00012" HPOS="238" VPOS="256" WIDTH="17"/>
						<String ID="P88_ST00017" HPOS="255" VPOS="224" WIDTH="41" HEIGHT="24" CONTENT="the" WC="0.72" CC="070"/>
						<SP ID="P88_SP00013" HPOS="296" VPOS="256" WIDTH="11"/>
						<String ID="P88_ST00018" HPOS="307" VPOS="222" WIDTH="132" HEIGHT="28" CONTENT="threshold," WC="0.51" CC="7881373070"/>
						<SP ID="P88_SP00014" HPOS="439" VPOS="256" WIDTH="14"/>
						<String ID="P88_ST00019" HPOS="453" VPOS="221" WIDTH="30" HEIGHT="24" CONTENT="he" WC="0.63" CC="70"/>
						<SP ID="P88_SP00015" HPOS="483" VPOS="256" WIDTH="13"/>
						<String ID="P88_ST00020" HPOS="496" VPOS="229" WIDTH="47" HEIGHT="16" CONTENT="saw" WC="0.49" CC="707"/>
						<SP ID="P88_SP00016" HPOS="543" VPOS="256" WIDTH="12"/>
						<String ID="P88_ST00021" HPOS="555" VPOS="228" WIDTH="57" HEIGHT="24" CONTENT="poor" WC="0.60" CC="7007"/>
						<SP ID="P88_SP00017" HPOS="612" VPOS="256" WIDTH="12"/>
						<String ID="P88_ST00022" HPOS="624" VPOS="221" WIDTH="69" HEIGHT="30" CONTENT="Mary" WC="0.49" CC="4068"/>
						<SP ID="P88_SP00018" HPOS="693" VPOS="256" WIDTH="11"/>
						<String ID="P88_ST00023" HPOS="704" VPOS="219" WIDTH="119" HEIGHT="25" CONTENT="Williams" WC="0.64" CC="80704107"/>
						<SP ID="P88_SP00019" HPOS="823" VPOS="256" WIDTH="13"/>
						<String ID="P88_ST00024" HPOS="836" VPOS="219" WIDTH="83" HEIGHT="33" CONTENT="pacing" WC="0.59" CC="821370"/>
					</TextLine>
					<TextLine ID="P88_TL00005" HPOS="161" VPOS="260" WIDTH="758" HEIGHT="30">
						<String ID="P88_ST00025" HPOS="161" VPOS="265" WIDTH="136" HEIGHT="25" CONTENT="backwards" WC="0.52" CC="703588080"/>
						<SP ID="P88_SP00020" HPOS="297" VPOS="290" WIDTH="24"/>
						<String ID="P88_ST00026" HPOS="321" VPOS="263" WIDTH="45" HEIGHT="24" CONTENT="and" WC="0.57" CC="066"/>
						<SP ID="P88_SP00021" HPOS="366" VPOS="290" WIDTH="18"/>
						<String ID="P88_ST00027" HPOS="384" VPOS="262" WIDTH="110" HEIGHT="25" CONTENT="forwards" WC="0.49" CC="20773863"/>
						<SP ID="P88_SP00022" HPOS="494" VPOS="290" WIDTH="19"/>
						<String ID="P88_ST00028" HPOS="513" VPOS="261" WIDTH="26" HEIGHT="24" CONTENT="in" WC="0.36" CC="48"/>
						<SP ID="P88_SP00023" HPOS="539" VPOS="290" WIDTH="23"/>
						<String ID="P88_ST00029" HPOS="562" VPOS="269" WIDTH="65" HEIGHT="17" CONTENT="some" WC="0.75" CC="2401"/>
						<SP ID="P88_SP00024" HPOS="627" VPOS="290" WIDTH="22"/>
						<String ID="P88_ST00030" HPOS="649" VPOS="260" WIDTH="55" HEIGHT="25" CONTENT="wild" WC="0.36" CC="8438"/>
						<SP ID="P88_SP00025" HPOS="704" VPOS="290" WIDTH="23"/>
						<String ID="P88_ST00031" HPOS="727" VPOS="260" WIDTH="78" HEIGHT="25" CONTENT="mood." WC="0.65" CC="40084"/>
						<SP ID="P88_SP00026" HPOS="805" VPOS="290" WIDTH="48"/>
						<String ID="P88_ST00032" HPOS="853" VPOS="260" WIDTH="66" HEIGHT="30" CONTENT="Nest," WC="0.66" CC="70350"/>
					</TextLine>
					<TextLine ID="P88_TL00006" HPOS="161" VPOS="301" WIDTH="758" HEIGHT="36">
						<String ID="P88_ST00033" HPOS="161" VPOS="306" WIDTH="88" HEIGHT="31" CONTENT="cripple" WC="0.41" CC="0767864"/>
						<SP ID="P88_SP00027" HPOS="249" VPOS="337" WIDTH="14"/>
						<String ID="P88_ST00034" HPOS="263" VPOS="313" WIDTH="25" HEIGHT="16" CONTENT="as" WC="0.37" CC="75"/>
						<SP ID="P88_SP00028" HPOS="288" VPOS="337" WIDTH="19"/>
						<String ID="P88_ST00035" HPOS="307" VPOS="305" WIDTH="42" HEIGHT="24" CONTENT="she" WC="0.70" CC="350"/>
						<SP ID="P88_SP00029" HPOS="349" VPOS="337" WIDTH="12"/>
						<String ID="P88_ST00036" HPOS="361" VPOS="312" WIDTH="55" HEIGHT="20" CONTENT="was," WC="0.58" CC="7170"/>
						<SP ID="P88_SP00030" HPOS="416" VPOS="337" WIDTH="13"/>
						<String ID="P88_ST00037" HPOS="429" VPOS="312" WIDTH="49" HEIGHT="15" CONTENT="was" WC="0.59" CC="803"/>
						<SP ID="P88_SP00031" HPOS="478" VPOS="337" WIDTH="16"/>
						<String ID="P88_ST00038" HPOS="494" VPOS="302" WIDTH="103" HEIGHT="32" CONTENT="walking" WC="0.60" CC="8202580"/>
						<SP ID="P88_SP00032" HPOS="597" VPOS="337" WIDTH="12"/>
						<String ID="P88_ST00039" HPOS="609" VPOS="302" WIDTH="57" HEIGHT="24" CONTENT="with" WC="0.34" CC="8728"/>
						<SP ID="P88_SP00033" HPOS="666" VPOS="337" WIDTH="14"/>
						<String ID="P88_ST00040" HPOS="680" VPOS="303" WIDTH="51" HEIGHT="28" CONTENT="her," WC="0.61" CC="5720"/>
						<SP ID="P88_SP00034" HPOS="731" VPOS="337" WIDTH="20"/>
						<String ID="P88_ST00041" HPOS="751" VPOS="301" WIDTH="114" HEIGHT="32" CONTENT="speaking" WC="0.46" CC="65088680"/>
						<SP ID="P88_SP00035" HPOS="865" VPOS="337" WIDTH="12"/>
						<String ID="P88_ST00042" HPOS="877" VPOS="303" WIDTH="42" HEIGHT="23" CONTENT="low" WC="0.59" CC="407"/>
					</TextLine>
					<TextLine ID="P88_TL00007" HPOS="162" VPOS="343" WIDTH="757" HEIGHT="35">
						<String ID="P88_ST00043" HPOS="162" VPOS="346" WIDTH="110" HEIGHT="32" CONTENT="soothing" WC="0.59" CC="40407780"/>
						<SP ID="P88_SP00036" HPOS="272" VPOS="378" WIDTH="16"/>
						<String ID="P88_ST00044" HPOS="288" VPOS="345" WIDTH="85" HEIGHT="29" CONTENT="words," WC="0.56" CC="804760"/>
						<SP ID="P88_SP00037" HPOS="373" VPOS="378" WIDTH="19"/>
						<String ID="P88_ST00045" HPOS="392" VPOS="344" WIDTH="36" HEIGHT="25" CONTENT="till" WC="0.51" CC="6066"/>
						<SP ID="P88_SP00038" HPOS="428" VPOS="378" WIDTH="18"/>
						<String ID="P88_ST00046" HPOS="446" VPOS="345" WIDTH="41" HEIGHT="23" CONTENT="the" WC="0.65" CC="540"/>
						<SP ID="P88_SP00039" HPOS="487" VPOS="378" WIDTH="18"/>
						<String ID="P88_ST00047" HPOS="505" VPOS="352" WIDTH="58" HEIGHT="24" CONTENT="pace" WC="0.54" CC="8710"/>
						<SP ID="P88_SP00040" HPOS="563" VPOS="378" WIDTH="18"/>
						<String ID="P88_ST00048" HPOS="581" VPOS="352" WIDTH="48" HEIGHT="17" CONTENT="was" WC="0.24" CC="876"/>
						<SP ID="P88_SP00041" HPOS="629" VPOS="378" WIDTH="19"/>
						<String ID="P88_ST00049" HPOS="648" VPOS="343" WIDTH="134" HEIGHT="29" CONTENT="slackened," WC="0.54" CC="6603838080"/>
						<SP ID="P88_SP00042" HPOS="782" VPOS="378" WIDTH="19"/>
						<String ID="P88_ST00050" HPOS="801" VPOS="343" WIDTH="47" HEIGHT="24" CONTENT="and" WC="0.32" CC="487"/>
						<SP ID="P88_SP00043" HPOS="848" VPOS="378" WIDTH="17"/>
						<String ID="P88_ST00051" HPOS="865" VPOS="343" WIDTH="54" HEIGHT="25" CONTENT="time" WC="0.86" CC="0500"/>
					</TextLine>
					<TextLine ID="P88_TL00008" HPOS="161" VPOS="386" WIDTH="758" HEIGHT="33">
						<String ID="P88_ST00052" HPOS="161" VPOS="387" WIDTH="47" HEIGHT="24" CONTENT="and" WC="0.24" CC="688"/>
						<SP ID="P88_SP00044" HPOS="208" VPOS="411" WIDTH="22"/>
						<String ID="P88_ST00053" HPOS="230" VPOS="386" WIDTH="126" HEIGHT="33" CONTENT="breathing" WC="0.47" CC="850857370"/>
						<SP ID="P88_SP00045" HPOS="356" VPOS="419" WIDTH="17"/>
						<String ID="P88_ST00054" HPOS="373" VPOS="394" WIDTH="49" HEIGHT="16" CONTENT="was" WC="0.33" CC="865"/>
						<SP ID="P88_SP00046" HPOS="422" VPOS="419" WIDTH="21"/>
						<String ID="P88_ST00055" HPOS="443" VPOS="386" WIDTH="69" HEIGHT="32" CONTENT="given" WC="0.65" CC="00807"/>
						<SP ID="P88_SP00047" HPOS="512" VPOS="419" WIDTH="21"/>
						<String ID="P88_ST00056" HPOS="533" VPOS="387" WIDTH="24" HEIGHT="22" CONTENT="to" WC="0.98" CC="00"/>
						<SP ID="P88_SP00048" HPOS="557" VPOS="419" WIDTH="19"/>
						<String ID="P88_ST00057" HPOS="576" VPOS="387" WIDTH="44" HEIGHT="30" CONTENT="put" WC="0.41" CC="872"/>
						<SP ID="P88_SP00049" HPOS="620" VPOS="419" WIDTH="18"/>
						<String ID="P88_ST00058" HPOS="638" VPOS="386" WIDTH="44" HEIGHT="23" CONTENT="her" WC="0.54" CC="805"/>
						<SP ID="P88_SP00050" HPOS="682" VPOS="419" WIDTH="20"/>
						<String ID="P88_ST00059" HPOS="702" VPOS="394" WIDTH="51" HEIGHT="15" CONTENT="arm" WC="0.26" CC="687"/>
						<SP ID="P88_SP00051" HPOS="753" VPOS="419" WIDTH="18"/>
						<String ID="P88_ST00060" HPOS="771" VPOS="386" WIDTH="89" HEIGHT="22" CONTENT="around" WC="0.47" CC="016788"/>
						<SP ID="P88_SP00052" HPOS="860" VPOS="419" WIDTH="21"/>
						<String ID="P88_ST00061" HPOS="881" VPOS="386" WIDTH="38" HEIGHT="23" CONTENT="the" WC="0.52" CC="562"/>
					</TextLine>
					<TextLine ID="P88_TL00009" HPOS="162" VPOS="426" WIDTH="757" HEIGHT="33">
						<String ID="P88_ST00062" HPOS="162" VPOS="436" WIDTH="68" HEIGHT="23" CONTENT="crazy" WC="0.58" CC="55036"/>
						<SP ID="P88_SP00053" HPOS="230" VPOS="459" WIDTH="9"/>
						<String ID="P88_ST00063" HPOS="239" VPOS="428" WIDTH="112" HEIGHT="24" CONTENT="woman's" WC="0.60" CC="8305152"/>
						<SP ID="P88_SP00054" HPOS="351" VPOS="459" WIDTH="9"/>
						<String ID="P88_ST00064" HPOS="360" VPOS="427" WIDTH="69" HEIGHT="28" CONTENT="neck," WC="0.68" CC="70260"/>
						<SP ID="P88_SP00055" HPOS="429" VPOS="459" WIDTH="11"/>
						<String ID="P88_ST00065" HPOS="440" VPOS="427" WIDTH="47" HEIGHT="23" CONTENT="and" WC="0.22" CC="688"/>
						<SP ID="P88_SP00056" HPOS="487" VPOS="459" WIDTH="9"/>
						<String ID="P88_ST00066" HPOS="496" VPOS="426" WIDTH="82" HEIGHT="25" CONTENT="soothe" WC="0.58" CC="615460"/>
						<SP ID="P88_SP00057" HPOS="578" VPOS="459" WIDTH="13"/>
						<String ID="P88_ST00067" HPOS="591" VPOS="426" WIDTH="43" HEIGHT="24" CONTENT="her" WC="0.54" CC="706"/>
						<SP ID="P88_SP00058" HPOS="634" VPOS="459" WIDTH="10"/>
						<String ID="P88_ST00068" HPOS="644" VPOS="426" WIDTH="32" HEIGHT="32" CONTENT="by" WC="0.25" CC="86"/>
						<SP ID="P88_SP00059" HPOS="676" VPOS="459" WIDTH="12"/>
						<String ID="P88_ST00069" HPOS="688" VPOS="426" WIDTH="48" HEIGHT="24" CONTENT="this" WC="0.57" CC="0835"/>
						<SP ID="P88_SP00060" HPOS="736" VPOS="459" WIDTH="12"/>
						<String ID="P88_ST00070" HPOS="748" VPOS="426" WIDTH="83" HEIGHT="24" CONTENT="tender" WC="0.56" CC="207808"/>
						<SP ID="P88_SP00061" HPOS="831" VPOS="459" WIDTH="12"/>
						<String ID="P88_ST00071" HPOS="843" VPOS="435" WIDTH="76" HEIGHT="16" CONTENT="caress" WC="0.62" CC="078042"/>
					</TextLine>
					<TextLine ID="P88_TL00010" HPOS="160" VPOS="467" WIDTH="759" HEIGHT="34">
						<String ID="P88_ST00072" HPOS="160" VPOS="469" WIDTH="51" HEIGHT="24" CONTENT="into" WC="0.69" CC="4700"/>
						<SP ID="P88_SP00062" HPOS="211" VPOS="493" WIDTH="12"/>
						<String ID="P88_ST00073" HPOS="223" VPOS="469" WIDTH="40" HEIGHT="24" CONTENT="the" WC="0.58" CC="281"/>
						<SP ID="P88_SP00063" HPOS="263" VPOS="493" WIDTH="13"/>
						<String ID="P88_ST00074" HPOS="276" VPOS="469" WIDTH="64" HEIGHT="32" CONTENT="quiet" WC="0.47" CC="76606"/>
						<SP ID="P88_SP00064" HPOS="340" VPOS="501" WIDTH="12"/>
						<String ID="P88_ST00075" HPOS="352" VPOS="469" WIDTH="85" HEIGHT="30" CONTENT="luxury" WC="0.33" CC="368675"/>
						<SP ID="P88_SP00065" HPOS="437" VPOS="501" WIDTH="19"/>
						<String ID="P88_ST00076" HPOS="456" VPOS="468" WIDTH="25" HEIGHT="23" CONTENT="of" WC="0.68" CC="24"/>
						<SP ID="P88_SP00066" HPOS="481" VPOS="501" WIDTH="11"/>
						<String ID="P88_ST00077" HPOS="492" VPOS="469" WIDTH="64" HEIGHT="22" CONTENT="tears" WC="0.78" CC="00073"/>
						<String ID="P88_ST00078" HPOS="557" VPOS="481" WIDTH="34" HEIGHT="4" CONTENT="—" WC="0.20" CC="8"/>
						<String ID="P88_ST00079" HPOS="591" VPOS="469" WIDTH="64" HEIGHT="22" CONTENT="tears" WC="0.77" CC="40006"/>
						<SP ID="P88_SP00067" HPOS="655" VPOS="501" WIDTH="13"/>
						<String ID="P88_ST00080" HPOS="668" VPOS="467" WIDTH="77" HEIGHT="24" CONTENT="which" WC="0.48" CC="78027"/>
						<SP ID="P88_SP00068" HPOS="745" VPOS="501" WIDTH="18"/>
						<String ID="P88_ST00081" HPOS="763" VPOS="467" WIDTH="52" HEIGHT="31" CONTENT="give" WC="0.63" CC="0526"/>
						<SP ID="P88_SP00069" HPOS="815" VPOS="501" WIDTH="12"/>
						<String ID="P88_ST00082" HPOS="827" VPOS="468" WIDTH="40" HEIGHT="23" CONTENT="the" WC="0.44" CC="771"/>
						<SP ID="P88_SP00070" HPOS="867" VPOS="501" WIDTH="12"/>
						<String ID="P88_ST00083" HPOS="879" VPOS="468" WIDTH="40" HEIGHT="23" CONTENT="hot" WC="0.44" CC="816"/>
					</TextLine>
					<TextLine ID="P88_TL00011" HPOS="160" VPOS="508" WIDTH="758" HEIGHT="33">
						<String ID="P88_ST00084" HPOS="160" VPOS="511" WIDTH="69" HEIGHT="24" CONTENT="brain" WC="0.50" CC="70537"/>
						<SP ID="P88_SP00071" HPOS="229" VPOS="535" WIDTH="11"/>
						<String ID="P88_ST00085" HPOS="240" VPOS="510" WIDTH="74" HEIGHT="24" CONTENT="relief." WC="0.72" CC="8403020"/>
						<SP ID="P88_SP00072" HPOS="314" VPOS="535" WIDTH="37"/>
						<String ID="P88_ST00086" HPOS="351" VPOS="510" WIDTH="68" HEIGHT="24" CONTENT="Then" WC="0.44" CC="6708"/>
						<SP ID="P88_SP00073" HPOS="419" VPOS="535" WIDTH="17"/>
						<String ID="P88_ST00087" HPOS="436" VPOS="508" WIDTH="79" HEIGHT="25" CONTENT="David" WC="0.27" CC="67858"/>
						<SP ID="P88_SP00074" HPOS="515" VPOS="535" WIDTH="17"/>
						<String ID="P88_ST00088" HPOS="532" VPOS="508" WIDTH="102" HEIGHT="33" CONTENT="Hughes" WC="0.44" CC="767704"/>
						<SP ID="P88_SP00075" HPOS="634" VPOS="541" WIDTH="18"/>
						<String ID="P88_ST00089" HPOS="652" VPOS="517" WIDTH="66" HEIGHT="15" CONTENT="came" WC="0.72" CC="0460"/>
						<SP ID="P88_SP00076" HPOS="718" VPOS="541" WIDTH="19"/>
						<String ID="P88_ST00090" HPOS="737" VPOS="508" WIDTH="32" HEIGHT="24" CONTENT="in." WC="0.75" CC="060"/>
						<SP ID="P88_SP00077" HPOS="769" VPOS="541" WIDTH="37"/>
						<String ID="P88_ST00091" HPOS="806" VPOS="509" WIDTH="46" HEIGHT="24" CONTENT="His" WC="0.56" CC="822"/>
						<SP ID="P88_SP00078" HPOS="852" VPOS="541" WIDTH="16"/>
						<String ID="P88_ST00092" HPOS="868" VPOS="508" WIDTH="50" HEIGHT="25" CONTENT="first" WC="0.85" CC="00700"/>
					</TextLine>
					<TextLine ID="P88_TL00012" HPOS="160" VPOS="550" WIDTH="757" HEIGHT="31">
						<String ID="P88_ST00093" HPOS="160" VPOS="552" WIDTH="84" HEIGHT="28" CONTENT="words," WC="0.66" CC="800830"/>
						<SP ID="P88_SP00079" HPOS="244" VPOS="580" WIDTH="23"/>
						<String ID="P88_ST00094" HPOS="267" VPOS="560" WIDTH="26" HEIGHT="15" CONTENT="as" WC="0.63" CC="34"/>
						<SP ID="P88_SP00080" HPOS="293" VPOS="580" WIDTH="19"/>
						<String ID="P88_ST00095" HPOS="312" VPOS="552" WIDTH="30" HEIGHT="23" CONTENT="he" WC="0.57" CC="80"/>
						<SP ID="P88_SP00081" HPOS="342" VPOS="580" WIDTH="19"/>
						<String ID="P88_ST00096" HPOS="361" VPOS="551" WIDTH="57" HEIGHT="24" CONTENT="took" WC="0.74" CC="0504"/>
						<SP ID="P88_SP00082" HPOS="418" VPOS="580" WIDTH="21"/>
						<String ID="P88_ST00097" HPOS="439" VPOS="551" WIDTH="34" HEIGHT="23" CONTENT="off" WC="1.00" CC="000"/>
						<SP ID="P88_SP00083" HPOS="473" VPOS="580" WIDTH="16"/>
						<String ID="P88_ST00098" HPOS="489" VPOS="550" WIDTH="39" HEIGHT="24" CONTENT="his" WC="0.62" CC="703"/>
						<SP ID="P88_SP00084" HPOS="528" VPOS="580" WIDTH="15"/>
						<String ID="P88_ST00099" HPOS="543" VPOS="550" WIDTH="50" HEIGHT="30" CONTENT="hat," WC="0.79" CC="4030"/>
						<SP ID="P88_SP00085" HPOS="593" VPOS="580" WIDTH="17"/>
						<String ID="P88_ST00100" HPOS="610" VPOS="550" WIDTH="111" HEIGHT="31" CONTENT="standing" WC="0.40" CC="50787781"/>
						<SP ID="P88_SP00086" HPOS="721" VPOS="581" WIDTH="17"/>
						<String ID="P88_ST00101" HPOS="738" VPOS="559" WIDTH="30" HEIGHT="15" CONTENT="on" WC="0.64" CC="07"/>
						<SP ID="P88_SP00087" HPOS="768" VPOS="581" WIDTH="17"/>
						<String ID="P88_ST00102" HPOS="785" VPOS="551" WIDTH="41" HEIGHT="23" CONTENT="the" WC="0.76" CC="070"/>
						<SP ID="P88_SP00088" HPOS="826" VPOS="581" WIDTH="17"/>
						<String ID="P88_ST00103" HPOS="843" VPOS="551" WIDTH="74" HEIGHT="29" CONTENT="lintel," WC="0.60" CC="5580170"/>
					</TextLine>
					<TextLine ID="P88_TL00013" HPOS="160" VPOS="591" WIDTH="757" HEIGHT="32">
						<String ID="P88_ST00104" HPOS="160" VPOS="601" WIDTH="60" HEIGHT="16" CONTENT="were" WC="0.57" CC="8080"/>
						<String ID="P88_ST00105" HPOS="223" VPOS="607" WIDTH="32" HEIGHT="3" CONTENT="—" WC="0.20" CC="8"/>
						<String ID="P88_ST00106" HPOS="257" VPOS="594" WIDTH="16" HEIGHT="12" CONTENT='"' WC="1.00" CC="0"/>
						<SP ID="P88_SP00089" HPOS="273" VPOS="617" WIDTH="12"/>
						<String ID="P88_ST00107" HPOS="285" VPOS="592" WIDTH="50" HEIGHT="24" CONTENT="The" WC="0.61" CC="550"/>
						<SP ID="P88_SP00090" HPOS="335" VPOS="617" WIDTH="29"/>
						<String ID="P88_ST00108" HPOS="364" VPOS="600" WIDTH="72" HEIGHT="23" CONTENT="peace" WC="0.63" CC="80630"/>
						<SP ID="P88_SP00091" HPOS="436" VPOS="623" WIDTH="29"/>
						<String ID="P88_ST00109" HPOS="465" VPOS="591" WIDTH="26" HEIGHT="23" CONTENT="of" WC="0.63" CC="70"/>
						<SP ID="P88_SP00092" HPOS="491" VPOS="623" WIDTH="26"/>
						<String ID="P88_ST00110" HPOS="517" VPOS="591" WIDTH="55" HEIGHT="24" CONTENT="God" WC="0.49" CC="806"/>
						<SP ID="P88_SP00093" HPOS="572" VPOS="623" WIDTH="28"/>
						<String ID="P88_ST00111" HPOS="600" VPOS="591" WIDTH="29" HEIGHT="24" CONTENT="be" WC="0.23" CC="87"/>
						<SP ID="P88_SP00094" HPOS="629" VPOS="623" WIDTH="29"/>
						<String ID="P88_ST00112" HPOS="658" VPOS="599" WIDTH="63" HEIGHT="24" CONTENT="upon" WC="0.56" CC="6811"/>
						<SP ID="P88_SP00095" HPOS="721" VPOS="623" WIDTH="29"/>
						<String ID="P88_ST00113" HPOS="750" VPOS="591" WIDTH="48" HEIGHT="24" CONTENT="this" WC="0.65" CC="0750"/>
						<SP ID="P88_SP00096" HPOS="798" VPOS="623" WIDTH="23"/>
						<String ID="P88_ST00114" HPOS="821" VPOS="592" WIDTH="96" HEIGHT="24" CONTENT='house."' WC="0.54" CC="7176035"/>
					</TextLine>
					<TextLine ID="P88_TL00014" HPOS="160" VPOS="633" WIDTH="758" HEIGHT="32">
						<String ID="P88_ST00115" HPOS="160" VPOS="634" WIDTH="100" HEIGHT="23" CONTENT="Neither" WC="0.66" CC="5042703"/>
						<SP ID="P88_SP00097" HPOS="260" VPOS="657" WIDTH="12"/>
						<String ID="P88_ST00116" HPOS="272" VPOS="634" WIDTH="29" HEIGHT="23" CONTENT="he" WC="0.56" CC="80"/>
						<SP ID="P88_SP00098" HPOS="301" VPOS="657" WIDTH="12"/>
						<String ID="P88_ST00117" HPOS="313" VPOS="641" WIDTH="44" HEIGHT="16" CONTENT="nor" WC="0.72" CC="800"/>
						<SP ID="P88_SP00099" HPOS="357" VPOS="657" WIDTH="11"/>
						<String ID="P88_ST00118" HPOS="368" VPOS="633" WIDTH="61" HEIGHT="24" CONTENT="Nest" WC="0.59" CC="5306"/>
						<SP ID="P88_SP00100" HPOS="429" VPOS="657" WIDTH="12"/>
						<String ID="P88_ST00119" HPOS="441" VPOS="633" WIDTH="110" HEIGHT="24" CONTENT="recurred" WC="0.53" CC="45157308"/>
						<SP ID="P88_SP00101" HPOS="551" VPOS="657" WIDTH="12"/>
						<String ID="P88_ST00120" HPOS="563" VPOS="634" WIDTH="25" HEIGHT="23" CONTENT="to" WC="0.83" CC="30"/>
						<SP ID="P88_SP00102" HPOS="588" VPOS="657" WIDTH="12"/>
						<String ID="P88_ST00121" HPOS="600" VPOS="633" WIDTH="40" HEIGHT="24" CONTENT="the" WC="0.61" CC="370"/>
						<SP ID="P88_SP00103" HPOS="640" VPOS="657" WIDTH="12"/>
						<String ID="P88_ST00122" HPOS="652" VPOS="635" WIDTH="62" HEIGHT="29" CONTENT="past," WC="0.75" CC="73100"/>
						<SP ID="P88_SP00104" HPOS="714" VPOS="664" WIDTH="13"/>
						<String ID="P88_ST00123" HPOS="727" VPOS="633" WIDTH="91" HEIGHT="32" CONTENT="though" WC="0.49" CC="653707"/>
						<SP ID="P88_SP00105" HPOS="818" VPOS="665" WIDTH="13"/>
						<String ID="P88_ST00124" HPOS="831" VPOS="634" WIDTH="87" HEIGHT="24" CONTENT="solemn" WC="0.72" CC="502008"/>
					</TextLine>
					<TextLine ID="P88_TL00015" HPOS="160" VPOS="674" WIDTH="758" HEIGHT="30">
						<String ID="P88_ST00125" HPOS="160" VPOS="674" WIDTH="163" HEIGHT="26" CONTENT="recollections" WC="0.64" CC="4032605143086"/>
						<SP ID="P88_SP00106" HPOS="323" VPOS="700" WIDTH="19"/>
						<String ID="P88_ST00126" HPOS="342" VPOS="674" WIDTH="65" HEIGHT="25" CONTENT="filled" WC="0.68" CC="005318"/>
						<SP ID="P88_SP00107" HPOS="407" VPOS="700" WIDTH="20"/>
						<String ID="P88_ST00127" HPOS="427" VPOS="674" WIDTH="62" HEIGHT="24" CONTENT="their" WC="0.59" CC="07138"/>
						<SP ID="P88_SP00108" HPOS="489" VPOS="700" WIDTH="21"/>
						<String ID="P88_ST00128" HPOS="510" VPOS="674" WIDTH="85" HEIGHT="24" CONTENT="minds." WC="0.56" CC="508840"/>
						<SP ID="P88_SP00109" HPOS="595" VPOS="700" WIDTH="48"/>
						<String ID="P88_ST00129" HPOS="643" VPOS="674" WIDTH="85" HEIGHT="24" CONTENT="Before" WC="0.66" CC="704080"/>
						<SP ID="P88_SP00110" HPOS="728" VPOS="700" WIDTH="21"/>
						<String ID="P88_ST00130" HPOS="749" VPOS="674" WIDTH="31" HEIGHT="25" CONTENT="he" WC="0.62" CC="70"/>
						<SP ID="P88_SP00111" HPOS="780" VPOS="700" WIDTH="18"/>
						<String ID="P88_ST00131" HPOS="798" VPOS="677" WIDTH="68" HEIGHT="27" CONTENT="went," WC="0.55" CC="80760"/>
						<SP ID="P88_SP00112" HPOS="866" VPOS="704" WIDTH="21"/>
						<String ID="P88_ST00132" HPOS="887" VPOS="676" WIDTH="31" HEIGHT="23" CONTENT="all" WC="0.32" CC="577"/>
					</TextLine>
					<TextLine ID="P88_TL00016" HPOS="159" VPOS="716" WIDTH="757" HEIGHT="31">
						<String ID="P88_ST00133" HPOS="159" VPOS="717" WIDTH="67" HEIGHT="24" CONTENT="three" WC="0.60" CC="67500"/>
						<SP ID="P88_SP00113" HPOS="226" VPOS="741" WIDTH="19"/>
						<String ID="P88_ST00134" HPOS="245" VPOS="717" WIDTH="67" HEIGHT="23" CONTENT="knelt" WC="0.69" CC="40037"/>
						<SP ID="P88_SP00114" HPOS="312" VPOS="741" WIDTH="20"/>
						<String ID="P88_ST00135" HPOS="332" VPOS="717" WIDTH="45" HEIGHT="23" CONTENT="and" WC="0.45" CC="088"/>
						<SP ID="P88_SP00115" HPOS="377" VPOS="741" WIDTH="21"/>
						<String ID="P88_ST00136" HPOS="398" VPOS="717" WIDTH="88" HEIGHT="30" CONTENT="prayed" WC="0.52" CC="830808"/>
						<String ID="P88_ST00137" HPOS="496" VPOS="724" WIDTH="6" HEIGHT="21" CONTENT=";" WC="0.51" CC="4"/>
						<SP ID="P88_SP00116" HPOS="502" VPOS="747" WIDTH="26"/>
						<String ID="P88_ST00138" HPOS="528" VPOS="716" WIDTH="45" HEIGHT="29" CONTENT="for," WC="0.40" CC="7554"/>
						<SP ID="P88_SP00117" HPOS="573" VPOS="747" WIDTH="18"/>
						<String ID="P88_ST00139" HPOS="591" VPOS="723" WIDTH="26" HEIGHT="17" CONTENT="as" WC="0.65" CC="42"/>
						<SP ID="P88_SP00118" HPOS="617" VPOS="747" WIDTH="16"/>
						<String ID="P88_ST00140" HPOS="633" VPOS="716" WIDTH="61" HEIGHT="24" CONTENT="Nest" WC="0.57" CC="7115"/>
						<SP ID="P88_SP00119" HPOS="694" VPOS="747" WIDTH="17"/>
						<String ID="P88_ST00141" HPOS="711" VPOS="716" WIDTH="51" HEIGHT="24" CONTENT="told" WC="0.55" CC="6047"/>
						<SP ID="P88_SP00120" HPOS="762" VPOS="747" WIDTH="17"/>
						<String ID="P88_ST00142" HPOS="779" VPOS="716" WIDTH="58" HEIGHT="29" CONTENT="him," WC="0.48" CC="6670"/>
						<SP ID="P88_SP00121" HPOS="837" VPOS="747" WIDTH="17"/>
						<String ID="P88_ST00143" HPOS="854" VPOS="724" WIDTH="62" HEIGHT="16" CONTENT="some" WC="0.73" CC="6300"/>
					</TextLine>
					<TextLine ID="P88_TL00017" HPOS="159" VPOS="757" WIDTH="757" HEIGHT="32">
						<String ID="P88_ST00144" HPOS="159" VPOS="758" WIDTH="143" HEIGHT="31" CONTENT="mysterious" WC="0.58" CC="7734081080"/>
						<SP ID="P88_SP00122" HPOS="302" VPOS="789" WIDTH="12"/>
						<String ID="P88_ST00145" HPOS="314" VPOS="757" WIDTH="119" HEIGHT="25" CONTENT="influence" WC="0.61" CC="180061753"/>
						<SP ID="P88_SP00123" HPOS="433" VPOS="789" WIDTH="18"/>
						<String ID="P88_ST00146" HPOS="451" VPOS="757" WIDTH="27" HEIGHT="24" CONTENT="of" WC="0.81" CC="03"/>
						<SP ID="P88_SP00124" HPOS="478" VPOS="789" WIDTH="14"/>
						<String ID="P88_ST00147" HPOS="492" VPOS="765" WIDTH="72" HEIGHT="24" CONTENT="peace" WC="0.72" CC="70140"/>
						<SP ID="P88_SP00125" HPOS="564" VPOS="789" WIDTH="13"/>
						<String ID="P88_ST00148" HPOS="577" VPOS="765" WIDTH="67" HEIGHT="16" CONTENT="came" WC="0.73" CC="4032"/>
						<SP ID="P88_SP00126" HPOS="644" VPOS="789" WIDTH="18"/>
						<String ID="P88_ST00149" HPOS="662" VPOS="764" WIDTH="56" HEIGHT="16" CONTENT="over" WC="0.32" CC="4867"/>
						<SP ID="P88_SP00127" HPOS="718" VPOS="789" WIDTH="16"/>
						<String ID="P88_ST00150" HPOS="734" VPOS="757" WIDTH="41" HEIGHT="24" CONTENT="the" WC="0.55" CC="570"/>
						<SP ID="P88_SP00128" HPOS="775" VPOS="789" WIDTH="17"/>
						<String ID="P88_ST00151" HPOS="792" VPOS="765" WIDTH="57" HEIGHT="23" CONTENT="poor" WC="0.68" CC="7103"/>
						<SP ID="P88_SP00129" HPOS="849" VPOS="789" WIDTH="10"/>
						<String ID="P88_ST00152" HPOS="859" VPOS="757" WIDTH="57" HEIGHT="24" CONTENT="half" SUBS_TYPE="HypPart1" SUBS_CONTENT="halfwit's" WC="0.52" CC="77260"/>
						<HYP CONTENT="-"/>
					</TextLine>
					<TextLine ID="P88_TL00018" HPOS="159" VPOS="798" WIDTH="756" HEIGHT="31">
						<String ID="P88_ST00153" HPOS="159" VPOS="800" WIDTH="60" HEIGHT="24" CONTENT="wit's" SUBS_TYPE="HypPart2" SUBS_CONTENT="halfwit's" WC="0.61" CC="80703"/>
						<SP ID="P88_SP00130" HPOS="219" VPOS="824" WIDTH="12"/>
						<String ID="P88_ST00154" HPOS="231" VPOS="799" WIDTH="74" HEIGHT="29" CONTENT="mind," WC="0.51" CC="71870"/>
						<SP ID="P88_SP00131" HPOS="305" VPOS="828" WIDTH="13"/>
						<String ID="P88_ST00155" HPOS="318" VPOS="800" WIDTH="68" HEIGHT="23" CONTENT="when" WC="0.32" CC="8728"/>
						<SP ID="P88_SP00132" HPOS="386" VPOS="828" WIDTH="19"/>
						<String ID="P88_ST00156" HPOS="405" VPOS="799" WIDTH="42" HEIGHT="24" CONTENT="she" WC="0.78" CC="060"/>
						<SP ID="P88_SP00133" HPOS="447" VPOS="828" WIDTH="20"/>
						<String ID="P88_ST00157" HPOS="467" VPOS="799" WIDTH="73" HEIGHT="24" CONTENT="heard" WC="0.44" CC="70748"/>
						<SP ID="P88_SP00134" HPOS="540" VPOS="828" WIDTH="18"/>
						<String ID="P88_ST00158" HPOS="558" VPOS="798" WIDTH="42" HEIGHT="25" CONTENT="the" WC="0.74" CC="070"/>
						<SP ID="P88_SP00135" HPOS="600" VPOS="828" WIDTH="17"/>
						<String ID="P88_ST00159" HPOS="617" VPOS="798" WIDTH="56" HEIGHT="31" CONTENT="holy" WC="0.65" CC="6015"/>
						<SP ID="P88_SP00136" HPOS="673" VPOS="829" WIDTH="12"/>
						<String ID="P88_ST00160" HPOS="685" VPOS="798" WIDTH="76" HEIGHT="24" CONTENT="words" WC="0.41" CC="81882"/>
						<SP ID="P88_SP00137" HPOS="761" VPOS="829" WIDTH="19"/>
						<String ID="P88_ST00161" HPOS="780" VPOS="798" WIDTH="25" HEIGHT="24" CONTENT="of" WC="0.99" CC="00"/>
						<SP ID="P88_SP00138" HPOS="805" VPOS="829" WIDTH="14"/>
						<String ID="P88_ST00162" HPOS="819" VPOS="806" WIDTH="82" HEIGHT="23" CONTENT="prayer" WC="0.62" CC="800724"/>
						<String ID="P88_ST00163" HPOS="909" VPOS="806" WIDTH="6" HEIGHT="22" CONTENT=";" WC="0.46" CC="5"/>
					</TextLine>
					<TextLine ID="P88_TL00019" HPOS="160" VPOS="839" WIDTH="755" HEIGHT="33">
						<String ID="P88_ST00164" HPOS="160" VPOS="841" WIDTH="48" HEIGHT="24" CONTENT="and" WC="0.20" CC="788"/>
						<SP ID="P88_SP00139" HPOS="208" VPOS="865" WIDTH="20"/>
						<String ID="P88_ST00165" HPOS="228" VPOS="841" WIDTH="64" HEIGHT="23" CONTENT="often" WC="0.71" CC="30018"/>
						<SP ID="P88_SP00140" HPOS="292" VPOS="865" WIDTH="20"/>
						<String ID="P88_ST00166" HPOS="312" VPOS="840" WIDTH="67" HEIGHT="24" CONTENT="when" WC="0.42" CC="7608"/>
						<SP ID="P88_SP00141" HPOS="379" VPOS="865" WIDTH="22"/>
						<String ID="P88_ST00167" HPOS="401" VPOS="840" WIDTH="42" HEIGHT="24" CONTENT="she" WC="0.70" CC="080"/>
						<SP ID="P88_SP00142" HPOS="443" VPOS="865" WIDTH="20"/>
						<String ID="P88_ST00168" HPOS="463" VPOS="840" WIDTH="43" HEIGHT="24" CONTENT="felt" WC="0.81" CC="0007"/>
						<SP ID="P88_SP00143" HPOS="506" VPOS="865" WIDTH="21"/>
						<String ID="P88_ST00169" HPOS="527" VPOS="848" WIDTH="12" HEIGHT="15" CONTENT="a" WC="0.37" CC="6"/>
						<SP ID="P88_SP00144" HPOS="539" VPOS="865" WIDTH="21"/>
						<String ID="P88_ST00170" HPOS="560" VPOS="847" WIDTH="127" HEIGHT="25" CONTENT="paroxysm" WC="0.45" CC="86307827"/>
						<SP ID="P88_SP00145" HPOS="687" VPOS="872" WIDTH="19"/>
						<String ID="P88_ST00171" HPOS="706" VPOS="839" WIDTH="94" HEIGHT="31" CONTENT="coming" WC="0.58" CC="027680"/>
						<SP ID="P88_SP00146" HPOS="800" VPOS="872" WIDTH="18"/>
						<String ID="P88_ST00172" HPOS="818" VPOS="847" WIDTH="37" HEIGHT="21" CONTENT="on," WC="0.72" CC="080"/>
						<SP ID="P88_SP00147" HPOS="855" VPOS="872" WIDTH="21"/>
						<String ID="P88_ST00173" HPOS="876" VPOS="839" WIDTH="39" HEIGHT="24" CONTENT="she" WC="0.52" CC="580"/>
					</TextLine>
					<TextLine ID="P88_TL00020" HPOS="159" VPOS="880" WIDTH="757" HEIGHT="33">
						<String ID="P88_ST00174" HPOS="159" VPOS="882" WIDTH="76" HEIGHT="24" CONTENT="would" WC="0.50" CC="80708"/>
						<SP ID="P88_SP00148" HPOS="235" VPOS="906" WIDTH="17"/>
						<String ID="P88_ST00175" HPOS="252" VPOS="882" WIDTH="71" HEIGHT="23" CONTENT="kneel" WC="0.50" CC="47660"/>
						<SP ID="P88_SP00149" HPOS="323" VPOS="906" WIDTH="17"/>
						<String ID="P88_ST00176" HPOS="340" VPOS="882" WIDTH="47" HEIGHT="23" CONTENT="and" WC="0.42" CC="186"/>
						<SP ID="P88_SP00150" HPOS="387" VPOS="906" WIDTH="18"/>
						<String ID="P88_ST00177" HPOS="405" VPOS="883" WIDTH="81" HEIGHT="30" CONTENT="repeat" WC="0.54" CC="808046"/>
						<SP ID="P88_SP00151" HPOS="486" VPOS="913" WIDTH="18"/>
						<String ID="P88_ST00178" HPOS="504" VPOS="889" WIDTH="13" HEIGHT="16" CONTENT="a" WC="0.35" CC="6"/>
						<SP ID="P88_SP00152" HPOS="517" VPOS="913" WIDTH="18"/>
						<String ID="P88_ST00179" HPOS="535" VPOS="880" WIDTH="90" HEIGHT="32" CONTENT="homily" WC="0.46" CC="707375"/>
						<SP ID="P88_SP00153" HPOS="625" VPOS="913" WIDTH="12"/>
						<String ID="P88_ST00180" HPOS="637" VPOS="880" WIDTH="92" HEIGHT="32" CONTENT="rapidly" WC="0.44" CC="0384787"/>
						<SP ID="P88_SP00154" HPOS="729" VPOS="913" WIDTH="12"/>
						<String ID="P88_ST00181" HPOS="741" VPOS="889" WIDTH="63" HEIGHT="21" CONTENT="over," WC="0.61" CC="07055"/>
						<SP ID="P88_SP00155" HPOS="804" VPOS="913" WIDTH="19"/>
						<String ID="P88_ST00182" HPOS="823" VPOS="888" WIDTH="25" HEIGHT="16" CONTENT="as" WC="0.84" CC="02"/>
						<SP ID="P88_SP00156" HPOS="848" VPOS="913" WIDTH="18"/>
						<String ID="P88_ST00183" HPOS="866" VPOS="880" WIDTH="20" HEIGHT="24" CONTENT="if" WC="0.83" CC="03"/>
						<SP ID="P88_SP00157" HPOS="886" VPOS="913" WIDTH="12"/>
						<String ID="P88_ST00184" HPOS="898" VPOS="880" WIDTH="18" HEIGHT="25" CONTENT="it" WC="0.44" CC="37"/>
					</TextLine>
					<TextLine ID="P88_TL00021" HPOS="158" VPOS="922" WIDTH="756" HEIGHT="33">
						<String ID="P88_ST00185" HPOS="158" VPOS="932" WIDTH="61" HEIGHT="16" CONTENT="were" WC="0.44" CC="8183"/>
						<SP ID="P88_SP00158" HPOS="219" VPOS="948" WIDTH="12"/>
						<String ID="P88_ST00186" HPOS="231" VPOS="932" WIDTH="14" HEIGHT="15" CONTENT="a" WC="0.53" CC="4"/>
						<SP ID="P88_SP00159" HPOS="245" VPOS="948" WIDTH="16"/>
						<String ID="P88_ST00187" HPOS="261" VPOS="924" WIDTH="79" HEIGHT="23" CONTENT="charm" WC="0.37" CC="07867"/>
						<SP ID="P88_SP00160" HPOS="340" VPOS="948" WIDTH="18"/>
						<String ID="P88_ST00188" HPOS="358" VPOS="925" WIDTH="25" HEIGHT="22" CONTENT="to" WC="0.58" CC="71"/>
						<SP ID="P88_SP00161" HPOS="383" VPOS="948" WIDTH="19"/>
						<String ID="P88_ST00189" HPOS="402" VPOS="932" WIDTH="65" HEIGHT="15" CONTENT="scare" WC="0.61" CC="50840"/>
						<SP ID="P88_SP00162" HPOS="467" VPOS="948" WIDTH="17"/>
						<String ID="P88_ST00190" HPOS="484" VPOS="931" WIDTH="65" HEIGHT="24" CONTENT="away" WC="0.30" CC="5867"/>
						<SP ID="P88_SP00163" HPOS="549" VPOS="955" WIDTH="12"/>
						<String ID="P88_ST00191" HPOS="561" VPOS="923" WIDTH="41" HEIGHT="24" CONTENT="the" WC="0.71" CC="070"/>
						<SP ID="P88_SP00164" HPOS="602" VPOS="955" WIDTH="19"/>
						<String ID="P88_ST00192" HPOS="621" VPOS="923" WIDTH="93" HEIGHT="24" CONTENT="Demon" WC="0.53" CC="80256"/>
						<SP ID="P88_SP00165" HPOS="714" VPOS="955" WIDTH="14"/>
						<String ID="P88_ST00193" HPOS="728" VPOS="922" WIDTH="26" HEIGHT="24" CONTENT="in" WC="0.58" CC="08"/>
						<SP ID="P88_SP00166" HPOS="754" VPOS="955" WIDTH="13"/>
						<String ID="P88_ST00194" HPOS="767" VPOS="922" WIDTH="133" HEIGHT="32" CONTENT="possession" WC="0.68" CC="8100053508"/>
						<String ID="P88_ST00195" HPOS="909" VPOS="931" WIDTH="5" HEIGHT="20" CONTENT=";" WC="0.68" CC="3"/>
					</TextLine>
					<TextLine ID="P88_TL00022" HPOS="160" VPOS="963" WIDTH="757" HEIGHT="32">
						<String ID="P88_ST00196" HPOS="160" VPOS="965" WIDTH="144" HEIGHT="29" CONTENT="sometimes," WC="0.70" CC="3020554070"/>
						<SP ID="P88_SP00167" HPOS="304" VPOS="994" WIDTH="14"/>
						<String ID="P88_ST00197" HPOS="318" VPOS="965" WIDTH="93" HEIGHT="29" CONTENT="indeed," WC="0.66" CC="0860080"/>
						<SP ID="P88_SP00168" HPOS="411" VPOS="994" WIDTH="19"/>
						<String ID="P88_ST00198" HPOS="430" VPOS="965" WIDTH="41" HEIGHT="23" CONTENT="the" WC="0.51" CC="680"/>
						<SP ID="P88_SP00169" HPOS="471" VPOS="994" WIDTH="19"/>
						<String ID="P88_ST00199" HPOS="490" VPOS="965" WIDTH="92" HEIGHT="23" CONTENT="control" WC="0.64" CC="2070806"/>
						<SP ID="P88_SP00170" HPOS="582" VPOS="994" WIDTH="12"/>
						<String ID="P88_ST00200" HPOS="594" VPOS="972" WIDTH="56" HEIGHT="16" CONTENT="over" WC="0.65" CC="4206"/>
						<SP ID="P88_SP00171" HPOS="650" VPOS="994" WIDTH="12"/>
						<String ID="P88_ST00201" HPOS="662" VPOS="964" WIDTH="91" HEIGHT="24" CONTENT="herself" WC="0.51" CC="6307087"/>
						<SP ID="P88_SP00172" HPOS="753" VPOS="994" WIDTH="7"/>
						<String ID="P88_ST00202" HPOS="760" VPOS="963" WIDTH="112" HEIGHT="32" CONTENT="requisite" WC="0.55" CC="548756000"/>
						<SP ID="P88_SP00173" HPOS="872" VPOS="995" WIDTH="11"/>
						<String ID="P88_ST00203" HPOS="883" VPOS="964" WIDTH="34" HEIGHT="24" CONTENT="for" WC="0.78" CC="105"/>
					</TextLine>
					<TextLine ID="P88_TL00023" HPOS="158" VPOS="1005" WIDTH="757" HEIGHT="33">
						<String ID="P88_ST00204" HPOS="158" VPOS="1006" WIDTH="50" HEIGHT="24" CONTENT="this" WC="0.61" CC="4730"/>
						<SP ID="P88_SP00174" HPOS="208" VPOS="1030" WIDTH="20"/>
						<String ID="P88_ST00205" HPOS="228" VPOS="1005" WIDTH="68" HEIGHT="25" CONTENT="effort" WC="0.70" CC="000187"/>
						<SP ID="P88_SP00175" HPOS="296" VPOS="1030" WIDTH="17"/>
						<String ID="P88_ST00206" HPOS="313" VPOS="1014" WIDTH="48" HEIGHT="16" CONTENT="was" WC="0.39" CC="845"/>
						<SP ID="P88_SP00176" HPOS="361" VPOS="1030" WIDTH="20"/>
						<String ID="P88_ST00207" HPOS="381" VPOS="1006" WIDTH="94" HEIGHT="32" CONTENT="enough" WC="0.42" CC="076586"/>
						<SP ID="P88_SP00177" HPOS="475" VPOS="1038" WIDTH="20"/>
						<String ID="P88_ST00208" HPOS="495" VPOS="1008" WIDTH="24" HEIGHT="22" CONTENT="to" WC="0.68" CC="14"/>
						<SP ID="P88_SP00178" HPOS="519" VPOS="1038" WIDTH="20"/>
						<String ID="P88_ST00209" HPOS="539" VPOS="1005" WIDTH="76" HEIGHT="33" CONTENT="dispel" WC="0.55" CC="880720"/>
						<SP ID="P88_SP00179" HPOS="615" VPOS="1038" WIDTH="19"/>
						<String ID="P88_ST00210" HPOS="634" VPOS="1005" WIDTH="42" HEIGHT="24" CONTENT="the" WC="0.61" CC="380"/>
						<SP ID="P88_SP00180" HPOS="676" VPOS="1038" WIDTH="23"/>
						<String ID="P88_ST00211" HPOS="699" VPOS="1005" WIDTH="122" HEIGHT="32" CONTENT="fluttering" WC="0.59" CC="6676003280"/>
						<SP ID="P88_SP00181" HPOS="821" VPOS="1038" WIDTH="22"/>
						<String ID="P88_ST00212" HPOS="843" VPOS="1005" WIDTH="72" HEIGHT="24" CONTENT="burst." WC="0.52" CC="863242"/>
					</TextLine>
					<TextLine ID="P88_TL00024" HPOS="158" VPOS="1044" WIDTH="719" HEIGHT="31">
						<String ID="P88_ST00213" HPOS="158" VPOS="1045" WIDTH="77" HEIGHT="24" CONTENT="When" WC="0.37" CC="8808"/>
						<SP ID="P88_SP00182" HPOS="235" VPOS="1069" WIDTH="14"/>
						<String ID="P88_ST00214" HPOS="249" VPOS="1044" WIDTH="78" HEIGHT="24" CONTENT="David" WC="0.41" CC="87508"/>
						<SP ID="P88_SP00183" HPOS="327" VPOS="1069" WIDTH="12"/>
						<String ID="P88_ST00215" HPOS="339" VPOS="1053" WIDTH="52" HEIGHT="16" CONTENT="rose" WC="0.75" CC="6300"/>
						<SP ID="P88_SP00184" HPOS="391" VPOS="1069" WIDTH="12"/>
						<String ID="P88_ST00216" HPOS="403" VPOS="1053" WIDTH="32" HEIGHT="22" CONTENT="up" WC="0.23" CC="77"/>
						<SP ID="P88_SP00185" HPOS="435" VPOS="1075" WIDTH="13"/>
						<String ID="P88_ST00217" HPOS="448" VPOS="1047" WIDTH="24" HEIGHT="22" CONTENT="to" WC="0.68" CC="60"/>
						<SP ID="P88_SP00186" HPOS="472" VPOS="1075" WIDTH="12"/>
						<String ID="P88_ST00218" HPOS="484" VPOS="1053" WIDTH="38" HEIGHT="22" CONTENT="go," WC="0.94" CC="010"/>
						<SP ID="P88_SP00187" HPOS="522" VPOS="1075" WIDTH="13"/>
						<String ID="P88_ST00219" HPOS="535" VPOS="1045" WIDTH="31" HEIGHT="23" CONTENT="he" WC="0.61" CC="70"/>
						<SP ID="P88_SP00188" HPOS="566" VPOS="1075" WIDTH="12"/>
						<String ID="P88_ST00220" HPOS="578" VPOS="1045" WIDTH="63" HEIGHT="23" CONTENT="drew" WC="0.38" CC="8807"/>
						<SP ID="P88_SP00189" HPOS="641" VPOS="1075" WIDTH="11"/>
						<String ID="P88_ST00221" HPOS="652" VPOS="1044" WIDTH="61" HEIGHT="25" CONTENT="Nest" WC="0.65" CC="5061"/>
						<SP ID="P88_SP00190" HPOS="713" VPOS="1075" WIDTH="12"/>
						<String ID="P88_ST00222" HPOS="725" VPOS="1047" WIDTH="24" HEIGHT="21" CONTENT="to" WC="0.84" CC="30"/>
						<SP ID="P88_SP00191" HPOS="749" VPOS="1075" WIDTH="12"/>
						<String ID="P88_ST00223" HPOS="761" VPOS="1044" WIDTH="41" HEIGHT="24" CONTENT="the" WC="0.74" CC="070"/>
						<SP ID="P88_SP00192" HPOS="802" VPOS="1075" WIDTH="13"/>
						<String ID="P88_ST00224" HPOS="815" VPOS="1044" WIDTH="62" HEIGHT="25" CONTENT="door." WC="0.74" CC="61220"/>
					</TextLine>
				</TextBlock>
				<TextBlock ID="P88_TB00004" HPOS="193" VPOS="1084" WIDTH="600" HEIGHT="31" STYLEREFS="TXT_1 PAR_LEFT">
					<TextLine ID="P88_TL00025" HPOS="194" VPOS="1085" WIDTH="599" HEIGHT="30">
						<String ID="P88_ST00225" HPOS="194" VPOS="1088" WIDTH="15" HEIGHT="11" CONTENT='"' WC="0.61" CC="3"/>
						<SP ID="P88_SP00193" HPOS="209" VPOS="1099" WIDTH="11"/>
						<String ID="P88_ST00226" HPOS="220" VPOS="1086" WIDTH="54" HEIGHT="24" CONTENT="You" WC="0.46" CC="618"/>
						<SP ID="P88_SP00194" HPOS="274" VPOS="1110" WIDTH="12"/>
						<String ID="P88_ST00227" HPOS="286" VPOS="1093" WIDTH="39" HEIGHT="17" CONTENT="are" WC="0.59" CC="470"/>
						<SP ID="P88_SP00195" HPOS="325" VPOS="1110" WIDTH="12"/>
						<String ID="P88_ST00228" HPOS="337" VPOS="1087" WIDTH="42" HEIGHT="23" CONTENT="not" WC="0.56" CC="804"/>
						<SP ID="P88_SP00196" HPOS="379" VPOS="1110" WIDTH="12"/>
						<String ID="P88_ST00229" HPOS="391" VPOS="1085" WIDTH="84" HEIGHT="30" CONTENT="afraid," WC="0.73" CC="4040180"/>
						<SP ID="P88_SP00197" HPOS="475" VPOS="1115" WIDTH="14"/>
						<String ID="P88_ST00230" HPOS="489" VPOS="1094" WIDTH="40" HEIGHT="21" CONTENT="my" WC="0.38" CC="74"/>
						<SP ID="P88_SP00198" HPOS="529" VPOS="1115" WIDTH="12"/>
						<String ID="P88_ST00231" HPOS="541" VPOS="1086" WIDTH="64" HEIGHT="24" CONTENT="child" WC="0.39" CC="68708"/>
						<SP ID="P88_SP00199" HPOS="605" VPOS="1115" WIDTH="11"/>
						<String ID="P88_ST00232" HPOS="616" VPOS="1087" WIDTH="11" HEIGHT="23" CONTENT="?" WC="1.00" CC="0"/>
						<SP ID="P88_SP00200" HPOS="627" VPOS="1115" WIDTH="11"/>
						<String ID="P88_ST00233" HPOS="638" VPOS="1087" WIDTH="12" HEIGHT="8" CONTENT='"' WC="0.36" CC="6"/>
						<SP ID="P88_SP00201" HPOS="650" VPOS="1115" WIDTH="20"/>
						<String ID="P88_ST00234" HPOS="670" VPOS="1085" WIDTH="74" HEIGHT="25" CONTENT="asked" WC="0.57" CC="24608"/>
						<SP ID="P88_SP00202" HPOS="744" VPOS="1115" WIDTH="12"/>
						<String ID="P88_ST00235" HPOS="756" VPOS="1086" WIDTH="37" HEIGHT="24" CONTENT="he." WC="0.75" CC="700"/>
					</TextLine>
				</TextBlock>
				<TextBlock ID="P88_TB00005" HPOS="158" VPOS="1126" WIDTH="757" HEIGHT="72" STYLEREFS="TXT_1 PAR_LEFT">
					<TextLine ID="P88_TL00026" HPOS="194" VPOS="1126" WIDTH="721" HEIGHT="33">
						<String ID="P88_ST00236" HPOS="194" VPOS="1131" WIDTH="15" HEIGHT="10" CONTENT='"' WC="0.43" CC="5"/>
						<SP ID="P88_SP00203" HPOS="209" VPOS="1141" WIDTH="11"/>
						<String ID="P88_ST00237" HPOS="220" VPOS="1127" WIDTH="63" HEIGHT="29" CONTENT='No,"' WC="0.74" CC="3402"/>
						<SP ID="P88_SP00204" HPOS="283" VPOS="1156" WIDTH="23"/>
						<String ID="P88_ST00238" HPOS="306" VPOS="1127" WIDTH="42" HEIGHT="24" CONTENT="she" WC="0.65" CC="360"/>
						<SP ID="P88_SP00205" HPOS="348" VPOS="1156" WIDTH="20"/>
						<String ID="P88_ST00239" HPOS="368" VPOS="1126" WIDTH="98" HEIGHT="33" CONTENT="replied." WC="0.52" CC="80750583"/>
						<SP ID="P88_SP00206" HPOS="466" VPOS="1159" WIDTH="39"/>
						<String ID="P88_ST00240" HPOS="505" VPOS="1130" WIDTH="15" HEIGHT="10" CONTENT='"' WC="0.45" CC="5"/>
						<SP ID="P88_SP00207" HPOS="520" VPOS="1159" WIDTH="11"/>
						<String ID="P88_ST00241" HPOS="531" VPOS="1127" WIDTH="47" HEIGHT="24" CONTENT="She" WC="0.53" CC="670"/>
						<SP ID="P88_SP00208" HPOS="578" VPOS="1159" WIDTH="18"/>
						<String ID="P88_ST00242" HPOS="596" VPOS="1127" WIDTH="21" HEIGHT="24" CONTENT="is" WC="0.69" CC="41"/>
						<SP ID="P88_SP00209" HPOS="617" VPOS="1159" WIDTH="22"/>
						<String ID="P88_ST00243" HPOS="639" VPOS="1127" WIDTH="65" HEIGHT="24" CONTENT="often" WC="0.53" CC="03638"/>
						<SP ID="P88_SP00210" HPOS="704" VPOS="1159" WIDTH="19"/>
						<String ID="P88_ST00244" HPOS="723" VPOS="1135" WIDTH="57" HEIGHT="24" CONTENT="very" WC="0.49" CC="8047"/>
						<SP ID="P88_SP00211" HPOS="780" VPOS="1159" WIDTH="17"/>
						<String ID="P88_ST00245" HPOS="797" VPOS="1127" WIDTH="60" HEIGHT="32" CONTENT="good" WC="0.72" CC="0038"/>
						<SP ID="P88_SP00212" HPOS="857" VPOS="1159" WIDTH="15"/>
						<String ID="P88_ST00246" HPOS="872" VPOS="1127" WIDTH="43" HEIGHT="24" CONTENT="and" WC="0.47" CC="078"/>
					</TextLine>
					<TextLine ID="P88_TL00027" HPOS="158" VPOS="1167" WIDTH="546" HEIGHT="31">
						<String ID="P88_ST00247" HPOS="158" VPOS="1168" WIDTH="72" HEIGHT="30" CONTENT="quiet." WC="0.59" CC="672070"/>
						<SP ID="P88_SP00213" HPOS="230" VPOS="1198" WIDTH="38"/>
						<String ID="P88_ST00248" HPOS="268" VPOS="1168" WIDTH="78" HEIGHT="24" CONTENT="When" WC="0.44" CC="8706"/>
						<SP ID="P88_SP00214" HPOS="346" VPOS="1198" WIDTH="12"/>
						<String ID="P88_ST00249" HPOS="358" VPOS="1168" WIDTH="43" HEIGHT="23" CONTENT="she" WC="0.60" CC="280"/>
						<SP ID="P88_SP00215" HPOS="401" VPOS="1198" WIDTH="11"/>
						<String ID="P88_ST00250" HPOS="412" VPOS="1167" WIDTH="22" HEIGHT="24" CONTENT="is" WC="0.90" CC="01"/>
						<SP ID="P88_SP00216" HPOS="434" VPOS="1198" WIDTH="11"/>
						<String ID="P88_ST00251" HPOS="445" VPOS="1170" WIDTH="50" HEIGHT="27" CONTENT="not," WC="0.71" CC="5050"/>
						<SP ID="P88_SP00217" HPOS="495" VPOS="1198" WIDTH="14"/>
						<String ID="P88_ST00252" HPOS="509" VPOS="1168" WIDTH="13" HEIGHT="24" CONTENT="I" WC="1.00" CC="0"/>
						<SP ID="P88_SP00218" HPOS="522" VPOS="1198" WIDTH="12"/>
						<String ID="P88_ST00253" HPOS="534" VPOS="1176" WIDTH="44" HEIGHT="16" CONTENT="can" WC="0.68" CC="116"/>
						<SP ID="P88_SP00219" HPOS="578" VPOS="1198" WIDTH="12"/>
						<String ID="P88_ST00254" HPOS="590" VPOS="1168" WIDTH="58" HEIGHT="25" CONTENT="bear" WC="0.67" CC="8102"/>
						<SP ID="P88_SP00220" HPOS="648" VPOS="1198" WIDTH="11"/>
						<String ID="P88_ST00255" HPOS="659" VPOS="1168" WIDTH="45" HEIGHT="24" CONTENT='it."' WC="0.63" CC="0725"/>
					</TextLine>
				</TextBlock>
				<TextBlock ID="P88_TB00006" HPOS="156" VPOS="1208" WIDTH="759" HEIGHT="116" STYLEREFS="TXT_1 PAR_LEFT">
					<TextLine ID="P88_TL00028" HPOS="193" VPOS="1209" WIDTH="722" HEIGHT="31">
						<String ID="P88_ST00256" HPOS="193" VPOS="1212" WIDTH="15" HEIGHT="11" CONTENT='"' WC="0.76" CC="2"/>
						<SP ID="P88_SP00221" HPOS="208" VPOS="1223" WIDTH="12"/>
						<String ID="P88_ST00257" HPOS="220" VPOS="1209" WIDTH="13" HEIGHT="23" CONTENT="I" WC="0.92" CC="0"/>
						<SP ID="P88_SP00222" HPOS="233" VPOS="1232" WIDTH="17"/>
						<String ID="P88_ST00258" HPOS="250" VPOS="1209" WIDTH="61" HEIGHT="24" CONTENT="shall" WC="0.49" CC="47804"/>
						<SP ID="P88_SP00223" HPOS="311" VPOS="1233" WIDTH="16"/>
						<String ID="P88_ST00259" HPOS="327" VPOS="1217" WIDTH="39" HEIGHT="16" CONTENT="see" WC="0.82" CC="500"/>
						<SP ID="P88_SP00224" HPOS="366" VPOS="1233" WIDTH="16"/>
						<String ID="P88_ST00260" HPOS="382" VPOS="1217" WIDTH="59" HEIGHT="23" CONTENT="your" WC="0.52" CC="8037"/>
						<SP ID="P88_SP00225" HPOS="441" VPOS="1240" WIDTH="18"/>
						<String ID="P88_ST00261" HPOS="459" VPOS="1209" WIDTH="51" HEIGHT="24" CONTENT="face" WC="0.64" CC="0660"/>
						<SP ID="P88_SP00226" HPOS="510" VPOS="1240" WIDTH="19"/>
						<String ID="P88_ST00262" HPOS="529" VPOS="1218" WIDTH="31" HEIGHT="15" CONTENT="on" WC="0.54" CC="17"/>
						<SP ID="P88_SP00227" HPOS="560" VPOS="1240" WIDTH="17"/>
						<String ID="P88_ST00263" HPOS="577" VPOS="1209" WIDTH="67" HEIGHT="24" CONTENT="earth" WC="0.60" CC="03167"/>
						<SP ID="P88_SP00228" HPOS="644" VPOS="1240" WIDTH="11"/>
						<String ID="P88_ST00264" HPOS="655" VPOS="1218" WIDTH="32" HEIGHT="15" CONTENT="no" WC="0.60" CC="70"/>
						<SP ID="P88_SP00229" HPOS="687" VPOS="1240" WIDTH="17"/>
						<String ID="P88_ST00265" HPOS="704" VPOS="1210" WIDTH="91" HEIGHT="29" CONTENT='more,"' WC="0.68" CC="705006"/>
						<SP ID="P88_SP00230" HPOS="795" VPOS="1240" WIDTH="20"/>
						<String ID="P88_ST00266" HPOS="815" VPOS="1209" WIDTH="50" HEIGHT="25" CONTENT="said" WC="0.66" CC="6007"/>
						<SP ID="P88_SP00231" HPOS="865" VPOS="1240" WIDTH="13"/>
						<String ID="P88_ST00267" HPOS="878" VPOS="1210" WIDTH="37" HEIGHT="24" CONTENT="he." WC="0.78" CC="600"/>
					</TextLine>
					<TextLine ID="P88_TL00029" HPOS="159" VPOS="1249" WIDTH="756" HEIGHT="33">
						<String ID="P88_ST00268" HPOS="159" VPOS="1253" WIDTH="15" HEIGHT="10" CONTENT='"' WC="0.33" CC="6"/>
						<SP ID="P88_SP00232" HPOS="174" VPOS="1263" WIDTH="12"/>
						<String ID="P88_ST00269" HPOS="186" VPOS="1250" WIDTH="54" HEIGHT="23" CONTENT="God" WC="0.50" CC="707"/>
						<SP ID="P88_SP00233" HPOS="240" VPOS="1273" WIDTH="17"/>
						<String ID="P88_ST00270" HPOS="257" VPOS="1249" WIDTH="64" HEIGHT="25" CONTENT="bless" WC="0.73" CC="80003"/>
						<SP ID="P88_SP00234" HPOS="321" VPOS="1274" WIDTH="18"/>
						<String ID="P88_ST00271" HPOS="339" VPOS="1258" WIDTH="45" HEIGHT="23" CONTENT="you" WC="0.49" CC="608"/>
						<SP ID="P88_SP00235" HPOS="384" VPOS="1281" WIDTH="10"/>
						<String ID="P88_ST00272" HPOS="394" VPOS="1250" WIDTH="4" HEIGHT="22" CONTENT="!" WC="1.00" CC="0"/>
						<SP ID="P88_SP00236" HPOS="398" VPOS="1281" WIDTH="11"/>
						<String ID="P88_ST00273" HPOS="409" VPOS="1250" WIDTH="14" HEIGHT="9" CONTENT='"' WC="0.29" CC="7"/>
						<SP ID="P88_SP00237" HPOS="423" VPOS="1281" WIDTH="36"/>
						<String ID="P88_ST00274" HPOS="459" VPOS="1250" WIDTH="39" HEIGHT="24" CONTENT="He" WC="0.61" CC="70"/>
						<SP ID="P88_SP00238" HPOS="498" VPOS="1281" WIDTH="12"/>
						<String ID="P88_ST00275" HPOS="510" VPOS="1252" WIDTH="62" HEIGHT="22" CONTENT="went" WC="0.45" CC="7085"/>
						<SP ID="P88_SP00239" HPOS="572" VPOS="1281" WIDTH="17"/>
						<String ID="P88_ST00276" HPOS="589" VPOS="1259" WIDTH="31" HEIGHT="15" CONTENT="on" WC="0.35" CC="48"/>
						<SP ID="P88_SP00240" HPOS="620" VPOS="1281" WIDTH="17"/>
						<String ID="P88_ST00277" HPOS="637" VPOS="1250" WIDTH="39" HEIGHT="25" CONTENT="his" WC="0.29" CC="767"/>
						<SP ID="P88_SP00241" HPOS="676" VPOS="1281" WIDTH="12"/>
						<String ID="P88_ST00278" HPOS="688" VPOS="1259" WIDTH="58" HEIGHT="23" CONTENT="way." WC="0.51" CC="8820"/>
						<SP ID="P88_SP00242" HPOS="746" VPOS="1282" WIDTH="37"/>
						<String ID="P88_ST00279" HPOS="783" VPOS="1251" WIDTH="48" HEIGHT="24" CONTENT="Not" WC="0.52" CC="805"/>
						<SP ID="P88_SP00243" HPOS="831" VPOS="1282" WIDTH="17"/>
						<String ID="P88_ST00280" HPOS="848" VPOS="1259" WIDTH="67" HEIGHT="22" CONTENT="many" WC="0.37" CC="5486"/>
					</TextLine>
					<TextLine ID="P88_TL00030" HPOS="158" VPOS="1291" WIDTH="689" HEIGHT="33">
						<String ID="P88_ST00281" HPOS="158" VPOS="1291" WIDTH="77" HEIGHT="24" CONTENT="weeks" WC="0.51" CC="80636"/>
						<SP ID="P88_SP00244" HPOS="235" VPOS="1315" WIDTH="16"/>
						<String ID="P88_ST00282" HPOS="251" VPOS="1292" WIDTH="67" HEIGHT="28" CONTENT="after," WC="0.73" CC="153040"/>
						<SP ID="P88_SP00245" HPOS="318" VPOS="1320" WIDTH="13"/>
						<String ID="P88_ST00283" HPOS="331" VPOS="1291" WIDTH="78" HEIGHT="23" CONTENT="David" WC="0.28" CC="66768"/>
						<SP ID="P88_SP00246" HPOS="409" VPOS="1320" WIDTH="12"/>
						<String ID="P88_ST00284" HPOS="421" VPOS="1292" WIDTH="101" HEIGHT="31" CONTENT="Hughes" WC="0.52" CC="760706"/>
						<SP ID="P88_SP00247" HPOS="522" VPOS="1323" WIDTH="12"/>
						<String ID="P88_ST00285" HPOS="534" VPOS="1300" WIDTH="47" HEIGHT="16" CONTENT="was" WC="0.64" CC="802"/>
						<SP ID="P88_SP00248" HPOS="581" VPOS="1323" WIDTH="13"/>
						<String ID="P88_ST00286" HPOS="594" VPOS="1292" WIDTH="72" HEIGHT="25" CONTENT="borne" WC="0.65" CC="22470"/>
						<SP ID="P88_SP00249" HPOS="666" VPOS="1323" WIDTH="12"/>
						<String ID="P88_ST00287" HPOS="678" VPOS="1295" WIDTH="26" HEIGHT="22" CONTENT="to" WC="0.89" CC="20"/>
						<SP ID="P88_SP00250" HPOS="704" VPOS="1323" WIDTH="12"/>
						<String ID="P88_ST00288" HPOS="716" VPOS="1293" WIDTH="39" HEIGHT="25" CONTENT="his" WC="0.52" CC="724"/>
						<SP ID="P88_SP00251" HPOS="755" VPOS="1323" WIDTH="13"/>
						<String ID="P88_ST00289" HPOS="768" VPOS="1302" WIDTH="79" HEIGHT="22" CONTENT="grave." WC="0.65" CC="067600"/>
					</TextLine>
				</TextBlock>
				<TextBlock ID="P88_TB00007" HPOS="156" VPOS="1331" WIDTH="761" HEIGHT="155" STYLEREFS="TXT_1 PAR_LEFT">
					<TextLine ID="P88_TL00031" HPOS="192" VPOS="1332" WIDTH="722" HEIGHT="35">
						<String ID="P88_ST00290" HPOS="192" VPOS="1332" WIDTH="50" HEIGHT="24" CONTENT="The" WC="0.49" CC="770"/>
						<SP ID="P88_SP00252" HPOS="242" VPOS="1356" WIDTH="13"/>
						<String ID="P88_ST00291" HPOS="255" VPOS="1332" WIDTH="68" HEIGHT="24" CONTENT="doors" WC="0.70" CC="60034"/>
						<SP ID="P88_SP00253" HPOS="323" VPOS="1356" WIDTH="13"/>
						<String ID="P88_ST00292" HPOS="336" VPOS="1332" WIDTH="26" HEIGHT="24" CONTENT="of" WC="0.87" CC="10"/>
						<SP ID="P88_SP00254" HPOS="362" VPOS="1356" WIDTH="12"/>
						<String ID="P88_ST00293" HPOS="374" VPOS="1332" WIDTH="82" HEIGHT="24" CONTENT="Nest's" WC="0.57" CC="314464"/>
						<SP ID="P88_SP00255" HPOS="456" VPOS="1356" WIDTH="14"/>
						<String ID="P88_ST00294" HPOS="470" VPOS="1333" WIDTH="69" HEIGHT="24" CONTENT="heart" WC="0.43" CC="50786"/>
						<SP ID="P88_SP00256" HPOS="539" VPOS="1357" WIDTH="15"/>
						<String ID="P88_ST00295" HPOS="554" VPOS="1342" WIDTH="60" HEIGHT="16" CONTENT="were" WC="0.54" CC="8081"/>
						<SP ID="P88_SP00257" HPOS="614" VPOS="1358" WIDTH="13"/>
						<String ID="P88_ST00296" HPOS="627" VPOS="1335" WIDTH="93" HEIGHT="30" CONTENT="opened" WC="0.54" CC="170818"/>
						<String ID="P88_ST00297" HPOS="721" VPOS="1349" WIDTH="33" HEIGHT="4" CONTENT="—" WC="0.20" CC="8"/>
						<String ID="P88_ST00298" HPOS="755" VPOS="1336" WIDTH="91" HEIGHT="31" CONTENT="opened" WC="0.60" CC="070807"/>
						<SP ID="P88_SP00258" HPOS="846" VPOS="1367" WIDTH="12"/>
						<String ID="P88_ST00299" HPOS="858" VPOS="1334" WIDTH="56" HEIGHT="24" CONTENT="wide" WC="0.54" CC="7082"/>
					</TextLine>
					<TextLine ID="P88_TL00032" HPOS="158" VPOS="1373" WIDTH="758" HEIGHT="35">
						<String ID="P88_ST00300" HPOS="158" VPOS="1375" WIDTH="31" HEIGHT="30" CONTENT="by" WC="0.24" CC="86"/>
						<SP ID="P88_SP00259" HPOS="189" VPOS="1405" WIDTH="11"/>
						<String ID="P88_ST00301" HPOS="200" VPOS="1374" WIDTH="41" HEIGHT="23" CONTENT="the" WC="0.50" CC="274"/>
						<SP ID="P88_SP00260" HPOS="241" VPOS="1405" WIDTH="11"/>
						<String ID="P88_ST00302" HPOS="252" VPOS="1373" WIDTH="52" HEIGHT="24" CONTENT="love" WC="0.67" CC="2270"/>
						<SP ID="P88_SP00261" HPOS="304" VPOS="1405" WIDTH="14"/>
						<String ID="P88_ST00303" HPOS="318" VPOS="1373" WIDTH="42" HEIGHT="24" CONTENT="she" WC="0.58" CC="660"/>
						<SP ID="P88_SP00262" HPOS="360" VPOS="1405" WIDTH="19"/>
						<String ID="P88_ST00304" HPOS="379" VPOS="1381" WIDTH="61" HEIGHT="24" CONTENT="grew" WC="0.57" CC="0808"/>
						<SP ID="P88_SP00263" HPOS="440" VPOS="1405" WIDTH="13"/>
						<String ID="P88_ST00305" HPOS="453" VPOS="1375" WIDTH="25" HEIGHT="22" CONTENT="to" WC="0.48" CC="54"/>
						<SP ID="P88_SP00264" HPOS="478" VPOS="1405" WIDTH="11"/>
						<String ID="P88_ST00306" HPOS="489" VPOS="1375" WIDTH="46" HEIGHT="24" CONTENT="feel" WC="0.92" CC="3000"/>
						<SP ID="P88_SP00265" HPOS="535" VPOS="1405" WIDTH="11"/>
						<String ID="P88_ST00307" HPOS="546" VPOS="1375" WIDTH="37" HEIGHT="24" CONTENT="for" WC="0.58" CC="452"/>
						<SP ID="P88_SP00266" HPOS="583" VPOS="1405" WIDTH="12"/>
						<String ID="P88_ST00308" HPOS="595" VPOS="1383" WIDTH="70" HEIGHT="24" CONTENT="crazy" WC="0.66" CC="05037"/>
						<SP ID="P88_SP00267" HPOS="665" VPOS="1407" WIDTH="12"/>
						<String ID="P88_ST00309" HPOS="677" VPOS="1375" WIDTH="77" HEIGHT="33" CONTENT="Mary," WC="0.60" CC="70660"/>
						<SP ID="P88_SP00268" HPOS="754" VPOS="1408" WIDTH="15"/>
						<String ID="P88_ST00310" HPOS="769" VPOS="1385" WIDTH="25" HEIGHT="15" CONTENT="so" WC="0.89" CC="02"/>
						<SP ID="P88_SP00269" HPOS="794" VPOS="1408" WIDTH="13"/>
						<String ID="P88_ST00311" HPOS="807" VPOS="1376" WIDTH="109" HEIGHT="32" CONTENT="helpless," WC="0.64" CC="701620660"/>
					</TextLine>
					<TextLine ID="P88_TL00033" HPOS="159" VPOS="1414" WIDTH="758" HEIGHT="35">
						<String ID="P88_ST00312" HPOS="159" VPOS="1423" WIDTH="26" HEIGHT="16" CONTENT="so" WC="0.57" CC="62"/>
						<SP ID="P88_SP00270" HPOS="185" VPOS="1439" WIDTH="17"/>
						<String ID="P88_ST00313" HPOS="202" VPOS="1414" WIDTH="133" HEIGHT="30" CONTENT="friendless," WC="0.65" CC="05118700560"/>
						<SP ID="P88_SP00271" HPOS="335" VPOS="1444" WIDTH="17"/>
						<String ID="P88_ST00314" HPOS="352" VPOS="1422" WIDTH="26" HEIGHT="17" CONTENT="so" WC="0.59" CC="80"/>
						<SP ID="P88_SP00272" HPOS="378" VPOS="1444" WIDTH="17"/>
						<String ID="P88_ST00315" HPOS="395" VPOS="1415" WIDTH="134" HEIGHT="32" CONTENT="dependent" WC="0.43" CC="838076087"/>
						<SP ID="P88_SP00273" HPOS="529" VPOS="1447" WIDTH="16"/>
						<String ID="P88_ST00316" HPOS="545" VPOS="1424" WIDTH="64" HEIGHT="24" CONTENT="upon" WC="0.28" CC="8747"/>
						<SP ID="P88_SP00274" HPOS="609" VPOS="1448" WIDTH="16"/>
						<String ID="P88_ST00317" HPOS="625" VPOS="1417" WIDTH="51" HEIGHT="24" CONTENT="her." WC="0.62" CC="7070"/>
						<SP ID="P88_SP00275" HPOS="676" VPOS="1448" WIDTH="37"/>
						<String ID="P88_ST00318" HPOS="713" VPOS="1418" WIDTH="69" HEIGHT="31" CONTENT="Mary" WC="0.55" CC="3616"/>
						<SP ID="P88_SP00276" HPOS="782" VPOS="1449" WIDTH="11"/>
						<String ID="P88_ST00319" HPOS="793" VPOS="1419" WIDTH="67" HEIGHT="23" CONTENT="loved" WC="0.57" CC="50807"/>
						<SP ID="P88_SP00277" HPOS="860" VPOS="1449" WIDTH="17"/>
						<String ID="P88_ST00320" HPOS="877" VPOS="1418" WIDTH="40" HEIGHT="23" CONTENT="her" WC="0.65" CC="620"/>
					</TextLine>
					<TextLine ID="P88_TL00034" HPOS="158" VPOS="1454" WIDTH="759" HEIGHT="32">
						<String ID="P88_ST00321" HPOS="158" VPOS="1455" WIDTH="61" HEIGHT="25" CONTENT="back" WC="0.34" CC="8367"/>
						<SP ID="P88_SP00278" HPOS="219" VPOS="1480" WIDTH="12"/>
						<String ID="P88_ST00322" HPOS="231" VPOS="1454" WIDTH="76" HEIGHT="32" CONTENT="again," WC="0.72" CC="101480"/>
						<SP ID="P88_SP00279" HPOS="307" VPOS="1486" WIDTH="14"/>
						<String ID="P88_ST00323" HPOS="321" VPOS="1463" WIDTH="26" HEIGHT="17" CONTENT="as" WC="0.92" CC="01"/>
						<SP ID="P88_SP00280" HPOS="347" VPOS="1486" WIDTH="13"/>
						<String ID="P88_ST00324" HPOS="360" VPOS="1463" WIDTH="13" HEIGHT="17" CONTENT="a" WC="0.46" CC="5"/>
						<SP ID="P88_SP00281" HPOS="373" VPOS="1486" WIDTH="13"/>
						<String ID="P88_ST00325" HPOS="386" VPOS="1456" WIDTH="70" HEIGHT="24" CONTENT="dumb" WC="0.37" CC="7628"/>
						<SP ID="P88_SP00282" HPOS="456" VPOS="1486" WIDTH="14"/>
						<String ID="P88_ST00326" HPOS="470" VPOS="1456" WIDTH="88" HEIGHT="25" CONTENT="animal" WC="0.46" CC="080787"/>
						<SP ID="P88_SP00283" HPOS="558" VPOS="1486" WIDTH="14"/>
						<String ID="P88_ST00327" HPOS="572" VPOS="1458" WIDTH="64" HEIGHT="24" CONTENT="loves" WC="0.59" CC="41706"/>
						<SP ID="P88_SP00284" HPOS="636" VPOS="1486" WIDTH="13"/>
						<String ID="P88_ST00328" HPOS="649" VPOS="1457" WIDTH="32" HEIGHT="25" CONTENT="its" WC="0.79" CC="051"/>
						<SP ID="P88_SP00285" HPOS="681" VPOS="1486" WIDTH="12"/>
						<String ID="P88_ST00329" HPOS="693" VPOS="1458" WIDTH="67" HEIGHT="25" CONTENT="blind" WC="0.34" CC="86287"/>
						<SP ID="P88_SP00286" HPOS="760" VPOS="1486" WIDTH="12"/>
						<String ID="P88_ST00330" HPOS="772" VPOS="1462" WIDTH="98" HEIGHT="22" CONTENT="master." WC="0.48" CC="6746074"/>
						<SP ID="P88_SP00287" HPOS="870" VPOS="1486" WIDTH="25"/>
						<String ID="P88_ST00331" HPOS="895" VPOS="1458" WIDTH="22" HEIGHT="25" CONTENT="It" WC="0.63" CC="07"/>
					</TextLine>
				</TextBlock>
			</PrintSpace>
		</Page>
	</Layout>
</alto>
