<?xml version="1.0" encoding="UTF-8"?>
<alto xmlns:xsi="http://www.w3.org/2001/XMLSchema-instance" xsi:noNamespaceSchemaLocation="http://www.bl.uk/schemas/alto/alto-1-4.xsd" xmlns:xlink="http://www.w3.org/1999/xlink">
	<Description>
		<MeasurementUnit>mm10</MeasurementUnit>
		<sourceImageInformation>
			<fileName>//head1/IN/A0010339154/004758.jp2</fileName>
		</sourceImageInformation>
		<OCRProcessing ID="OCRPROCESSING_1">
			<preProcessingStep>
				<processingSoftware>
					<softwareCreator>CCS Content Conversion Specialists GmbH, Germany</softwareCreator>
					<softwareName>CCS docWORKS</softwareName>
					<softwareVersion>6.1-0.67</softwareVersion>
				</processingSoftware>
			</preProcessingStep>
			<ocrProcessingStep>
				<processingSoftware>
					<softwareCreator>ABBYY (BIT Software), Russia</softwareCreator>
					<softwareName>Finereader</softwareName>
				</processingSoftware>
			</ocrProcessingStep>
		</OCRProcessing>
	</Description>
	<Styles>
		<TextStyle ID="TXT_0" FONTSIZE="10" FONTFAMILY="Courier New"/>
		<TextStyle ID="TXT_1" FONTSIZE="9" FONTFAMILY="Courier New"/>
		<ParagraphStyle ID="PAR_LEFT" ALIGN="Left"/>
		<ParagraphStyle ID="PAR_RIGHT" ALIGN="Right"/>
	</Styles>
	<Layout>
		<Page ID="P252" PHYSICAL_IMG_NR="252" HEIGHT="1694" WIDTH="967" PRINTED_IMG_NR="238" POSITION="Left" ACCURACY="55.18">
			<TopMargin ID="P252_TM00001" HPOS="0" VPOS="0" WIDTH="966" HEIGHT="138">
				<TextBlock ID="P252_TB00001" HPOS="127" VPOS="112" WIDTH="49" HEIGHT="24" STYLEREFS="TXT_0 PAR_LEFT">
					<TextLine ID="P252_TL00001" HPOS="128" VPOS="114" WIDTH="48" HEIGHT="22">
						<String ID="P252_ST00001" HPOS="128" VPOS="114" WIDTH="48" HEIGHT="22" CONTENT="238" WC="0.45" CC="545"/>
					</TextLine>
				</TextBlock>
				<TextBlock ID="P252_TB00002" HPOS="359" VPOS="118" WIDTH="298" HEIGHT="19" STYLEREFS="TXT_1 PAR_RIGHT">
					<TextLine ID="P252_TL00002" HPOS="361" VPOS="119" WIDTH="296" HEIGHT="18">
						<String ID="P252_ST00002" HPOS="361" VPOS="120" WIDTH="40" HEIGHT="17" CONTENT="MY" WC="0.18" CC="87"/>
						<SP ID="P252_SP00001" HPOS="401" VPOS="137" WIDTH="17"/>
						<String ID="P252_ST00003" HPOS="418" VPOS="119" WIDTH="108" HEIGHT="18" CONTENT="FRENCH" WC="0.44" CC="680808"/>
						<SP ID="P252_SP00002" HPOS="526" VPOS="137" WIDTH="17"/>
						<String ID="P252_ST00004" HPOS="543" VPOS="119" WIDTH="114" HEIGHT="18" CONTENT="MASTER." WC="0.41" CC="8876082"/>
					</TextLine>
				</TextBlock>
			</TopMargin>
			<LeftMargin ID="P252_LM00001" HPOS="0" VPOS="138" WIDTH="123" HEIGHT="1352"/>
			<RightMargin ID="P252_RM00001" HPOS="890" VPOS="138" WIDTH="76" HEIGHT="1352"/>
			<BottomMargin ID="P252_BM00001" HPOS="0" VPOS="1490" WIDTH="966" HEIGHT="204"/>
			<PrintSpace ID="P252_PS00001" HPOS="123" VPOS="138" WIDTH="767" HEIGHT="1352">
				<TextBlock ID="P252_TB00003" HPOS="123" VPOS="181" WIDTH="767" HEIGHT="1309" STYLEREFS="TXT_1 PAR_LEFT">
					<TextLine ID="P252_TL00003" HPOS="126" VPOS="181" WIDTH="764" HEIGHT="33">
						<String ID="P252_ST00005" HPOS="126" VPOS="183" WIDTH="26" HEIGHT="23" CONTENT="to" WC="0.46" CC="64"/>
						<SP ID="P252_SP00003" HPOS="152" VPOS="206" WIDTH="12"/>
						<String ID="P252_ST00006" HPOS="164" VPOS="182" WIDTH="66" HEIGHT="25" CONTENT="leave" WC="0.71" CC="50080"/>
						<SP ID="P252_SP00004" HPOS="230" VPOS="207" WIDTH="11"/>
						<String ID="P252_ST00007" HPOS="241" VPOS="191" WIDTH="40" HEIGHT="23" CONTENT="my" WC="0.28" CC="85"/>
						<SP ID="P252_SP00005" HPOS="281" VPOS="214" WIDTH="11"/>
						<String ID="P252_ST00008" HPOS="292" VPOS="182" WIDTH="79" HEIGHT="25" CONTENT="father" WC="0.43" CC="587705"/>
						<SP ID="P252_SP00006" HPOS="371" VPOS="214" WIDTH="17"/>
						<String ID="P252_ST00009" HPOS="388" VPOS="182" WIDTH="35" HEIGHT="24" CONTENT="for" WC="0.69" CC="206"/>
						<SP ID="P252_SP00007" HPOS="423" VPOS="214" WIDTH="19"/>
						<String ID="P252_ST00010" HPOS="442" VPOS="191" WIDTH="26" HEIGHT="15" CONTENT="so" WC="0.83" CC="03"/>
						<SP ID="P252_SP00008" HPOS="468" VPOS="214" WIDTH="18"/>
						<String ID="P252_ST00011" HPOS="486" VPOS="182" WIDTH="58" HEIGHT="31" CONTENT="long" WC="0.58" CC="4480"/>
						<SP ID="P252_SP00009" HPOS="544" VPOS="214" WIDTH="18"/>
						<String ID="P252_ST00012" HPOS="562" VPOS="191" WIDTH="13" HEIGHT="15" CONTENT="a" WC="0.56" CC="4"/>
						<SP ID="P252_SP00010" HPOS="575" VPOS="214" WIDTH="19"/>
						<String ID="P252_ST00013" HPOS="594" VPOS="181" WIDTH="58" HEIGHT="25" CONTENT="time" WC="0.73" CC="4320"/>
						<SP ID="P252_SP00011" HPOS="652" VPOS="214" WIDTH="16"/>
						<String ID="P252_ST00014" HPOS="668" VPOS="181" WIDTH="89" HEIGHT="24" CONTENT="before." WC="0.70" CC="8063100"/>
						<SP ID="P252_SP00012" HPOS="757" VPOS="214" WIDTH="38"/>
						<String ID="P252_ST00015" HPOS="795" VPOS="181" WIDTH="69" HEIGHT="25" CONTENT="Since" WC="0.43" CC="72863"/>
						<SP ID="P252_SP00013" HPOS="864" VPOS="214" WIDTH="12"/>
						<String ID="P252_ST00016" HPOS="876" VPOS="182" WIDTH="14" HEIGHT="24" CONTENT="I" WC="1.00" CC="0"/>
					</TextLine>
					<TextLine ID="P252_TL00004" HPOS="127" VPOS="223" WIDTH="763" HEIGHT="31">
						<String ID="P252_ST00017" HPOS="127" VPOS="223" WIDTH="48" HEIGHT="23" CONTENT="had" WC="0.35" CC="828"/>
						<SP ID="P252_SP00014" HPOS="175" VPOS="246" WIDTH="11"/>
						<String ID="P252_ST00018" HPOS="186" VPOS="224" WIDTH="60" HEIGHT="23" CONTENT="been" WC="0.50" CC="4518"/>
						<SP ID="P252_SP00015" HPOS="246" VPOS="247" WIDTH="13"/>
						<String ID="P252_ST00019" HPOS="259" VPOS="224" WIDTH="47" HEIGHT="23" CONTENT="last" WC="0.60" CC="3443"/>
						<SP ID="P252_SP00016" HPOS="306" VPOS="247" WIDTH="12"/>
						<String ID="P252_ST00020" HPOS="318" VPOS="224" WIDTH="66" HEIGHT="23" CONTENT="there" WC="0.65" CC="27061"/>
						<SP ID="P252_SP00017" HPOS="384" VPOS="247" WIDTH="12"/>
						<String ID="P252_ST00021" HPOS="396" VPOS="225" WIDTH="25" HEIGHT="22" CONTENT="to" WC="0.86" CC="10"/>
						<SP ID="P252_SP00018" HPOS="421" VPOS="247" WIDTH="13"/>
						<String ID="P252_ST00022" HPOS="434" VPOS="223" WIDTH="111" HEIGHT="31" CONTENT="worship," WC="0.49" CC="86338360"/>
						<SP ID="P252_SP00019" HPOS="545" VPOS="254" WIDTH="14"/>
						<String ID="P252_ST00023" HPOS="559" VPOS="223" WIDTH="19" HEIGHT="23" CONTENT="it" WC="0.93" CC="01"/>
						<SP ID="P252_SP00020" HPOS="578" VPOS="254" WIDTH="14"/>
						<String ID="P252_ST00024" HPOS="592" VPOS="223" WIDTH="95" HEIGHT="23" CONTENT="seemed" WC="0.67" CC="300708"/>
						<SP ID="P252_SP00021" HPOS="687" VPOS="254" WIDTH="12"/>
						<String ID="P252_ST00025" HPOS="699" VPOS="230" WIDTH="27" HEIGHT="16" CONTENT="as" WC="0.73" CC="23"/>
						<SP ID="P252_SP00022" HPOS="726" VPOS="254" WIDTH="12"/>
						<String ID="P252_ST00026" HPOS="738" VPOS="223" WIDTH="21" HEIGHT="23" CONTENT="if" WC="0.74" CC="22"/>
						<SP ID="P252_SP00023" HPOS="759" VPOS="254" WIDTH="8"/>
						<String ID="P252_ST00027" HPOS="767" VPOS="231" WIDTH="40" HEIGHT="23" CONTENT="my" WC="0.23" CC="78"/>
						<SP ID="P252_SP00024" HPOS="807" VPOS="254" WIDTH="11"/>
						<String ID="P252_ST00028" HPOS="818" VPOS="224" WIDTH="72" HEIGHT="30" CONTENT="youth" WC="0.35" CC="82478"/>
					</TextLine>
					<TextLine ID="P252_TL00005" HPOS="127" VPOS="263" WIDTH="763" HEIGHT="33">
						<String ID="P252_ST00029" HPOS="127" VPOS="264" WIDTH="48" HEIGHT="24" CONTENT="had" WC="0.20" CC="878"/>
						<SP ID="P252_SP00025" HPOS="175" VPOS="288" WIDTH="11"/>
						<String ID="P252_ST00030" HPOS="186" VPOS="265" WIDTH="88" HEIGHT="31" CONTENT="passed" WC="0.71" CC="800107"/>
						<SP ID="P252_SP00026" HPOS="274" VPOS="296" WIDTH="12"/>
						<String ID="P252_ST00031" HPOS="286" VPOS="272" WIDTH="65" HEIGHT="24" CONTENT="away" WC="0.38" CC="1877"/>
						<String ID="P252_ST00032" HPOS="351" VPOS="279" WIDTH="34" HEIGHT="3" CONTENT="—" WC="0.20" CC="8"/>
						<String ID="P252_ST00033" HPOS="386" VPOS="272" WIDTH="60" HEIGHT="24" CONTENT="gone" WC="0.80" CC="0070"/>
						<SP ID="P252_SP00027" HPOS="446" VPOS="296" WIDTH="19"/>
						<String ID="P252_ST00034" HPOS="465" VPOS="263" WIDTH="99" HEIGHT="24" CONTENT="without" WC="0.41" CC="8605586"/>
						<SP ID="P252_SP00028" HPOS="564" VPOS="296" WIDTH="19"/>
						<String ID="P252_ST00035" HPOS="583" VPOS="272" WIDTH="13" HEIGHT="15" CONTENT="a" WC="0.27" CC="7"/>
						<SP ID="P252_SP00029" HPOS="596" VPOS="296" WIDTH="17"/>
						<String ID="P252_ST00036" HPOS="613" VPOS="263" WIDTH="107" HEIGHT="32" CONTENT="warning" WC="0.38" CC="7618583"/>
						<String ID="P252_ST00037" HPOS="721" VPOS="279" WIDTH="32" HEIGHT="1" CONTENT="—" WC="0.20" CC="8"/>
						<String ID="P252_ST00038" HPOS="754" VPOS="264" WIDTH="94" HEIGHT="32" CONTENT="leaving" WC="0.52" CC="8048470"/>
						<SP ID="P252_SP00030" HPOS="848" VPOS="296" WIDTH="11"/>
						<String ID="P252_ST00039" HPOS="859" VPOS="273" WIDTH="31" HEIGHT="15" CONTENT="no" WC="0.25" CC="68"/>
					</TextLine>
					<TextLine ID="P252_TL00006" HPOS="126" VPOS="305" WIDTH="764" HEIGHT="33">
						<String ID="P252_ST00040" HPOS="126" VPOS="307" WIDTH="65" HEIGHT="22" CONTENT="trace" WC="0.48" CC="78602"/>
						<SP ID="P252_SP00031" HPOS="191" VPOS="329" WIDTH="13"/>
						<String ID="P252_ST00041" HPOS="204" VPOS="306" WIDTH="97" HEIGHT="23" CONTENT="behind." WC="0.40" CC="8075874"/>
						<SP ID="P252_SP00032" HPOS="301" VPOS="329" WIDTH="36"/>
						<String ID="P252_ST00042" HPOS="337" VPOS="306" WIDTH="69" HEIGHT="23" CONTENT="After" WC="0.46" CC="67705"/>
						<SP ID="P252_SP00033" HPOS="406" VPOS="329" WIDTH="19"/>
						<String ID="P252_ST00043" HPOS="425" VPOS="305" WIDTH="97" HEIGHT="29" CONTENT="service," WC="0.67" CC="46480020"/>
						<SP ID="P252_SP00034" HPOS="522" VPOS="334" WIDTH="20"/>
						<String ID="P252_ST00044" HPOS="542" VPOS="306" WIDTH="14" HEIGHT="23" CONTENT="I" WC="0.87" CC="1"/>
						<SP ID="P252_SP00035" HPOS="556" VPOS="334" WIDTH="16"/>
						<String ID="P252_ST00045" HPOS="572" VPOS="307" WIDTH="63" HEIGHT="22" CONTENT="went" WC="0.52" CC="6173"/>
						<SP ID="P252_SP00036" HPOS="635" VPOS="334" WIDTH="19"/>
						<String ID="P252_ST00046" HPOS="654" VPOS="305" WIDTH="105" HEIGHT="32" CONTENT="through" WC="0.59" CC="6040808"/>
						<SP ID="P252_SP00037" HPOS="759" VPOS="337" WIDTH="17"/>
						<String ID="P252_ST00047" HPOS="776" VPOS="306" WIDTH="41" HEIGHT="23" CONTENT="the" WC="0.60" CC="560"/>
						<SP ID="P252_SP00038" HPOS="817" VPOS="337" WIDTH="18"/>
						<String ID="P252_ST00048" HPOS="835" VPOS="306" WIDTH="55" HEIGHT="32" CONTENT="long" WC="0.70" CC="0083"/>
					</TextLine>
					<TextLine ID="P252_TL00007" HPOS="127" VPOS="346" WIDTH="763" HEIGHT="33">
						<String ID="P252_ST00049" HPOS="127" VPOS="356" WIDTH="68" HEIGHT="23" CONTENT="grass" WC="0.51" CC="06655"/>
						<SP ID="P252_SP00039" HPOS="195" VPOS="379" WIDTH="13"/>
						<String ID="P252_ST00050" HPOS="208" VPOS="348" WIDTH="24" HEIGHT="23" CONTENT="to" WC="0.77" CC="04"/>
						<SP ID="P252_SP00040" HPOS="232" VPOS="379" WIDTH="12"/>
						<String ID="P252_ST00051" HPOS="244" VPOS="347" WIDTH="41" HEIGHT="24" CONTENT="the" WC="0.57" CC="660"/>
						<SP ID="P252_SP00041" HPOS="285" VPOS="379" WIDTH="13"/>
						<String ID="P252_ST00052" HPOS="298" VPOS="347" WIDTH="173" HEIGHT="32" CONTENT="unfrequented" WC="0.58" CC="680202707607"/>
						<SP ID="P252_SP00042" HPOS="471" VPOS="379" WIDTH="12"/>
						<String ID="P252_ST00053" HPOS="483" VPOS="348" WIDTH="54" HEIGHT="31" CONTENT="part" WC="0.48" CC="8056"/>
						<SP ID="P252_SP00043" HPOS="537" VPOS="379" WIDTH="12"/>
						<String ID="P252_ST00054" HPOS="549" VPOS="346" WIDTH="26" HEIGHT="24" CONTENT="of" WC="0.42" CC="55"/>
						<SP ID="P252_SP00044" HPOS="575" VPOS="379" WIDTH="14"/>
						<String ID="P252_ST00055" HPOS="589" VPOS="346" WIDTH="42" HEIGHT="24" CONTENT="the" WC="0.66" CC="270"/>
						<SP ID="P252_SP00045" HPOS="631" VPOS="379" WIDTH="18"/>
						<String ID="P252_ST00056" HPOS="649" VPOS="346" WIDTH="147" HEIGHT="32" CONTENT="churchyard" WC="0.41" CC="0868687048"/>
						<SP ID="P252_SP00046" HPOS="796" VPOS="379" WIDTH="18"/>
						<String ID="P252_ST00057" HPOS="814" VPOS="347" WIDTH="76" HEIGHT="24" CONTENT="where" WC="0.47" CC="86217"/>
					</TextLine>
					<TextLine ID="P252_TL00008" HPOS="127" VPOS="388" WIDTH="762" HEIGHT="32">
						<String ID="P252_ST00058" HPOS="127" VPOS="396" WIDTH="41" HEIGHT="23" CONTENT="my" WC="0.20" CC="78"/>
						<SP ID="P252_SP00047" HPOS="168" VPOS="419" WIDTH="21"/>
						<String ID="P252_ST00059" HPOS="189" VPOS="388" WIDTH="57" HEIGHT="24" CONTENT="dear" WC="0.47" CC="8084"/>
						<SP ID="P252_SP00048" HPOS="246" VPOS="419" WIDTH="19"/>
						<String ID="P252_ST00060" HPOS="265" VPOS="389" WIDTH="94" HEIGHT="23" CONTENT="mother" WC="0.68" CC="030716"/>
						<SP ID="P252_SP00049" HPOS="359" VPOS="419" WIDTH="20"/>
						<String ID="P252_ST00061" HPOS="379" VPOS="388" WIDTH="38" HEIGHT="32" CONTENT="lay" WC="0.71" CC="106"/>
						<SP ID="P252_SP00050" HPOS="417" VPOS="420" WIDTH="19"/>
						<String ID="P252_ST00062" HPOS="436" VPOS="388" WIDTH="92" HEIGHT="24" CONTENT="buried." WC="0.60" CC="8811080"/>
						<SP ID="P252_SP00051" HPOS="528" VPOS="420" WIDTH="44"/>
						<String ID="P252_ST00063" HPOS="572" VPOS="389" WIDTH="22" HEIGHT="23" CONTENT="A" WC="0.17" CC="8"/>
						<SP ID="P252_SP00052" HPOS="594" VPOS="420" WIDTH="21"/>
						<String ID="P252_ST00064" HPOS="615" VPOS="388" WIDTH="100" HEIGHT="32" CONTENT="garland" WC="0.56" CC="0752185"/>
						<SP ID="P252_SP00053" HPOS="715" VPOS="420" WIDTH="20"/>
						<String ID="P252_ST00065" HPOS="735" VPOS="388" WIDTH="26" HEIGHT="24" CONTENT="of" WC="0.56" CC="35"/>
						<SP ID="P252_SP00054" HPOS="761" VPOS="420" WIDTH="22"/>
						<String ID="P252_ST00066" HPOS="783" VPOS="388" WIDTH="106" HEIGHT="24" CONTENT="brilliant" WC="0.48" CC="854081276"/>
					</TextLine>
					<TextLine ID="P252_TL00009" HPOS="126" VPOS="429" WIDTH="763" HEIGHT="32">
						<String ID="P252_ST00067" HPOS="126" VPOS="429" WIDTH="83" HEIGHT="31" CONTENT="yellow" WC="0.56" CC="631707"/>
						<SP ID="P252_SP00055" HPOS="209" VPOS="460" WIDTH="10"/>
						<String ID="P252_ST00068" HPOS="219" VPOS="429" WIDTH="154" HEIGHT="24" CONTENT="immortelles" WC="0.73" CC="30706401500"/>
						<SP ID="P252_SP00056" HPOS="373" VPOS="460" WIDTH="12"/>
						<String ID="P252_ST00069" HPOS="385" VPOS="429" WIDTH="38" HEIGHT="32" CONTENT="lay" WC="0.54" CC="254"/>
						<SP ID="P252_SP00057" HPOS="423" VPOS="461" WIDTH="13"/>
						<String ID="P252_ST00070" HPOS="436" VPOS="438" WIDTH="30" HEIGHT="15" CONTENT="on" WC="0.58" CC="08"/>
						<SP ID="P252_SP00058" HPOS="466" VPOS="461" WIDTH="12"/>
						<String ID="P252_ST00071" HPOS="478" VPOS="429" WIDTH="44" HEIGHT="24" CONTENT="her" WC="0.47" CC="708"/>
						<SP ID="P252_SP00059" HPOS="522" VPOS="461" WIDTH="11"/>
						<String ID="P252_ST00072" HPOS="533" VPOS="438" WIDTH="71" HEIGHT="23" CONTENT="grave" WC="0.73" CC="05080"/>
						<SP ID="P252_SP00060" HPOS="604" VPOS="461" WIDTH="12"/>
						<String ID="P252_ST00073" HPOS="616" VPOS="438" WIDTH="6" HEIGHT="20" CONTENT=";" WC="0.79" CC="2"/>
						<SP ID="P252_SP00061" HPOS="622" VPOS="461" WIDTH="20"/>
						<String ID="P252_ST00074" HPOS="642" VPOS="429" WIDTH="46" HEIGHT="24" CONTENT="and" WC="0.39" CC="188"/>
						<SP ID="P252_SP00062" HPOS="688" VPOS="461" WIDTH="17"/>
						<String ID="P252_ST00075" HPOS="705" VPOS="429" WIDTH="41" HEIGHT="24" CONTENT="the" WC="0.54" CC="570"/>
						<SP ID="P252_SP00063" HPOS="746" VPOS="461" WIDTH="19"/>
						<String ID="P252_ST00076" HPOS="765" VPOS="430" WIDTH="124" HEIGHT="23" CONTENT="unwonted" WC="0.42" CC="78808408"/>
					</TextLine>
					<TextLine ID="P252_TL00010" HPOS="127" VPOS="470" WIDTH="762" HEIGHT="32">
						<String ID="P252_ST00077" HPOS="127" VPOS="470" WIDTH="99" HEIGHT="32" CONTENT="offering" WC="0.57" CC="26655080"/>
						<SP ID="P252_SP00064" HPOS="226" VPOS="502" WIDTH="21"/>
						<String ID="P252_ST00078" HPOS="247" VPOS="471" WIDTH="58" HEIGHT="24" CONTENT="took" WC="0.62" CC="7303"/>
						<SP ID="P252_SP00065" HPOS="305" VPOS="502" WIDTH="19"/>
						<String ID="P252_ST00079" HPOS="324" VPOS="478" WIDTH="37" HEIGHT="17" CONTENT="me" WC="0.71" CC="50"/>
						<SP ID="P252_SP00066" HPOS="361" VPOS="502" WIDTH="22"/>
						<String ID="P252_ST00080" HPOS="383" VPOS="471" WIDTH="30" HEIGHT="31" CONTENT="by" WC="0.42" CC="74"/>
						<SP ID="P252_SP00067" HPOS="413" VPOS="502" WIDTH="22"/>
						<String ID="P252_ST00081" HPOS="435" VPOS="470" WIDTH="114" HEIGHT="32" CONTENT="surprise." WC="0.50" CC="168830652"/>
						<SP ID="P252_SP00068" HPOS="549" VPOS="502" WIDTH="36"/>
						<String ID="P252_ST00082" HPOS="585" VPOS="471" WIDTH="13" HEIGHT="23" CONTENT="I" WC="0.63" CC="3"/>
						<SP ID="P252_SP00069" HPOS="598" VPOS="502" WIDTH="19"/>
						<String ID="P252_ST00083" HPOS="617" VPOS="470" WIDTH="69" HEIGHT="25" CONTENT="knew" WC="0.43" CC="6807"/>
						<SP ID="P252_SP00070" HPOS="686" VPOS="502" WIDTH="12"/>
						<String ID="P252_ST00084" HPOS="698" VPOS="470" WIDTH="26" HEIGHT="25" CONTENT="of" WC="0.86" CC="02"/>
						<SP ID="P252_SP00071" HPOS="724" VPOS="502" WIDTH="14"/>
						<String ID="P252_ST00085" HPOS="738" VPOS="471" WIDTH="40" HEIGHT="24" CONTENT="the" WC="0.48" CC="770"/>
						<SP ID="P252_SP00072" HPOS="778" VPOS="502" WIDTH="21"/>
						<String ID="P252_ST00086" HPOS="799" VPOS="470" WIDTH="90" HEIGHT="32" CONTENT="foreign" WC="0.54" CC="5450708"/>
					</TextLine>
					<TextLine ID="P252_TL00011" HPOS="127" VPOS="511" WIDTH="762" HEIGHT="33">
						<String ID="P252_ST00087" HPOS="127" VPOS="514" WIDTH="102" HEIGHT="27" CONTENT="custom," WC="0.72" CC="4723100"/>
						<SP ID="P252_SP00073" HPOS="229" VPOS="541" WIDTH="14"/>
						<String ID="P252_ST00088" HPOS="243" VPOS="512" WIDTH="116" HEIGHT="32" CONTENT="although" WC="0.48" CC="54781704"/>
						<SP ID="P252_SP00074" HPOS="359" VPOS="544" WIDTH="18"/>
						<String ID="P252_ST00089" HPOS="377" VPOS="512" WIDTH="13" HEIGHT="23" CONTENT="I" WC="1.00" CC="0"/>
						<SP ID="P252_SP00075" HPOS="390" VPOS="544" WIDTH="17"/>
						<String ID="P252_ST00090" HPOS="407" VPOS="512" WIDTH="49" HEIGHT="24" CONTENT="had" WC="0.29" CC="578"/>
						<SP ID="P252_SP00076" HPOS="456" VPOS="544" WIDTH="17"/>
						<String ID="P252_ST00091" HPOS="473" VPOS="520" WIDTH="72" HEIGHT="16" CONTENT="never" WC="0.55" CC="80706"/>
						<SP ID="P252_SP00077" HPOS="545" VPOS="544" WIDTH="16"/>
						<String ID="P252_ST00092" HPOS="561" VPOS="520" WIDTH="56" HEIGHT="16" CONTENT="seen" WC="0.63" CC="6008"/>
						<SP ID="P252_SP00078" HPOS="617" VPOS="544" WIDTH="12"/>
						<String ID="P252_ST00093" HPOS="629" VPOS="512" WIDTH="42" HEIGHT="24" CONTENT="the" WC="0.73" CC="070"/>
						<SP ID="P252_SP00079" HPOS="671" VPOS="544" WIDTH="17"/>
						<String ID="P252_ST00094" HPOS="688" VPOS="511" WIDTH="60" HEIGHT="24" CONTENT="kind" WC="0.47" CC="5078"/>
						<SP ID="P252_SP00080" HPOS="748" VPOS="544" WIDTH="13"/>
						<String ID="P252_ST00095" HPOS="761" VPOS="512" WIDTH="26" HEIGHT="24" CONTENT="of" WC="0.47" CC="45"/>
						<SP ID="P252_SP00081" HPOS="787" VPOS="544" WIDTH="14"/>
						<String ID="P252_ST00096" HPOS="801" VPOS="512" WIDTH="88" HEIGHT="24" CONTENT="wreath" WC="0.47" CC="880068"/>
					</TextLine>
					<TextLine ID="P252_TL00012" HPOS="126" VPOS="553" WIDTH="761" HEIGHT="31">
						<String ID="P252_ST00097" HPOS="126" VPOS="553" WIDTH="88" HEIGHT="24" CONTENT="before." WC="0.70" CC="8065000"/>
						<SP ID="P252_SP00082" HPOS="214" VPOS="577" WIDTH="37"/>
						<String ID="P252_ST00098" HPOS="251" VPOS="554" WIDTH="13" HEIGHT="23" CONTENT="I" WC="0.95" CC="0"/>
						<SP ID="P252_SP00083" HPOS="264" VPOS="577" WIDTH="10"/>
						<String ID="P252_ST00099" HPOS="274" VPOS="554" WIDTH="55" HEIGHT="24" CONTENT="took" WC="0.53" CC="5552"/>
						<SP ID="P252_SP00084" HPOS="329" VPOS="578" WIDTH="13"/>
						<String ID="P252_ST00100" HPOS="342" VPOS="554" WIDTH="19" HEIGHT="23" CONTENT="it" WC="0.57" CC="44"/>
						<SP ID="P252_SP00085" HPOS="361" VPOS="578" WIDTH="12"/>
						<String ID="P252_ST00101" HPOS="373" VPOS="562" WIDTH="40" HEIGHT="22" CONTENT="up," WC="0.49" CC="770"/>
						<SP ID="P252_SP00086" HPOS="413" VPOS="584" WIDTH="21"/>
						<String ID="P252_ST00102" HPOS="434" VPOS="554" WIDTH="47" HEIGHT="23" CONTENT="and" WC="0.46" CC="087"/>
						<SP ID="P252_SP00087" HPOS="481" VPOS="584" WIDTH="17"/>
						<String ID="P252_ST00103" HPOS="498" VPOS="554" WIDTH="58" HEIGHT="23" CONTENT="read" WC="0.66" CC="5008"/>
						<SP ID="P252_SP00088" HPOS="556" VPOS="584" WIDTH="16"/>
						<String ID="P252_ST00104" HPOS="572" VPOS="561" WIDTH="44" HEIGHT="16" CONTENT="one" WC="0.75" CC="070"/>
						<SP ID="P252_SP00089" HPOS="616" VPOS="584" WIDTH="18"/>
						<String ID="P252_ST00105" HPOS="634" VPOS="554" WIDTH="64" HEIGHT="23" CONTENT="word" WC="0.59" CC="7017"/>
						<SP ID="P252_SP00090" HPOS="698" VPOS="584" WIDTH="18"/>
						<String ID="P252_ST00106" HPOS="716" VPOS="553" WIDTH="27" HEIGHT="24" CONTENT="in" WC="0.57" CC="08"/>
						<SP ID="P252_SP00091" HPOS="743" VPOS="584" WIDTH="18"/>
						<String ID="P252_ST00107" HPOS="761" VPOS="554" WIDTH="41" HEIGHT="23" CONTENT="the" WC="0.50" CC="770"/>
						<SP ID="P252_SP00092" HPOS="802" VPOS="584" WIDTH="19"/>
						<String ID="P252_ST00108" HPOS="821" VPOS="554" WIDTH="66" HEIGHT="24" CONTENT="black" WC="0.45" CC="82546"/>
					</TextLine>
					<TextLine ID="P252_TL00013" HPOS="126" VPOS="594" WIDTH="761" HEIGHT="32">
						<String ID="P252_ST00109" HPOS="126" VPOS="594" WIDTH="69" HEIGHT="24" CONTENT="floral" WC="0.69" CC="442600"/>
						<SP ID="P252_SP00093" HPOS="195" VPOS="618" WIDTH="21"/>
						<String ID="P252_ST00110" HPOS="216" VPOS="594" WIDTH="98" HEIGHT="29" CONTENT="letters;" WC="0.71" CC="00510851"/>
						<SP ID="P252_SP00094" HPOS="314" VPOS="623" WIDTH="21"/>
						<String ID="P252_ST00111" HPOS="335" VPOS="594" WIDTH="18" HEIGHT="24" CONTENT="it" WC="0.88" CC="02"/>
						<SP ID="P252_SP00095" HPOS="353" VPOS="623" WIDTH="20"/>
						<String ID="P252_ST00112" HPOS="373" VPOS="602" WIDTH="48" HEIGHT="15" CONTENT="was" WC="0.39" CC="755"/>
						<SP ID="P252_SP00096" HPOS="421" VPOS="623" WIDTH="20"/>
						<String ID="P252_ST00113" HPOS="441" VPOS="594" WIDTH="87" HEIGHT="32" CONTENT="simply" WC="0.58" CC="501827"/>
						<SP ID="P252_SP00097" HPOS="528" VPOS="626" WIDTH="20"/>
						<String ID="P252_ST00114" HPOS="548" VPOS="594" WIDTH="128" HEIGHT="23" CONTENT='"Adieu."' WC="0.53" CC="46850804"/>
						<SP ID="P252_SP00098" HPOS="676" VPOS="626" WIDTH="36"/>
						<String ID="P252_ST00115" HPOS="712" VPOS="594" WIDTH="13" HEIGHT="23" CONTENT="I" WC="0.58" CC="4"/>
						<SP ID="P252_SP00099" HPOS="725" VPOS="626" WIDTH="14"/>
						<String ID="P252_ST00116" HPOS="739" VPOS="594" WIDTH="76" HEIGHT="28" CONTENT="knew," WC="0.65" CC="18070"/>
						<SP ID="P252_SP00100" HPOS="815" VPOS="626" WIDTH="12"/>
						<String ID="P252_ST00117" HPOS="827" VPOS="594" WIDTH="60" HEIGHT="24" CONTENT="from" WC="0.38" CC="6656"/>
					</TextLine>
					<TextLine ID="P252_TL00014" HPOS="126" VPOS="635" WIDTH="762" HEIGHT="29">
						<String ID="P252_ST00118" HPOS="126" VPOS="636" WIDTH="41" HEIGHT="24" CONTENT="the" WC="0.46" CC="780"/>
						<SP ID="P252_SP00101" HPOS="167" VPOS="660" WIDTH="18"/>
						<String ID="P252_ST00119" HPOS="185" VPOS="635" WIDTH="53" HEIGHT="25" CONTENT="first" WC="0.74" CC="00432"/>
						<SP ID="P252_SP00102" HPOS="238" VPOS="660" WIDTH="18"/>
						<String ID="P252_ST00120" HPOS="256" VPOS="637" WIDTH="105" HEIGHT="23" CONTENT="moment" WC="0.55" CC="330486"/>
						<SP ID="P252_SP00103" HPOS="361" VPOS="660" WIDTH="20"/>
						<String ID="P252_ST00121" HPOS="381" VPOS="635" WIDTH="13" HEIGHT="23" CONTENT="I" WC="0.85" CC="1"/>
						<SP ID="P252_SP00104" HPOS="394" VPOS="660" WIDTH="19"/>
						<String ID="P252_ST00122" HPOS="413" VPOS="644" WIDTH="49" HEIGHT="15" CONTENT="saw" WC="0.40" CC="188"/>
						<SP ID="P252_SP00105" HPOS="462" VPOS="660" WIDTH="15"/>
						<String ID="P252_ST00123" HPOS="477" VPOS="635" WIDTH="27" HEIGHT="29" CONTENT="it," WC="0.74" CC="160"/>
						<SP ID="P252_SP00106" HPOS="504" VPOS="664" WIDTH="19"/>
						<String ID="P252_ST00124" HPOS="523" VPOS="635" WIDTH="54" HEIGHT="24" CONTENT="that" WC="0.45" CC="6824"/>
						<SP ID="P252_SP00107" HPOS="577" VPOS="664" WIDTH="17"/>
						<String ID="P252_ST00125" HPOS="594" VPOS="635" WIDTH="35" HEIGHT="23" CONTENT="M." WC="0.63" CC="70"/>
						<SP ID="P252_SP00108" HPOS="629" VPOS="664" WIDTH="15"/>
						<String ID="P252_ST00126" HPOS="644" VPOS="635" WIDTH="28" HEIGHT="24" CONTENT="de" WC="0.59" CC="80"/>
						<SP ID="P252_SP00109" HPOS="672" VPOS="664" WIDTH="17"/>
						<String ID="P252_ST00127" HPOS="689" VPOS="635" WIDTH="117" HEIGHT="24" CONTENT="Chalabre" WC="0.60" CC="17420860"/>
						<SP ID="P252_SP00110" HPOS="806" VPOS="664" WIDTH="19"/>
						<String ID="P252_ST00128" HPOS="825" VPOS="637" WIDTH="63" HEIGHT="22" CONTENT="must" WC="0.52" CC="6047"/>
					</TextLine>
					<TextLine ID="P252_TL00015" HPOS="126" VPOS="677" WIDTH="761" HEIGHT="32">
						<String ID="P252_ST00129" HPOS="126" VPOS="677" WIDTH="60" HEIGHT="23" CONTENT="have" WC="0.40" CC="8870"/>
						<SP ID="P252_SP00111" HPOS="186" VPOS="700" WIDTH="21"/>
						<String ID="P252_ST00130" HPOS="207" VPOS="677" WIDTH="112" HEIGHT="24" CONTENT="returned" WC="0.53" CC="20566708"/>
						<SP ID="P252_SP00112" HPOS="319" VPOS="701" WIDTH="21"/>
						<String ID="P252_ST00131" HPOS="340" VPOS="678" WIDTH="24" HEIGHT="22" CONTENT="to" WC="0.67" CC="23"/>
						<SP ID="P252_SP00113" HPOS="364" VPOS="701" WIDTH="20"/>
						<String ID="P252_ST00132" HPOS="384" VPOS="677" WIDTH="121" HEIGHT="31" CONTENT="England." WC="0.61" CC="08061770"/>
						<SP ID="P252_SP00114" HPOS="505" VPOS="708" WIDTH="46"/>
						<String ID="P252_ST00133" HPOS="551" VPOS="677" WIDTH="65" HEIGHT="23" CONTENT="Such" WC="0.43" CC="7608"/>
						<SP ID="P252_SP00115" HPOS="616" VPOS="708" WIDTH="22"/>
						<String ID="P252_ST00134" HPOS="638" VPOS="685" WIDTH="13" HEIGHT="15" CONTENT="a" WC="0.38" CC="6"/>
						<SP ID="P252_SP00116" HPOS="651" VPOS="708" WIDTH="20"/>
						<String ID="P252_ST00135" HPOS="671" VPOS="677" WIDTH="72" HEIGHT="23" CONTENT="token" WC="0.50" CC="72608"/>
						<SP ID="P252_SP00117" HPOS="743" VPOS="708" WIDTH="22"/>
						<String ID="P252_ST00136" HPOS="765" VPOS="677" WIDTH="25" HEIGHT="23" CONTENT="of" WC="0.75" CC="04"/>
						<SP ID="P252_SP00118" HPOS="790" VPOS="708" WIDTH="14"/>
						<String ID="P252_ST00137" HPOS="804" VPOS="677" WIDTH="83" HEIGHT="32" CONTENT="regard" WC="0.43" CC="055778"/>
					</TextLine>
					<TextLine ID="P252_TL00016" HPOS="126" VPOS="717" WIDTH="761" HEIGHT="32">
						<String ID="P252_ST00138" HPOS="126" VPOS="727" WIDTH="48" HEIGHT="15" CONTENT="was" WC="0.69" CC="800"/>
						<SP ID="P252_SP00119" HPOS="174" VPOS="742" WIDTH="12"/>
						<String ID="P252_ST00139" HPOS="186" VPOS="718" WIDTH="48" HEIGHT="24" CONTENT="like" WC="0.62" CC="0770"/>
						<SP ID="P252_SP00120" HPOS="234" VPOS="742" WIDTH="12"/>
						<String ID="P252_ST00140" HPOS="246" VPOS="718" WIDTH="58" HEIGHT="28" CONTENT="him," WC="0.50" CC="6760"/>
						<SP ID="P252_SP00121" HPOS="304" VPOS="746" WIDTH="14"/>
						<String ID="P252_ST00141" HPOS="318" VPOS="718" WIDTH="46" HEIGHT="24" CONTENT="and" WC="0.19" CC="788"/>
						<SP ID="P252_SP00122" HPOS="364" VPOS="746" WIDTH="10"/>
						<String ID="P252_ST00142" HPOS="374" VPOS="718" WIDTH="70" HEIGHT="24" CONTENT="could" WC="0.66" CC="00636"/>
						<SP ID="P252_SP00123" HPOS="444" VPOS="746" WIDTH="12"/>
						<String ID="P252_ST00143" HPOS="456" VPOS="717" WIDTH="82" HEIGHT="32" CONTENT="spring" WC="0.44" CC="286770"/>
						<SP ID="P252_SP00124" HPOS="538" VPOS="749" WIDTH="11"/>
						<String ID="P252_ST00144" HPOS="549" VPOS="718" WIDTH="61" HEIGHT="24" CONTENT="from" WC="0.70" CC="4700"/>
						<SP ID="P252_SP00125" HPOS="610" VPOS="749" WIDTH="12"/>
						<String ID="P252_ST00145" HPOS="622" VPOS="727" WIDTH="31" HEIGHT="15" CONTENT="no" WC="0.34" CC="84"/>
						<SP ID="P252_SP00126" HPOS="653" VPOS="749" WIDTH="13"/>
						<String ID="P252_ST00146" HPOS="666" VPOS="727" WIDTH="44" HEIGHT="15" CONTENT="one" WC="0.66" CC="270"/>
						<SP ID="P252_SP00127" HPOS="710" VPOS="749" WIDTH="13"/>
						<String ID="P252_ST00147" HPOS="723" VPOS="718" WIDTH="56" HEIGHT="24" CONTENT="else." WC="0.71" CC="06502"/>
						<SP ID="P252_SP00128" HPOS="779" VPOS="749" WIDTH="36"/>
						<String ID="P252_ST00148" HPOS="815" VPOS="718" WIDTH="48" HEIGHT="24" CONTENT="But" WC="0.53" CC="760"/>
						<SP ID="P252_SP00129" HPOS="863" VPOS="749" WIDTH="11"/>
						<String ID="P252_ST00149" HPOS="874" VPOS="719" WIDTH="13" HEIGHT="23" CONTENT="I" WC="0.67" CC="3"/>
					</TextLine>
					<TextLine ID="P252_TL00017" HPOS="125" VPOS="760" WIDTH="761" HEIGHT="32">
						<String ID="P252_ST00150" HPOS="125" VPOS="760" WIDTH="126" HEIGHT="24" CONTENT="wondered" WC="0.47" CC="81770808"/>
						<SP ID="P252_SP00130" HPOS="251" VPOS="784" WIDTH="12"/>
						<String ID="P252_ST00151" HPOS="263" VPOS="769" WIDTH="14" HEIGHT="14" CONTENT="a" WC="0.50" CC="4"/>
						<SP ID="P252_SP00131" HPOS="277" VPOS="784" WIDTH="12"/>
						<String ID="P252_ST00152" HPOS="289" VPOS="760" WIDTH="61" HEIGHT="23" CONTENT="little" WC="0.59" CC="034717"/>
						<SP ID="P252_SP00132" HPOS="350" VPOS="784" WIDTH="12"/>
						<String ID="P252_ST00153" HPOS="362" VPOS="760" WIDTH="53" HEIGHT="23" CONTENT="that" WC="0.29" CC="4688"/>
						<SP ID="P252_SP00133" HPOS="415" VPOS="784" WIDTH="12"/>
						<String ID="P252_ST00154" HPOS="427" VPOS="768" WIDTH="33" HEIGHT="15" CONTENT="we" WC="0.59" CC="80"/>
						<SP ID="P252_SP00134" HPOS="460" VPOS="784" WIDTH="13"/>
						<String ID="P252_ST00155" HPOS="473" VPOS="760" WIDTH="47" HEIGHT="23" CONTENT="had" WC="0.28" CC="758"/>
						<SP ID="P252_SP00135" HPOS="520" VPOS="784" WIDTH="16"/>
						<String ID="P252_ST00156" HPOS="536" VPOS="768" WIDTH="72" HEIGHT="15" CONTENT="never" WC="0.63" CC="72800"/>
						<SP ID="P252_SP00136" HPOS="608" VPOS="784" WIDTH="18"/>
						<String ID="P252_ST00157" HPOS="626" VPOS="760" WIDTH="74" HEIGHT="23" CONTENT="heard" WC="0.49" CC="64238"/>
						<SP ID="P252_SP00137" HPOS="700" VPOS="784" WIDTH="18"/>
						<String ID="P252_ST00158" HPOS="718" VPOS="768" WIDTH="26" HEIGHT="16" CONTENT="or" WC="0.66" CC="06"/>
						<SP ID="P252_SP00138" HPOS="744" VPOS="784" WIDTH="18"/>
						<String ID="P252_ST00159" HPOS="762" VPOS="768" WIDTH="55" HEIGHT="16" CONTENT="seen" WC="0.71" CC="3006"/>
						<SP ID="P252_SP00139" HPOS="817" VPOS="784" WIDTH="15"/>
						<String ID="P252_ST00160" HPOS="832" VPOS="769" WIDTH="54" HEIGHT="23" CONTENT="any" SUBS_TYPE="HypPart1" SUBS_CONTENT="anything" WC="0.58" CC="2760"/>
						<HYP CONTENT="-"/>
					</TextLine>
					<TextLine ID="P252_TL00018" HPOS="126" VPOS="801" WIDTH="761" HEIGHT="32">
						<String ID="P252_ST00161" HPOS="126" VPOS="802" WIDTH="70" HEIGHT="31" CONTENT="thing" SUBS_TYPE="HypPart2" SUBS_CONTENT="anything" WC="0.44" CC="48770"/>
						<SP ID="P252_SP00140" HPOS="196" VPOS="833" WIDTH="12"/>
						<String ID="P252_ST00162" HPOS="208" VPOS="802" WIDTH="26" HEIGHT="23" CONTENT="of" WC="0.88" CC="20"/>
						<SP ID="P252_SP00141" HPOS="234" VPOS="833" WIDTH="14"/>
						<String ID="P252_ST00163" HPOS="248" VPOS="801" WIDTH="51" HEIGHT="24" CONTENT="him" WC="0.35" CC="873"/>
						<SP ID="P252_SP00142" HPOS="299" VPOS="833" WIDTH="11"/>
						<String ID="P252_ST00164" HPOS="310" VPOS="810" WIDTH="6" HEIGHT="21" CONTENT=";" WC="0.45" CC="5"/>
						<SP ID="P252_SP00143" HPOS="316" VPOS="833" WIDTH="19"/>
						<String ID="P252_ST00165" HPOS="335" VPOS="801" WIDTH="110" HEIGHT="32" CONTENT="nothing," WC="0.47" CC="81887800"/>
						<SP ID="P252_SP00144" HPOS="445" VPOS="833" WIDTH="19"/>
						<String ID="P252_ST00166" HPOS="464" VPOS="801" WIDTH="25" HEIGHT="24" CONTENT="in" WC="0.42" CC="38"/>
						<SP ID="P252_SP00145" HPOS="489" VPOS="833" WIDTH="17"/>
						<String ID="P252_ST00167" HPOS="506" VPOS="801" WIDTH="58" HEIGHT="29" CONTENT="fact," WC="0.54" CC="37470"/>
						<SP ID="P252_SP00146" HPOS="564" VPOS="833" WIDTH="20"/>
						<String ID="P252_ST00168" HPOS="584" VPOS="801" WIDTH="65" HEIGHT="24" CONTENT="since" WC="0.59" CC="70840"/>
						<SP ID="P252_SP00147" HPOS="649" VPOS="833" WIDTH="18"/>
						<String ID="P252_ST00169" HPOS="667" VPOS="801" WIDTH="68" HEIGHT="31" CONTENT="Lady" WC="0.51" CC="5084"/>
						<SP ID="P252_SP00148" HPOS="735" VPOS="833" WIDTH="16"/>
						<String ID="P252_ST00170" HPOS="751" VPOS="802" WIDTH="136" HEIGHT="24" CONTENT="Ashburton" WC="0.38" CC="807885538"/>
					</TextLine>
					<TextLine ID="P252_TL00019" HPOS="126" VPOS="843" WIDTH="761" HEIGHT="24">
						<String ID="P252_ST00171" HPOS="126" VPOS="843" WIDTH="48" HEIGHT="24" CONTENT="had" WC="0.19" CC="878"/>
						<SP ID="P252_SP00149" HPOS="174" VPOS="867" WIDTH="20"/>
						<String ID="P252_ST00172" HPOS="194" VPOS="843" WIDTH="51" HEIGHT="23" CONTENT="told" WC="0.65" CC="2208"/>
						<SP ID="P252_SP00150" HPOS="245" VPOS="867" WIDTH="20"/>
						<String ID="P252_ST00173" HPOS="265" VPOS="851" WIDTH="38" HEIGHT="16" CONTENT="me" WC="0.84" CC="02"/>
						<SP ID="P252_SP00151" HPOS="303" VPOS="867" WIDTH="21"/>
						<String ID="P252_ST00174" HPOS="324" VPOS="843" WIDTH="54" HEIGHT="23" CONTENT="that" WC="0.46" CC="6626"/>
						<SP ID="P252_SP00152" HPOS="378" VPOS="867" WIDTH="18"/>
						<String ID="P252_ST00175" HPOS="396" VPOS="843" WIDTH="44" HEIGHT="23" CONTENT="her" WC="0.56" CC="705"/>
						<SP ID="P252_SP00153" HPOS="440" VPOS="867" WIDTH="21"/>
						<String ID="P252_ST00176" HPOS="461" VPOS="843" WIDTH="111" HEIGHT="23" CONTENT="husband" WC="0.32" CC="7856388"/>
						<SP ID="P252_SP00154" HPOS="572" VPOS="867" WIDTH="17"/>
						<String ID="P252_ST00177" HPOS="589" VPOS="843" WIDTH="48" HEIGHT="23" CONTENT="had" WC="0.44" CC="808"/>
						<SP ID="P252_SP00155" HPOS="637" VPOS="867" WIDTH="19"/>
						<String ID="P252_ST00178" HPOS="656" VPOS="844" WIDTH="49" HEIGHT="22" CONTENT="met" WC="0.40" CC="727"/>
						<SP ID="P252_SP00156" HPOS="705" VPOS="867" WIDTH="18"/>
						<String ID="P252_ST00179" HPOS="723" VPOS="843" WIDTH="57" HEIGHT="23" CONTENT="with" WC="0.35" CC="8547"/>
						<SP ID="P252_SP00157" HPOS="780" VPOS="867" WIDTH="15"/>
						<String ID="P252_ST00180" HPOS="795" VPOS="843" WIDTH="48" HEIGHT="23" CONTENT="him" WC="0.67" CC="711"/>
						<SP ID="P252_SP00158" HPOS="843" VPOS="867" WIDTH="19"/>
						<String ID="P252_ST00181" HPOS="862" VPOS="843" WIDTH="25" HEIGHT="23" CONTENT="in" WC="0.45" CC="28"/>
					</TextLine>
					<TextLine ID="P252_TL00020" HPOS="126" VPOS="883" WIDTH="761" HEIGHT="31">
						<String ID="P252_ST00182" HPOS="126" VPOS="884" WIDTH="120" HEIGHT="30" CONTENT="Belgium," WC="0.62" CC="70401780"/>
						<SP ID="P252_SP00159" HPOS="246" VPOS="914" WIDTH="13"/>
						<String ID="P252_ST00183" HPOS="259" VPOS="884" WIDTH="115" HEIGHT="30" CONTENT="hurrying" WC="0.61" CC="26027380"/>
						<SP ID="P252_SP00160" HPOS="374" VPOS="914" WIDTH="12"/>
						<String ID="P252_ST00184" HPOS="386" VPOS="885" WIDTH="25" HEIGHT="22" CONTENT="to" WC="1.00" CC="00"/>
						<SP ID="P252_SP00161" HPOS="411" VPOS="914" WIDTH="13"/>
						<String ID="P252_ST00185" HPOS="424" VPOS="883" WIDTH="58" HEIGHT="24" CONTENT="offer" WC="0.57" CC="63315"/>
						<SP ID="P252_SP00162" HPOS="482" VPOS="914" WIDTH="12"/>
						<String ID="P252_ST00186" HPOS="494" VPOS="883" WIDTH="99" HEIGHT="24" CONTENT="himself" WC="0.80" CC="8003000"/>
						<SP ID="P252_SP00163" HPOS="593" VPOS="914" WIDTH="15"/>
						<String ID="P252_ST00187" HPOS="608" VPOS="892" WIDTH="26" HEIGHT="15" CONTENT="as" WC="0.66" CC="51"/>
						<SP ID="P252_SP00164" HPOS="634" VPOS="914" WIDTH="13"/>
						<String ID="P252_ST00188" HPOS="647" VPOS="892" WIDTH="13" HEIGHT="15" CONTENT="a" WC="0.28" CC="7"/>
						<SP ID="P252_SP00165" HPOS="660" VPOS="914" WIDTH="13"/>
						<String ID="P252_ST00189" HPOS="673" VPOS="884" WIDTH="123" HEIGHT="24" CONTENT="volunteer" WC="0.53" CC="837785001"/>
						<SP ID="P252_SP00166" HPOS="796" VPOS="914" WIDTH="11"/>
						<String ID="P252_ST00190" HPOS="807" VPOS="886" WIDTH="24" HEIGHT="22" CONTENT="to" WC="0.70" CC="50"/>
						<SP ID="P252_SP00167" HPOS="831" VPOS="914" WIDTH="12"/>
						<String ID="P252_ST00191" HPOS="843" VPOS="892" WIDTH="44" HEIGHT="17" CONTENT="one" WC="0.52" CC="085"/>
					</TextLine>
					<TextLine ID="P252_TL00021" HPOS="127" VPOS="924" WIDTH="760" HEIGHT="32">
						<String ID="P252_ST00192" HPOS="127" VPOS="926" WIDTH="26" HEIGHT="23" CONTENT="of" WC="0.76" CC="31"/>
						<SP ID="P252_SP00168" HPOS="153" VPOS="949" WIDTH="14"/>
						<String ID="P252_ST00193" HPOS="167" VPOS="926" WIDTH="41" HEIGHT="22" CONTENT="the" WC="0.61" CC="370"/>
						<SP ID="P252_SP00169" HPOS="208" VPOS="949" WIDTH="13"/>
						<String ID="P252_ST00194" HPOS="221" VPOS="926" WIDTH="81" HEIGHT="22" CONTENT="eleven" WC="0.52" CC="060848"/>
						<SP ID="P252_SP00170" HPOS="302" VPOS="949" WIDTH="19"/>
						<String ID="P252_ST00195" HPOS="321" VPOS="925" WIDTH="110" HEIGHT="31" CONTENT="generals" WC="0.70" CC="00803244"/>
						<SP ID="P252_SP00171" HPOS="431" VPOS="956" WIDTH="19"/>
						<String ID="P252_ST00196" HPOS="450" VPOS="924" WIDTH="128" HEIGHT="32" CONTENT="appointed" WC="0.45" CC="388147438"/>
						<SP ID="P252_SP00172" HPOS="578" VPOS="956" WIDTH="17"/>
						<String ID="P252_ST00197" HPOS="595" VPOS="924" WIDTH="32" HEIGHT="31" CONTENT="by" WC="0.40" CC="56"/>
						<SP ID="P252_SP00173" HPOS="627" VPOS="956" WIDTH="17"/>
						<String ID="P252_ST00198" HPOS="644" VPOS="925" WIDTH="40" HEIGHT="23" CONTENT="the" WC="0.54" CC="670"/>
						<SP ID="P252_SP00174" HPOS="684" VPOS="956" WIDTH="18"/>
						<String ID="P252_ST00199" HPOS="702" VPOS="925" WIDTH="53" HEIGHT="23" CONTENT="Due" WC="0.46" CC="870"/>
						<SP ID="P252_SP00175" HPOS="755" VPOS="956" WIDTH="14"/>
						<String ID="P252_ST00200" HPOS="769" VPOS="926" WIDTH="27" HEIGHT="22" CONTENT="de" WC="0.57" CC="80"/>
						<SP ID="P252_SP00176" HPOS="796" VPOS="956" WIDTH="13"/>
						<String ID="P252_ST00201" HPOS="809" VPOS="926" WIDTH="78" HEIGHT="23" CONTENT="Feltre" WC="0.58" CC="530087"/>
					</TextLine>
					<TextLine ID="P252_TL00022" HPOS="126" VPOS="964" WIDTH="759" HEIGHT="33">
						<String ID="P252_ST00202" HPOS="126" VPOS="968" WIDTH="26" HEIGHT="22" CONTENT="to" WC="0.63" CC="70"/>
						<SP ID="P252_SP00177" HPOS="152" VPOS="990" WIDTH="17"/>
						<String ID="P252_ST00203" HPOS="169" VPOS="965" WIDTH="91" HEIGHT="24" CONTENT="receive" WC="0.67" CC="4450080"/>
						<SP ID="P252_SP00178" HPOS="260" VPOS="990" WIDTH="19"/>
						<String ID="P252_ST00204" HPOS="279" VPOS="965" WIDTH="58" HEIGHT="24" CONTENT="such" WC="0.53" CC="4508"/>
						<SP ID="P252_SP00179" HPOS="337" VPOS="990" WIDTH="19"/>
						<String ID="P252_ST00205" HPOS="356" VPOS="964" WIDTH="165" HEIGHT="33" CONTENT="applications." WC="0.57" CC="0778608200860"/>
						<SP ID="P252_SP00180" HPOS="521" VPOS="997" WIDTH="39"/>
						<String ID="P252_ST00206" HPOS="560" VPOS="964" WIDTH="102" HEIGHT="25" CONTENT="General" WC="0.58" CC="6470054"/>
						<SP ID="P252_SP00181" HPOS="662" VPOS="997" WIDTH="16"/>
						<String ID="P252_ST00207" HPOS="678" VPOS="965" WIDTH="137" HEIGHT="24" CONTENT="Ashburton" WC="0.35" CC="747886627"/>
						<SP ID="P252_SP00182" HPOS="815" VPOS="997" WIDTH="12"/>
						<String ID="P252_ST00208" HPOS="827" VPOS="965" WIDTH="58" HEIGHT="24" CONTENT="him" SUBS_TYPE="HypPart1" SUBS_CONTENT="himself" WC="0.77" CC="6110"/>
						<HYP CONTENT="-"/>
					</TextLine>
					<TextLine ID="P252_TL00023" HPOS="127" VPOS="1006" WIDTH="763" HEIGHT="32">
						<String ID="P252_ST00209" HPOS="127" VPOS="1007" WIDTH="47" HEIGHT="23" CONTENT="self" SUBS_TYPE="HypPart2" SUBS_CONTENT="himself" WC="0.58" CC="3570"/>
						<SP ID="P252_SP00183" HPOS="174" VPOS="1030" WIDTH="15"/>
						<String ID="P252_ST00210" HPOS="189" VPOS="1007" WIDTH="47" HEIGHT="23" CONTENT="had" WC="0.44" CC="708"/>
						<SP ID="P252_SP00184" HPOS="236" VPOS="1030" WIDTH="13"/>
						<String ID="P252_ST00211" HPOS="249" VPOS="1006" WIDTH="64" HEIGHT="24" CONTENT="since" WC="0.57" CC="50761"/>
						<SP ID="P252_SP00185" HPOS="313" VPOS="1030" WIDTH="12"/>
						<String ID="P252_ST00212" HPOS="325" VPOS="1006" WIDTH="49" HEIGHT="24" CONTENT="this" WC="0.70" CC="4700"/>
						<SP ID="P252_SP00186" HPOS="374" VPOS="1030" WIDTH="20"/>
						<String ID="P252_ST00213" HPOS="394" VPOS="1006" WIDTH="53" HEIGHT="24" CONTENT="died" WC="0.35" CC="8358"/>
						<SP ID="P252_SP00187" HPOS="447" VPOS="1030" WIDTH="19"/>
						<String ID="P252_ST00214" HPOS="466" VPOS="1008" WIDTH="24" HEIGHT="22" CONTENT="at" WC="0.70" CC="05"/>
						<SP ID="P252_SP00188" HPOS="490" VPOS="1030" WIDTH="18"/>
						<String ID="P252_ST00215" HPOS="508" VPOS="1006" WIDTH="122" HEIGHT="29" CONTENT="Brussels," WC="0.52" CC="688124550"/>
						<SP ID="P252_SP00189" HPOS="630" VPOS="1035" WIDTH="19"/>
						<String ID="P252_ST00216" HPOS="649" VPOS="1006" WIDTH="26" HEIGHT="24" CONTENT="in" WC="0.31" CC="58"/>
						<SP ID="P252_SP00190" HPOS="675" VPOS="1035" WIDTH="18"/>
						<String ID="P252_ST00217" HPOS="693" VPOS="1014" WIDTH="160" HEIGHT="24" CONTENT="consequence" WC="0.48" CC="03874880860"/>
						<SP ID="P252_SP00191" HPOS="853" VPOS="1038" WIDTH="12"/>
						<String ID="P252_ST00218" HPOS="865" VPOS="1007" WIDTH="25" HEIGHT="23" CONTENT="of" WC="0.62" CC="15"/>
					</TextLine>
					<TextLine ID="P252_TL00024" HPOS="126" VPOS="1047" WIDTH="761" HEIGHT="26">
						<String ID="P252_ST00219" HPOS="126" VPOS="1048" WIDTH="97" HEIGHT="25" CONTENT="wounds" WC="0.32" CC="868880"/>
						<SP ID="P252_SP00192" HPOS="223" VPOS="1073" WIDTH="12"/>
						<String ID="P252_ST00220" HPOS="235" VPOS="1047" WIDTH="108" HEIGHT="25" CONTENT="received" WC="0.65" CC="55200607"/>
						<SP ID="P252_SP00193" HPOS="343" VPOS="1073" WIDTH="12"/>
						<String ID="P252_ST00221" HPOS="355" VPOS="1049" WIDTH="24" HEIGHT="22" CONTENT="at" WC="0.31" CC="67"/>
						<SP ID="P252_SP00194" HPOS="379" VPOS="1073" WIDTH="13"/>
						<String ID="P252_ST00222" HPOS="392" VPOS="1047" WIDTH="130" HEIGHT="24" CONTENT="Waterloo." WC="0.68" CC="547080010"/>
						<SP ID="P252_SP00195" HPOS="522" VPOS="1073" WIDTH="37"/>
						<String ID="P252_ST00223" HPOS="559" VPOS="1048" WIDTH="35" HEIGHT="23" CONTENT="As" WC="0.56" CC="71"/>
						<SP ID="P252_SP00196" HPOS="594" VPOS="1073" WIDTH="12"/>
						<String ID="P252_ST00224" HPOS="606" VPOS="1047" WIDTH="41" HEIGHT="24" CONTENT="the" WC="0.59" CC="551"/>
						<SP ID="P252_SP00197" HPOS="647" VPOS="1073" WIDTH="13"/>
						<String ID="P252_ST00225" HPOS="660" VPOS="1048" WIDTH="150" HEIGHT="24" CONTENT="recollection" WC="0.68" CC="600040046348"/>
						<SP ID="P252_SP00198" HPOS="810" VPOS="1073" WIDTH="12"/>
						<String ID="P252_ST00226" HPOS="822" VPOS="1048" WIDTH="26" HEIGHT="24" CONTENT="of" WC="0.92" CC="10"/>
						<SP ID="P252_SP00199" HPOS="848" VPOS="1073" WIDTH="8"/>
						<String ID="P252_ST00227" HPOS="856" VPOS="1049" WIDTH="31" HEIGHT="23" CONTENT="all" WC="0.50" CC="671"/>
					</TextLine>
					<TextLine ID="P252_TL00025" HPOS="126" VPOS="1088" WIDTH="761" HEIGHT="31">
						<String ID="P252_ST00228" HPOS="126" VPOS="1091" WIDTH="68" HEIGHT="22" CONTENT="these" WC="0.65" CC="77010"/>
						<SP ID="P252_SP00200" HPOS="194" VPOS="1113" WIDTH="14"/>
						<String ID="P252_ST00229" HPOS="208" VPOS="1089" WIDTH="184" HEIGHT="24" CONTENT="circumstances" WC="0.62" CC="1050723087604"/>
						<SP ID="P252_SP00201" HPOS="392" VPOS="1113" WIDTH="13"/>
						<String ID="P252_ST00230" HPOS="405" VPOS="1088" WIDTH="115" HEIGHT="31" CONTENT="gathered" WC="0.54" CC="54580407"/>
						<SP ID="P252_SP00202" HPOS="520" VPOS="1119" WIDTH="12"/>
						<String ID="P252_ST00231" HPOS="532" VPOS="1088" WIDTH="25" HEIGHT="24" CONTENT="in" WC="0.48" CC="27"/>
						<SP ID="P252_SP00203" HPOS="557" VPOS="1119" WIDTH="12"/>
						<String ID="P252_ST00232" HPOS="569" VPOS="1097" WIDTH="40" HEIGHT="22" CONTENT="my" WC="0.33" CC="85"/>
						<SP ID="P252_SP00204" HPOS="609" VPOS="1119" WIDTH="12"/>
						<String ID="P252_ST00233" HPOS="621" VPOS="1088" WIDTH="73" HEIGHT="29" CONTENT="mind," WC="0.49" CC="44880"/>
						<SP ID="P252_SP00205" HPOS="694" VPOS="1119" WIDTH="15"/>
						<String ID="P252_ST00234" HPOS="709" VPOS="1089" WIDTH="13" HEIGHT="23" CONTENT="I" WC="0.53" CC="4"/>
						<SP ID="P252_SP00206" HPOS="722" VPOS="1119" WIDTH="11"/>
						<String ID="P252_ST00235" HPOS="733" VPOS="1089" WIDTH="72" HEIGHT="24" CONTENT="found" WC="0.45" CC="04588"/>
						<SP ID="P252_SP00207" HPOS="805" VPOS="1119" WIDTH="12"/>
						<String ID="P252_ST00236" HPOS="817" VPOS="1090" WIDTH="12" HEIGHT="23" CONTENT="I" WC="1.00" CC="0"/>
						<SP ID="P252_SP00208" HPOS="829" VPOS="1119" WIDTH="12"/>
						<String ID="P252_ST00237" HPOS="841" VPOS="1097" WIDTH="46" HEIGHT="16" CONTENT="was" WC="0.48" CC="815"/>
					</TextLine>
					<TextLine ID="P252_TL00026" HPOS="126" VPOS="1129" WIDTH="762" HEIGHT="33">
						<String ID="P252_ST00238" HPOS="126" VPOS="1130" WIDTH="105" HEIGHT="32" CONTENT="drawing" WC="0.43" CC="8688070"/>
						<SP ID="P252_SP00209" HPOS="231" VPOS="1162" WIDTH="12"/>
						<String ID="P252_ST00239" HPOS="243" VPOS="1138" WIDTH="58" HEIGHT="15" CONTENT="near" WC="0.69" CC="7013"/>
						<SP ID="P252_SP00210" HPOS="301" VPOS="1162" WIDTH="11"/>
						<String ID="P252_ST00240" HPOS="312" VPOS="1130" WIDTH="41" HEIGHT="23" CONTENT="the" WC="0.74" CC="070"/>
						<SP ID="P252_SP00211" HPOS="353" VPOS="1162" WIDTH="13"/>
						<String ID="P252_ST00241" HPOS="366" VPOS="1129" WIDTH="127" HEIGHT="31" CONTENT="field-path" WC="0.69" CC="0000708527"/>
						<SP ID="P252_SP00212" HPOS="493" VPOS="1162" WIDTH="18"/>
						<String ID="P252_ST00242" HPOS="511" VPOS="1129" WIDTH="77" HEIGHT="23" CONTENT="which" WC="0.35" CC="87258"/>
						<SP ID="P252_SP00213" HPOS="588" VPOS="1162" WIDTH="18"/>
						<String ID="P252_ST00243" HPOS="606" VPOS="1130" WIDTH="39" HEIGHT="22" CONTENT="led" WC="0.51" CC="608"/>
						<SP ID="P252_SP00214" HPOS="645" VPOS="1162" WIDTH="18"/>
						<String ID="P252_ST00244" HPOS="663" VPOS="1131" WIDTH="41" HEIGHT="22" CONTENT="out" WC="0.47" CC="077"/>
						<SP ID="P252_SP00215" HPOS="704" VPOS="1162" WIDTH="12"/>
						<String ID="P252_ST00245" HPOS="716" VPOS="1130" WIDTH="26" HEIGHT="23" CONTENT="of" WC="0.71" CC="05"/>
						<SP ID="P252_SP00216" HPOS="742" VPOS="1162" WIDTH="14"/>
						<String ID="P252_ST00246" HPOS="756" VPOS="1130" WIDTH="41" HEIGHT="24" CONTENT="the" WC="0.53" CC="670"/>
						<SP ID="P252_SP00217" HPOS="797" VPOS="1162" WIDTH="18"/>
						<String ID="P252_ST00247" HPOS="815" VPOS="1130" WIDTH="73" HEIGHT="24" CONTENT="direct" WC="0.37" CC="858347"/>
					</TextLine>
					<TextLine ID="P252_TL00027" HPOS="126" VPOS="1170" WIDTH="761" HEIGHT="33">
						<String ID="P252_ST00248" HPOS="126" VPOS="1171" WIDTH="57" HEIGHT="24" CONTENT="road" WC="0.34" CC="8268"/>
						<SP ID="P252_SP00218" HPOS="183" VPOS="1195" WIDTH="13"/>
						<String ID="P252_ST00249" HPOS="196" VPOS="1171" WIDTH="77" HEIGHT="28" CONTENT="home," WC="0.83" CC="62000"/>
						<SP ID="P252_SP00219" HPOS="273" VPOS="1199" WIDTH="18"/>
						<String ID="P252_ST00250" HPOS="291" VPOS="1172" WIDTH="25" HEIGHT="22" CONTENT="to" WC="0.81" CC="30"/>
						<SP ID="P252_SP00220" HPOS="316" VPOS="1199" WIDTH="13"/>
						<String ID="P252_ST00251" HPOS="329" VPOS="1170" WIDTH="88" HEIGHT="23" CONTENT="farmer" WC="0.54" CC="086048"/>
						<SP ID="P252_SP00221" HPOS="417" VPOS="1199" WIDTH="11"/>
						<String ID="P252_ST00252" HPOS="428" VPOS="1170" WIDTH="121" HEIGHT="24" CONTENT="Dobson's" WC="0.56" CC="40850546"/>
						<SP ID="P252_SP00222" HPOS="549" VPOS="1199" WIDTH="12"/>
						<String ID="P252_ST00253" HPOS="561" VPOS="1180" WIDTH="6" HEIGHT="20" CONTENT=";" WC="0.90" CC="0"/>
						<SP ID="P252_SP00223" HPOS="567" VPOS="1200" WIDTH="20"/>
						<String ID="P252_ST00254" HPOS="587" VPOS="1171" WIDTH="46" HEIGHT="23" CONTENT="and" WC="0.18" CC="788"/>
						<SP ID="P252_SP00224" HPOS="633" VPOS="1200" WIDTH="14"/>
						<String ID="P252_ST00255" HPOS="647" VPOS="1171" WIDTH="91" HEIGHT="24" CONTENT="thither" WC="0.69" CC="6700700"/>
						<SP ID="P252_SP00225" HPOS="738" VPOS="1200" WIDTH="11"/>
						<String ID="P252_ST00256" HPOS="749" VPOS="1171" WIDTH="13" HEIGHT="24" CONTENT="I" WC="0.61" CC="3"/>
						<SP ID="P252_SP00226" HPOS="762" VPOS="1200" WIDTH="13"/>
						<String ID="P252_ST00257" HPOS="775" VPOS="1172" WIDTH="112" HEIGHT="31" CONTENT="suddenly" WC="0.50" CC="27782730"/>
					</TextLine>
					<TextLine ID="P252_TL00028" HPOS="127" VPOS="1211" WIDTH="760" HEIGHT="34">
						<String ID="P252_ST00258" HPOS="127" VPOS="1212" WIDTH="147" HEIGHT="24" CONTENT="determined" WC="0.53" CC="8071560808"/>
						<SP ID="P252_SP00227" HPOS="274" VPOS="1236" WIDTH="12"/>
						<String ID="P252_ST00259" HPOS="286" VPOS="1213" WIDTH="24" HEIGHT="22" CONTENT="to" WC="0.77" CC="30"/>
						<SP ID="P252_SP00228" HPOS="310" VPOS="1236" WIDTH="13"/>
						<String ID="P252_ST00260" HPOS="323" VPOS="1219" WIDTH="38" HEIGHT="24" CONTENT="go," WC="1.00" CC="000"/>
						<SP ID="P252_SP00229" HPOS="361" VPOS="1243" WIDTH="21"/>
						<String ID="P252_ST00261" HPOS="382" VPOS="1211" WIDTH="47" HEIGHT="24" CONTENT="and" WC="0.45" CC="384"/>
						<SP ID="P252_SP00230" HPOS="429" VPOS="1243" WIDTH="16"/>
						<String ID="P252_ST00262" HPOS="445" VPOS="1212" WIDTH="58" HEIGHT="23" CONTENT="hear" WC="0.48" CC="8254"/>
						<SP ID="P252_SP00231" HPOS="503" VPOS="1243" WIDTH="12"/>
						<String ID="P252_ST00263" HPOS="515" VPOS="1211" WIDTH="21" HEIGHT="24" CONTENT="if" WC="0.69" CC="60"/>
						<SP ID="P252_SP00232" HPOS="536" VPOS="1243" WIDTH="15"/>
						<String ID="P252_ST00264" HPOS="551" VPOS="1213" WIDTH="58" HEIGHT="30" CONTENT="they" WC="0.60" CC="0618"/>
						<SP ID="P252_SP00233" HPOS="609" VPOS="1243" WIDTH="12"/>
						<String ID="P252_ST00265" HPOS="621" VPOS="1213" WIDTH="47" HEIGHT="22" CONTENT="had" WC="0.32" CC="748"/>
						<SP ID="P252_SP00234" HPOS="668" VPOS="1243" WIDTH="19"/>
						<String ID="P252_ST00266" HPOS="687" VPOS="1213" WIDTH="76" HEIGHT="23" CONTENT="leamt" WC="0.44" CC="04688"/>
						<SP ID="P252_SP00235" HPOS="763" VPOS="1243" WIDTH="12"/>
						<String ID="P252_ST00267" HPOS="775" VPOS="1213" WIDTH="112" HEIGHT="32" CONTENT="anything" WC="0.46" CC="78748080"/>
					</TextLine>
					<TextLine ID="P252_TL00029" HPOS="126" VPOS="1252" WIDTH="761" HEIGHT="34">
						<String ID="P252_ST00268" HPOS="126" VPOS="1253" WIDTH="136" HEIGHT="31" CONTENT="respecting" WC="0.55" CC="8067004780"/>
						<SP ID="P252_SP00236" HPOS="262" VPOS="1284" WIDTH="8"/>
						<String ID="P252_ST00269" HPOS="270" VPOS="1252" WIDTH="64" HEIGHT="24" CONTENT="their" WC="0.43" CC="87444"/>
						<SP ID="P252_SP00237" HPOS="334" VPOS="1284" WIDTH="8"/>
						<String ID="P252_ST00270" HPOS="342" VPOS="1252" WIDTH="88" HEIGHT="24" CONTENT="former" WC="0.77" CC="308100"/>
						<SP ID="P252_SP00238" HPOS="430" VPOS="1284" WIDTH="10"/>
						<String ID="P252_ST00271" HPOS="440" VPOS="1252" WIDTH="89" HEIGHT="32" CONTENT="lodger." WC="0.66" CC="1680070"/>
						<SP ID="P252_SP00239" HPOS="529" VPOS="1284" WIDTH="32"/>
						<String ID="P252_ST00272" HPOS="561" VPOS="1254" WIDTH="33" HEIGHT="24" CONTENT="As" WC="0.53" CC="62"/>
						<SP ID="P252_SP00240" HPOS="594" VPOS="1284" WIDTH="11"/>
						<String ID="P252_ST00273" HPOS="605" VPOS="1254" WIDTH="12" HEIGHT="23" CONTENT="I" WC="0.95" CC="0"/>
						<SP ID="P252_SP00241" HPOS="617" VPOS="1284" WIDTH="10"/>
						<String ID="P252_ST00274" HPOS="627" VPOS="1256" WIDTH="61" HEIGHT="22" CONTENT="went" WC="0.43" CC="8184"/>
						<SP ID="P252_SP00242" HPOS="688" VPOS="1284" WIDTH="12"/>
						<String ID="P252_ST00275" HPOS="700" VPOS="1262" WIDTH="32" HEIGHT="23" CONTENT="up" WC="0.28" CC="67"/>
						<SP ID="P252_SP00243" HPOS="732" VPOS="1285" WIDTH="9"/>
						<String ID="P252_ST00276" HPOS="741" VPOS="1255" WIDTH="40" HEIGHT="23" CONTENT="the" WC="0.56" CC="363"/>
						<SP ID="P252_SP00244" HPOS="781" VPOS="1285" WIDTH="9"/>
						<String ID="P252_ST00277" HPOS="790" VPOS="1255" WIDTH="97" HEIGHT="31" CONTENT="garden" SUBS_TYPE="HypPart1" SUBS_CONTENT="gardenwalk" WC="0.46" CC="5748083"/>
						<HYP CONTENT="-"/>
					</TextLine>
					<TextLine ID="P252_TL00030" HPOS="125" VPOS="1293" WIDTH="763" HEIGHT="33">
						<String ID="P252_ST00278" HPOS="125" VPOS="1294" WIDTH="61" HEIGHT="24" CONTENT="walk" SUBS_TYPE="HypPart2" SUBS_CONTENT="gardenwalk" WC="0.52" CC="8270"/>
						<SP ID="P252_SP00245" HPOS="186" VPOS="1318" WIDTH="20"/>
						<String ID="P252_ST00279" HPOS="206" VPOS="1293" WIDTH="95" HEIGHT="31" CONTENT="leading" WC="0.55" CC="2567080"/>
						<SP ID="P252_SP00246" HPOS="301" VPOS="1324" WIDTH="17"/>
						<String ID="P252_ST00280" HPOS="318" VPOS="1295" WIDTH="24" HEIGHT="22" CONTENT="to" WC="0.63" CC="07"/>
						<SP ID="P252_SP00247" HPOS="342" VPOS="1324" WIDTH="18"/>
						<String ID="P252_ST00281" HPOS="360" VPOS="1293" WIDTH="41" HEIGHT="23" CONTENT="the" WC="0.51" CC="770"/>
						<SP ID="P252_SP00248" HPOS="401" VPOS="1324" WIDTH="19"/>
						<String ID="P252_ST00282" HPOS="420" VPOS="1293" WIDTH="84" HEIGHT="30" CONTENT="house," WC="0.54" CC="607733"/>
						<SP ID="P252_SP00249" HPOS="504" VPOS="1324" WIDTH="22"/>
						<String ID="P252_ST00283" HPOS="526" VPOS="1294" WIDTH="13" HEIGHT="24" CONTENT="I" WC="1.00" CC="0"/>
						<SP ID="P252_SP00250" HPOS="539" VPOS="1324" WIDTH="22"/>
						<String ID="P252_ST00284" HPOS="561" VPOS="1295" WIDTH="88" HEIGHT="31" CONTENT="caught" WC="0.53" CC="066077"/>
						<SP ID="P252_SP00251" HPOS="649" VPOS="1326" WIDTH="12"/>
						<String ID="P252_ST00285" HPOS="661" VPOS="1295" WIDTH="35" HEIGHT="23" CONTENT="M." WC="0.63" CC="70"/>
						<SP ID="P252_SP00252" HPOS="696" VPOS="1326" WIDTH="14"/>
						<String ID="P252_ST00286" HPOS="710" VPOS="1295" WIDTH="29" HEIGHT="23" CONTENT="de" WC="0.59" CC="80"/>
						<SP ID="P252_SP00253" HPOS="739" VPOS="1326" WIDTH="14"/>
						<String ID="P252_ST00287" HPOS="753" VPOS="1295" WIDTH="135" HEIGHT="24" CONTENT="Chalabre's" WC="0.58" CC="1700785063"/>
					</TextLine>
					<TextLine ID="P252_TL00031" HPOS="126" VPOS="1334" WIDTH="764" HEIGHT="33">
						<String ID="P252_ST00288" HPOS="126" VPOS="1343" WIDTH="43" HEIGHT="24" CONTENT="eye" WC="0.54" CC="670"/>
						<String ID="P252_ST00289" HPOS="178" VPOS="1343" WIDTH="6" HEIGHT="22" CONTENT=";" WC="0.91" CC="0"/>
						<SP ID="P252_SP00254" HPOS="184" VPOS="1367" WIDTH="19"/>
						<String ID="P252_ST00290" HPOS="203" VPOS="1335" WIDTH="30" HEIGHT="23" CONTENT="he" WC="0.63" CC="70"/>
						<SP ID="P252_SP00255" HPOS="233" VPOS="1367" WIDTH="19"/>
						<String ID="P252_ST00291" HPOS="252" VPOS="1342" WIDTH="48" HEIGHT="16" CONTENT="was" WC="0.41" CC="835"/>
						<SP ID="P252_SP00256" HPOS="300" VPOS="1367" WIDTH="17"/>
						<String ID="P252_ST00292" HPOS="317" VPOS="1334" WIDTH="86" HEIGHT="32" CONTENT="gazing" WC="0.72" CC="060360"/>
						<SP ID="P252_SP00257" HPOS="403" VPOS="1367" WIDTH="17"/>
						<String ID="P252_ST00293" HPOS="420" VPOS="1334" WIDTH="161" HEIGHT="33" CONTENT="abstractedly" WC="0.57" CC="284750356042"/>
						<SP ID="P252_SP00258" HPOS="581" VPOS="1367" WIDTH="19"/>
						<String ID="P252_ST00294" HPOS="600" VPOS="1338" WIDTH="42" HEIGHT="21" CONTENT="out" WC="0.58" CC="057"/>
						<SP ID="P252_SP00259" HPOS="642" VPOS="1367" WIDTH="13"/>
						<String ID="P252_ST00295" HPOS="655" VPOS="1336" WIDTH="26" HEIGHT="23" CONTENT="of" WC="0.79" CC="04"/>
						<SP ID="P252_SP00260" HPOS="681" VPOS="1367" WIDTH="15"/>
						<String ID="P252_ST00296" HPOS="696" VPOS="1336" WIDTH="41" HEIGHT="24" CONTENT="the" WC="0.57" CC="480"/>
						<SP ID="P252_SP00261" HPOS="737" VPOS="1367" WIDTH="18"/>
						<String ID="P252_ST00297" HPOS="755" VPOS="1336" WIDTH="95" HEIGHT="25" CONTENT="window" WC="0.28" CC="748777"/>
						<SP ID="P252_SP00262" HPOS="850" VPOS="1367" WIDTH="16"/>
						<String ID="P252_ST00298" HPOS="866" VPOS="1336" WIDTH="24" HEIGHT="24" CONTENT="of" WC="0.94" CC="10"/>
					</TextLine>
					<TextLine ID="P252_TL00032" HPOS="127" VPOS="1375" WIDTH="762" HEIGHT="32">
						<String ID="P252_ST00299" HPOS="127" VPOS="1377" WIDTH="63" HEIGHT="23" CONTENT="what" WC="0.38" CC="8780"/>
						<SP ID="P252_SP00263" HPOS="190" VPOS="1400" WIDTH="12"/>
						<String ID="P252_ST00300" HPOS="202" VPOS="1376" WIDTH="59" HEIGHT="24" CONTENT="used" WC="0.40" CC="7168"/>
						<SP ID="P252_SP00264" HPOS="261" VPOS="1400" WIDTH="11"/>
						<String ID="P252_ST00301" HPOS="272" VPOS="1378" WIDTH="25" HEIGHT="22" CONTENT="to" WC="0.58" CC="52"/>
						<SP ID="P252_SP00265" HPOS="297" VPOS="1400" WIDTH="18"/>
						<String ID="P252_ST00302" HPOS="315" VPOS="1375" WIDTH="29" HEIGHT="24" CONTENT="be" WC="0.58" CC="80"/>
						<SP ID="P252_SP00266" HPOS="344" VPOS="1400" WIDTH="13"/>
						<String ID="P252_ST00303" HPOS="357" VPOS="1375" WIDTH="38" HEIGHT="24" CONTENT="his" WC="0.42" CC="763"/>
						<SP ID="P252_SP00267" HPOS="395" VPOS="1400" WIDTH="13"/>
						<String ID="P252_ST00304" HPOS="408" VPOS="1375" WIDTH="170" HEIGHT="32" CONTENT="sitting-room." WC="0.61" CC="2575580340051"/>
						<SP ID="P252_SP00268" HPOS="578" VPOS="1407" WIDTH="38"/>
						<String ID="P252_ST00305" HPOS="616" VPOS="1377" WIDTH="30" HEIGHT="23" CONTENT="In" WC="0.61" CC="06"/>
						<SP ID="P252_SP00269" HPOS="646" VPOS="1407" WIDTH="13"/>
						<String ID="P252_ST00306" HPOS="659" VPOS="1385" WIDTH="30" HEIGHT="15" CONTENT="an" WC="0.48" CC="28"/>
						<SP ID="P252_SP00270" HPOS="689" VPOS="1407" WIDTH="10"/>
						<String ID="P252_ST00307" HPOS="699" VPOS="1377" WIDTH="92" HEIGHT="24" CONTENT="instant" WC="0.28" CC="6876677"/>
						<SP ID="P252_SP00271" HPOS="791" VPOS="1407" WIDTH="11"/>
						<String ID="P252_ST00308" HPOS="802" VPOS="1378" WIDTH="29" HEIGHT="23" CONTENT="he" WC="0.65" CC="70"/>
						<SP ID="P252_SP00272" HPOS="831" VPOS="1407" WIDTH="12"/>
						<String ID="P252_ST00309" HPOS="843" VPOS="1378" WIDTH="46" HEIGHT="23" CONTENT="had" WC="0.34" CC="648"/>
					</TextLine>
					<TextLine ID="P252_TL00033" HPOS="124" VPOS="1417" WIDTH="765" HEIGHT="33">
						<String ID="P252_ST00310" HPOS="124" VPOS="1417" WIDTH="84" HEIGHT="32" CONTENT="joined" WC="0.53" CC="701838"/>
						<SP ID="P252_SP00273" HPOS="208" VPOS="1449" WIDTH="17"/>
						<String ID="P252_ST00311" HPOS="225" VPOS="1425" WIDTH="38" HEIGHT="16" CONTENT="me" WC="0.74" CC="13"/>
						<SP ID="P252_SP00274" HPOS="263" VPOS="1449" WIDTH="22"/>
						<String ID="P252_ST00312" HPOS="285" VPOS="1417" WIDTH="24" HEIGHT="23" CONTENT="in" WC="0.35" CC="48"/>
						<SP ID="P252_SP00275" HPOS="309" VPOS="1449" WIDTH="20"/>
						<String ID="P252_ST00313" HPOS="329" VPOS="1417" WIDTH="40" HEIGHT="23" CONTENT="the" WC="0.56" CC="750"/>
						<SP ID="P252_SP00276" HPOS="369" VPOS="1449" WIDTH="19"/>
						<String ID="P252_ST00314" HPOS="388" VPOS="1417" WIDTH="97" HEIGHT="31" CONTENT="garden." WC="0.51" CC="0748183"/>
						<SP ID="P252_SP00277" HPOS="485" VPOS="1449" WIDTH="37"/>
						<String ID="P252_ST00315" HPOS="522" VPOS="1417" WIDTH="25" HEIGHT="24" CONTENT="If" WC="0.77" CC="04"/>
						<SP ID="P252_SP00278" HPOS="547" VPOS="1449" WIDTH="14"/>
						<String ID="P252_ST00316" HPOS="561" VPOS="1426" WIDTH="40" HEIGHT="23" CONTENT="my" WC="0.55" CC="71"/>
						<SP ID="P252_SP00279" HPOS="601" VPOS="1449" WIDTH="12"/>
						<String ID="P252_ST00317" HPOS="613" VPOS="1419" WIDTH="74" HEIGHT="31" CONTENT="youth" WC="0.51" CC="81607"/>
						<SP ID="P252_SP00280" HPOS="687" VPOS="1450" WIDTH="18"/>
						<String ID="P252_ST00318" HPOS="705" VPOS="1418" WIDTH="47" HEIGHT="24" CONTENT="had" WC="0.35" CC="747"/>
						<SP ID="P252_SP00281" HPOS="752" VPOS="1450" WIDTH="13"/>
						<String ID="P252_ST00319" HPOS="765" VPOS="1419" WIDTH="74" HEIGHT="28" CONTENT="flown," WC="0.47" CC="554780"/>
						<SP ID="P252_SP00282" HPOS="839" VPOS="1450" WIDTH="14"/>
						<String ID="P252_ST00320" HPOS="853" VPOS="1419" WIDTH="36" HEIGHT="24" CONTENT="his" WC="0.44" CC="816"/>
					</TextLine>
					<TextLine ID="P252_TL00034" HPOS="125" VPOS="1457" WIDTH="764" HEIGHT="33">
						<String ID="P252_ST00321" HPOS="125" VPOS="1458" WIDTH="83" HEIGHT="32" CONTENT="youth," WC="0.42" CC="858480"/>
						<SP ID="P252_SP00283" HPOS="208" VPOS="1490" WIDTH="14"/>
						<String ID="P252_ST00322" HPOS="222" VPOS="1458" WIDTH="46" HEIGHT="24" CONTENT="and" WC="0.20" CC="788"/>
						<SP ID="P252_SP00284" HPOS="268" VPOS="1490" WIDTH="12"/>
						<String ID="P252_ST00323" HPOS="280" VPOS="1457" WIDTH="144" HEIGHT="32" CONTENT="middle-age" WC="0.52" CC="5788650500"/>
						<SP ID="P252_SP00285" HPOS="424" VPOS="1490" WIDTH="13"/>
						<String ID="P252_ST00324" HPOS="437" VPOS="1466" WIDTH="26" HEIGHT="16" CONTENT="as" WC="0.29" CC="76"/>
						<SP ID="P252_SP00286" HPOS="463" VPOS="1490" WIDTH="13"/>
						<String ID="P252_ST00325" HPOS="476" VPOS="1458" WIDTH="60" HEIGHT="30" CONTENT="well," WC="0.55" CC="81830"/>
						<SP ID="P252_SP00287" HPOS="536" VPOS="1490" WIDTH="19"/>
						<String ID="P252_ST00326" HPOS="555" VPOS="1458" WIDTH="47" HEIGHT="25" CONTENT="bad" WC="0.25" CC="867"/>
						<SP ID="P252_SP00288" HPOS="602" VPOS="1490" WIDTH="19"/>
						<String ID="P252_ST00327" HPOS="621" VPOS="1458" WIDTH="116" HEIGHT="25" CONTENT="vanished" WC="0.41" CC="86808707"/>
						<SP ID="P252_SP00289" HPOS="737" VPOS="1490" WIDTH="12"/>
						<String ID="P252_ST00328" HPOS="749" VPOS="1460" WIDTH="140" HEIGHT="30" CONTENT="altogether." WC="0.67" CC="63710047004"/>
					</TextLine>
				</TextBlock>
			</PrintSpace>
		</Page>
	</Layout>
</alto>
