<?xml version="1.0" encoding="UTF-8"?>
<alto xmlns:xsi="http://www.w3.org/2001/XMLSchema-instance" xsi:noNamespaceSchemaLocation="http://www.bl.uk/schemas/alto/alto-1-4.xsd" xmlns:xlink="http://www.w3.org/1999/xlink">
	<Description>
		<MeasurementUnit>mm10</MeasurementUnit>
		<sourceImageInformation>
			<fileName>//head1/IN/A0010339154/004643.jp2</fileName>
		</sourceImageInformation>
		<OCRProcessing ID="OCRPROCESSING_1">
			<preProcessingStep>
				<processingSoftware>
					<softwareCreator>CCS Content Conversion Specialists GmbH, Germany</softwareCreator>
					<softwareName>CCS docWORKS</softwareName>
					<softwareVersion>6.1-0.67</softwareVersion>
				</processingSoftware>
			</preProcessingStep>
			<ocrProcessingStep>
				<processingSoftware>
					<softwareCreator>ABBYY (BIT Software), Russia</softwareCreator>
					<softwareName>Finereader</softwareName>
				</processingSoftware>
			</ocrProcessingStep>
		</OCRProcessing>
	</Description>
	<Styles>
		<TextStyle ID="TXT_0" FONTSIZE="9" FONTFAMILY="Courier New"/>
		<TextStyle ID="TXT_1" FONTSIZE="10" FONTFAMILY="Courier New"/>
		<ParagraphStyle ID="PAR_CENTER" ALIGN="Center"/>
		<ParagraphStyle ID="PAR_RIGHT" ALIGN="Right"/>
		<ParagraphStyle ID="PAR_LEFT" ALIGN="Left"/>
	</Styles>
	<Layout>
		<Page ID="P137" PHYSICAL_IMG_NR="137" HEIGHT="1694" WIDTH="967" PRINTED_IMG_NR="125" POSITION="Right" ACCURACY="60.16">
			<TopMargin ID="P137_TM00001" HPOS="0" VPOS="0" WIDTH="966" HEIGHT="145">
				<TextBlock ID="P137_TB00001" HPOS="297" VPOS="117" WIDTH="365" HEIGHT="26" STYLEREFS="TXT_0 PAR_CENTER">
					<TextLine ID="P137_TL00001" HPOS="298" VPOS="119" WIDTH="364" HEIGHT="24">
						<String ID="P137_ST00001" HPOS="298" VPOS="124" WIDTH="55" HEIGHT="18" CONTENT="THE" WC="0.57" CC="471"/>
						<SP ID="P137_SP00001" HPOS="353" VPOS="142" WIDTH="17"/>
						<String ID="P137_ST00002" HPOS="370" VPOS="124" WIDTH="52" HEIGHT="19" CONTENT="OLD" WC="0.50" CC="175"/>
						<SP ID="P137_SP00002" HPOS="422" VPOS="143" WIDTH="18"/>
						<String ID="P137_ST00003" HPOS="440" VPOS="119" WIDTH="114" HEIGHT="24" CONTENT="NURSE'S" WC="0.37" CC="7684474"/>
						<SP ID="P137_SP00003" HPOS="554" VPOS="143" WIDTH="18"/>
						<String ID="P137_ST00004" HPOS="572" VPOS="124" WIDTH="90" HEIGHT="19" CONTENT="STORY." WC="0.60" CC="213870"/>
					</TextLine>
				</TextBlock>
				<TextBlock ID="P137_TB00002" HPOS="817" VPOS="120" WIDTH="46" HEIGHT="23" STYLEREFS="TXT_1 PAR_RIGHT">
					<TextLine ID="P137_TL00002" HPOS="817" VPOS="120" WIDTH="46" HEIGHT="23">
						<String ID="P137_ST00005" HPOS="817" VPOS="120" WIDTH="46" HEIGHT="23" CONTENT="125" WC="0.51" CC="067"/>
					</TextLine>
				</TextBlock>
			</TopMargin>
			<LeftMargin ID="P137_LM00001" HPOS="0" VPOS="145" WIDTH="94" HEIGHT="1356"/>
			<RightMargin ID="P137_RM00001" HPOS="866" VPOS="145" WIDTH="100" HEIGHT="1356"/>
			<BottomMargin ID="P137_BM00001" HPOS="0" VPOS="1501" WIDTH="966" HEIGHT="193"/>
			<PrintSpace ID="P137_PS00001" HPOS="94" VPOS="145" WIDTH="772" HEIGHT="1356">
				<TextBlock ID="P137_TB00003" HPOS="94" VPOS="185" WIDTH="772" HEIGHT="611" STYLEREFS="TXT_0 PAR_LEFT">
					<TextLine ID="P137_TL00003" HPOS="95" VPOS="186" WIDTH="769" HEIGHT="34">
						<String ID="P137_ST00006" HPOS="95" VPOS="186" WIDTH="42" HEIGHT="25" CONTENT="the" WC="0.63" CC="640"/>
						<SP ID="P137_SP00004" HPOS="137" VPOS="211" WIDTH="18"/>
						<String ID="P137_ST00007" HPOS="155" VPOS="187" WIDTH="46" HEIGHT="23" CONTENT="two" WC="0.62" CC="082"/>
						<SP ID="P137_SP00005" HPOS="201" VPOS="211" WIDTH="20"/>
						<String ID="P137_ST00008" HPOS="221" VPOS="186" WIDTH="39" HEIGHT="24" CONTENT="old" WC="0.53" CC="337"/>
						<SP ID="P137_SP00006" HPOS="260" VPOS="211" WIDTH="18"/>
						<String ID="P137_ST00009" HPOS="278" VPOS="187" WIDTH="99" HEIGHT="31" CONTENT="gnarled" WC="0.47" CC="3868108"/>
						<SP ID="P137_SP00007" HPOS="377" VPOS="218" WIDTH="17"/>
						<String ID="P137_ST00010" HPOS="394" VPOS="187" WIDTH="149" HEIGHT="32" CONTENT="holly-trees," WC="0.69" CC="700370750050"/>
						<SP ID="P137_SP00008" HPOS="543" VPOS="219" WIDTH="12"/>
						<String ID="P137_ST00011" HPOS="555" VPOS="188" WIDTH="77" HEIGHT="25" CONTENT="which" WC="0.51" CC="87007"/>
						<SP ID="P137_SP00009" HPOS="632" VPOS="219" WIDTH="13"/>
						<String ID="P137_ST00012" HPOS="645" VPOS="196" WIDTH="62" HEIGHT="24" CONTENT="grew" WC="0.65" CC="0508"/>
						<SP ID="P137_SP00010" HPOS="707" VPOS="220" WIDTH="13"/>
						<String ID="P137_ST00013" HPOS="720" VPOS="189" WIDTH="72" HEIGHT="24" CONTENT="about" WC="0.47" CC="58057"/>
						<SP ID="P137_SP00011" HPOS="792" VPOS="220" WIDTH="11"/>
						<String ID="P137_ST00014" HPOS="803" VPOS="190" WIDTH="61" HEIGHT="23" CONTENT="half" SUBS_TYPE="HypPart1" SUBS_CONTENT="halfway" WC="0.73" CC="70050"/>
						<HYP CONTENT="-"/>
					</TextLine>
					<TextLine ID="P137_TL00004" HPOS="96" VPOS="228" WIDTH="769" HEIGHT="34">
						<String ID="P137_ST00015" HPOS="96" VPOS="235" WIDTH="51" HEIGHT="24" CONTENT="way" SUBS_TYPE="HypPart2" SUBS_CONTENT="halfway" WC="0.30" CC="865"/>
						<SP ID="P137_SP00012" HPOS="147" VPOS="259" WIDTH="12"/>
						<String ID="P137_ST00016" HPOS="159" VPOS="228" WIDTH="69" HEIGHT="23" CONTENT="down" WC="0.40" CC="6088"/>
						<SP ID="P137_SP00013" HPOS="228" VPOS="259" WIDTH="11"/>
						<String ID="P137_ST00017" HPOS="239" VPOS="228" WIDTH="32" HEIGHT="31" CONTENT="by" WC="0.26" CC="77"/>
						<SP ID="P137_SP00014" HPOS="271" VPOS="259" WIDTH="11"/>
						<String ID="P137_ST00018" HPOS="282" VPOS="229" WIDTH="41" HEIGHT="23" CONTENT="the" WC="0.71" CC="061"/>
						<SP ID="P137_SP00015" HPOS="323" VPOS="259" WIDTH="14"/>
						<String ID="P137_ST00019" HPOS="337" VPOS="229" WIDTH="52" HEIGHT="23" CONTENT="east" WC="0.52" CC="5247"/>
						<SP ID="P137_SP00016" HPOS="389" VPOS="259" WIDTH="14"/>
						<String ID="P137_ST00020" HPOS="403" VPOS="229" WIDTH="50" HEIGHT="24" CONTENT="side" WC="0.67" CC="4080"/>
						<SP ID="P137_SP00017" HPOS="453" VPOS="259" WIDTH="11"/>
						<String ID="P137_ST00021" HPOS="464" VPOS="229" WIDTH="26" HEIGHT="23" CONTENT="of" WC="0.76" CC="04"/>
						<SP ID="P137_SP00018" HPOS="490" VPOS="259" WIDTH="15"/>
						<String ID="P137_ST00022" HPOS="505" VPOS="229" WIDTH="41" HEIGHT="24" CONTENT="the" WC="0.74" CC="070"/>
						<SP ID="P137_SP00019" HPOS="546" VPOS="259" WIDTH="13"/>
						<String ID="P137_ST00023" HPOS="559" VPOS="229" WIDTH="83" HEIGHT="25" CONTENT="house." WC="0.67" CC="708400"/>
						<SP ID="P137_SP00020" HPOS="642" VPOS="259" WIDTH="37"/>
						<String ID="P137_ST00024" HPOS="679" VPOS="230" WIDTH="49" HEIGHT="24" CONTENT="But" WC="0.49" CC="662"/>
						<SP ID="P137_SP00021" HPOS="728" VPOS="259" WIDTH="18"/>
						<String ID="P137_ST00025" HPOS="746" VPOS="230" WIDTH="41" HEIGHT="24" CONTENT="the" WC="0.75" CC="070"/>
						<SP ID="P137_SP00022" HPOS="787" VPOS="259" WIDTH="19"/>
						<String ID="P137_ST00026" HPOS="806" VPOS="231" WIDTH="59" HEIGHT="31" CONTENT="days" WC="0.45" CC="8571"/>
					</TextLine>
					<TextLine ID="P137_TL00005" HPOS="97" VPOS="269" WIDTH="766" HEIGHT="32">
						<String ID="P137_ST00027" HPOS="97" VPOS="277" WIDTH="62" HEIGHT="24" CONTENT="grew" WC="0.74" CC="0108"/>
						<SP ID="P137_SP00023" HPOS="159" VPOS="301" WIDTH="13"/>
						<String ID="P137_ST00028" HPOS="172" VPOS="269" WIDTH="94" HEIGHT="24" CONTENT="shorter" WC="0.61" CC="3607701"/>
						<SP ID="P137_SP00024" HPOS="266" VPOS="301" WIDTH="12"/>
						<String ID="P137_ST00029" HPOS="278" VPOS="270" WIDTH="47" HEIGHT="23" CONTENT="and" WC="0.25" CC="688"/>
						<SP ID="P137_SP00025" HPOS="325" VPOS="301" WIDTH="13"/>
						<String ID="P137_ST00030" HPOS="338" VPOS="269" WIDTH="101" HEIGHT="30" CONTENT="shorter," WC="0.57" CC="46655230"/>
						<SP ID="P137_SP00026" HPOS="439" VPOS="301" WIDTH="15"/>
						<String ID="P137_ST00031" HPOS="454" VPOS="270" WIDTH="47" HEIGHT="24" CONTENT="and" WC="0.55" CC="085"/>
						<SP ID="P137_SP00027" HPOS="501" VPOS="301" WIDTH="18"/>
						<String ID="P137_ST00032" HPOS="519" VPOS="270" WIDTH="41" HEIGHT="25" CONTENT="the" WC="0.63" CC="550"/>
						<SP ID="P137_SP00028" HPOS="560" VPOS="301" WIDTH="12"/>
						<String ID="P137_ST00033" HPOS="572" VPOS="271" WIDTH="40" HEIGHT="24" CONTENT="old" WC="0.47" CC="437"/>
						<SP ID="P137_SP00029" HPOS="612" VPOS="301" WIDTH="12"/>
						<String ID="P137_ST00034" HPOS="624" VPOS="271" WIDTH="59" HEIGHT="29" CONTENT="lord," WC="0.68" CC="51350"/>
						<SP ID="P137_SP00030" HPOS="683" VPOS="301" WIDTH="15"/>
						<String ID="P137_ST00035" HPOS="698" VPOS="272" WIDTH="20" HEIGHT="24" CONTENT="if" WC="0.86" CC="20"/>
						<SP ID="P137_SP00031" HPOS="718" VPOS="301" WIDTH="15"/>
						<String ID="P137_ST00036" HPOS="733" VPOS="271" WIDTH="19" HEIGHT="25" CONTENT="it" WC="0.67" CC="51"/>
						<SP ID="P137_SP00032" HPOS="752" VPOS="301" WIDTH="12"/>
						<String ID="P137_ST00037" HPOS="764" VPOS="280" WIDTH="48" HEIGHT="16" CONTENT="was" WC="0.69" CC="800"/>
						<SP ID="P137_SP00033" HPOS="812" VPOS="301" WIDTH="13"/>
						<String ID="P137_ST00038" HPOS="825" VPOS="272" WIDTH="38" HEIGHT="29" CONTENT="he," WC="0.53" CC="760"/>
					</TextLine>
					<TextLine ID="P137_TL00006" HPOS="96" VPOS="311" WIDTH="769" HEIGHT="34">
						<String ID="P137_ST00039" HPOS="96" VPOS="311" WIDTH="86" HEIGHT="32" CONTENT="played" WC="0.50" CC="805807"/>
						<SP ID="P137_SP00034" HPOS="182" VPOS="343" WIDTH="13"/>
						<String ID="P137_ST00040" HPOS="195" VPOS="319" WIDTH="72" HEIGHT="23" CONTENT="away," WC="0.63" CC="27080"/>
						<SP ID="P137_SP00035" HPOS="267" VPOS="343" WIDTH="14"/>
						<String ID="P137_ST00041" HPOS="281" VPOS="319" WIDTH="66" HEIGHT="16" CONTENT="more" WC="0.77" CC="6020"/>
						<SP ID="P137_SP00036" HPOS="347" VPOS="343" WIDTH="19"/>
						<String ID="P137_ST00042" HPOS="366" VPOS="312" WIDTH="47" HEIGHT="23" CONTENT="and" WC="0.27" CC="587"/>
						<SP ID="P137_SP00037" HPOS="413" VPOS="343" WIDTH="18"/>
						<String ID="P137_ST00043" HPOS="431" VPOS="320" WIDTH="65" HEIGHT="16" CONTENT="more" WC="0.88" CC="0040"/>
						<SP ID="P137_SP00038" HPOS="496" VPOS="343" WIDTH="14"/>
						<String ID="P137_ST00044" HPOS="510" VPOS="312" WIDTH="109" HEIGHT="32" CONTENT="stormily" WC="0.60" CC="42605056"/>
						<SP ID="P137_SP00039" HPOS="619" VPOS="344" WIDTH="12"/>
						<String ID="P137_ST00045" HPOS="631" VPOS="312" WIDTH="47" HEIGHT="24" CONTENT="and" WC="0.57" CC="084"/>
						<SP ID="P137_SP00040" HPOS="678" VPOS="344" WIDTH="14"/>
						<String ID="P137_ST00046" HPOS="692" VPOS="313" WIDTH="75" HEIGHT="32" CONTENT="sadly," WC="0.57" CC="035275"/>
						<SP ID="P137_SP00041" HPOS="767" VPOS="345" WIDTH="14"/>
						<String ID="P137_ST00047" HPOS="781" VPOS="322" WIDTH="30" HEIGHT="15" CONTENT="on" WC="0.40" CC="47"/>
						<SP ID="P137_SP00042" HPOS="811" VPOS="345" WIDTH="12"/>
						<String ID="P137_ST00048" HPOS="823" VPOS="313" WIDTH="42" HEIGHT="24" CONTENT="the" WC="0.63" CC="073"/>
					</TextLine>
					<TextLine ID="P137_TL00007" HPOS="97" VPOS="352" WIDTH="768" HEIGHT="32">
						<String ID="P137_ST00049" HPOS="97" VPOS="354" WIDTH="68" HEIGHT="30" CONTENT="great" WC="0.77" CC="06040"/>
						<SP ID="P137_SP00043" HPOS="165" VPOS="384" WIDTH="13"/>
						<String ID="P137_ST00050" HPOS="178" VPOS="361" WIDTH="83" HEIGHT="23" CONTENT="organ." WC="0.67" CC="000773"/>
						<SP ID="P137_SP00044" HPOS="261" VPOS="384" WIDTH="28"/>
						<String ID="P137_ST00051" HPOS="289" VPOS="353" WIDTH="51" HEIGHT="24" CONTENT="One" WC="0.72" CC="170"/>
						<SP ID="P137_SP00045" HPOS="340" VPOS="384" WIDTH="11"/>
						<String ID="P137_ST00052" HPOS="351" VPOS="352" WIDTH="99" HEIGHT="32" CONTENT="Sunday" WC="0.32" CC="777737"/>
						<SP ID="P137_SP00046" HPOS="450" VPOS="384" WIDTH="12"/>
						<String ID="P137_ST00053" HPOS="462" VPOS="353" WIDTH="125" HEIGHT="25" CONTENT="afternoon" WC="0.75" CC="004017008"/>
						<String ID="P137_ST00054" HPOS="589" VPOS="368" WIDTH="32" HEIGHT="3" CONTENT="—" WC="0.20" CC="8"/>
						<String ID="P137_ST00055" HPOS="623" VPOS="353" WIDTH="19" HEIGHT="25" CONTENT="it" WC="0.61" CC="25"/>
						<SP ID="P137_SP00047" HPOS="642" VPOS="384" WIDTH="12"/>
						<String ID="P137_ST00056" HPOS="654" VPOS="356" WIDTH="66" HEIGHT="22" CONTENT="must" WC="0.38" CC="7456"/>
						<SP ID="P137_SP00048" HPOS="720" VPOS="384" WIDTH="11"/>
						<String ID="P137_ST00057" HPOS="731" VPOS="355" WIDTH="61" HEIGHT="23" CONTENT="have" WC="0.60" CC="7080"/>
						<SP ID="P137_SP00049" HPOS="792" VPOS="384" WIDTH="12"/>
						<String ID="P137_ST00058" HPOS="804" VPOS="355" WIDTH="61" HEIGHT="23" CONTENT="been" WC="0.65" CC="5008"/>
					</TextLine>
					<TextLine ID="P137_TL00008" HPOS="96" VPOS="394" WIDTH="769" HEIGHT="33">
						<String ID="P137_ST00059" HPOS="96" VPOS="395" WIDTH="102" HEIGHT="23" CONTENT="towards" WC="0.64" CC="0080573"/>
						<SP ID="P137_SP00050" HPOS="198" VPOS="418" WIDTH="13"/>
						<String ID="P137_ST00060" HPOS="211" VPOS="395" WIDTH="39" HEIGHT="22" CONTENT="the" WC="0.67" CC="450"/>
						<SP ID="P137_SP00051" HPOS="250" VPOS="418" WIDTH="14"/>
						<String ID="P137_ST00061" HPOS="264" VPOS="395" WIDTH="47" HEIGHT="23" CONTENT="end" WC="0.46" CC="088"/>
						<SP ID="P137_SP00052" HPOS="311" VPOS="418" WIDTH="12"/>
						<String ID="P137_ST00062" HPOS="323" VPOS="394" WIDTH="27" HEIGHT="24" CONTENT="of" WC="1.00" CC="00"/>
						<SP ID="P137_SP00053" HPOS="350" VPOS="418" WIDTH="14"/>
						<String ID="P137_ST00063" HPOS="364" VPOS="395" WIDTH="135" HEIGHT="24" CONTENT="November" WC="0.62" CC="70802803"/>
						<String ID="P137_ST00064" HPOS="500" VPOS="410" WIDTH="33" HEIGHT="3" CONTENT="—" WC="0.20" CC="8"/>
						<String ID="P137_ST00065" HPOS="534" VPOS="395" WIDTH="14" HEIGHT="23" CONTENT="I" WC="1.00" CC="0"/>
						<SP ID="P137_SP00054" HPOS="548" VPOS="419" WIDTH="12"/>
						<String ID="P137_ST00066" HPOS="560" VPOS="395" WIDTH="75" HEIGHT="24" CONTENT="asked" WC="0.57" CC="05807"/>
						<SP ID="P137_SP00055" HPOS="635" VPOS="419" WIDTH="16"/>
						<String ID="P137_ST00067" HPOS="651" VPOS="395" WIDTH="109" HEIGHT="32" CONTENT="Dorothy" WC="0.58" CC="8031077"/>
						<SP ID="P137_SP00056" HPOS="760" VPOS="427" WIDTH="12"/>
						<String ID="P137_ST00068" HPOS="772" VPOS="398" WIDTH="25" HEIGHT="22" CONTENT="to" WC="0.84" CC="02"/>
						<SP ID="P137_SP00057" HPOS="797" VPOS="427" WIDTH="12"/>
						<String ID="P137_ST00069" HPOS="809" VPOS="395" WIDTH="56" HEIGHT="25" CONTENT="take" WC="0.74" CC="6110"/>
					</TextLine>
					<TextLine ID="P137_TL00009" HPOS="98" VPOS="435" WIDTH="765" HEIGHT="33">
						<String ID="P137_ST00070" HPOS="98" VPOS="436" WIDTH="86" HEIGHT="31" CONTENT="charge" WC="0.65" CC="171414"/>
						<SP ID="P137_SP00058" HPOS="184" VPOS="467" WIDTH="12"/>
						<String ID="P137_ST00071" HPOS="196" VPOS="435" WIDTH="27" HEIGHT="25" CONTENT="of" WC="0.86" CC="02"/>
						<SP ID="P137_SP00059" HPOS="223" VPOS="467" WIDTH="14"/>
						<String ID="P137_ST00072" HPOS="237" VPOS="435" WIDTH="62" HEIGHT="25" CONTENT="little" WC="0.77" CC="063200"/>
						<SP ID="P137_SP00060" HPOS="299" VPOS="467" WIDTH="12"/>
						<String ID="P137_ST00073" HPOS="311" VPOS="435" WIDTH="89" HEIGHT="33" CONTENT="missey" WC="0.61" CC="870017"/>
						<SP ID="P137_SP00061" HPOS="400" VPOS="468" WIDTH="11"/>
						<String ID="P137_ST00074" HPOS="411" VPOS="436" WIDTH="69" HEIGHT="25" CONTENT="when" WC="0.38" CC="8808"/>
						<SP ID="P137_SP00062" HPOS="480" VPOS="468" WIDTH="19"/>
						<String ID="P137_ST00075" HPOS="499" VPOS="436" WIDTH="41" HEIGHT="25" CONTENT="she" WC="0.66" CC="370"/>
						<SP ID="P137_SP00063" HPOS="540" VPOS="468" WIDTH="20"/>
						<String ID="P137_ST00076" HPOS="560" VPOS="445" WIDTH="66" HEIGHT="16" CONTENT="came" WC="0.79" CC="0150"/>
						<SP ID="P137_SP00064" HPOS="626" VPOS="468" WIDTH="15"/>
						<String ID="P137_ST00077" HPOS="641" VPOS="439" WIDTH="41" HEIGHT="22" CONTENT="out" WC="0.52" CC="364"/>
						<SP ID="P137_SP00065" HPOS="682" VPOS="468" WIDTH="13"/>
						<String ID="P137_ST00078" HPOS="695" VPOS="437" WIDTH="26" HEIGHT="24" CONTENT="of" WC="0.81" CC="03"/>
						<SP ID="P137_SP00066" HPOS="721" VPOS="468" WIDTH="15"/>
						<String ID="P137_ST00079" HPOS="736" VPOS="438" WIDTH="41" HEIGHT="23" CONTENT="the" WC="0.63" CC="252"/>
						<SP ID="P137_SP00067" HPOS="777" VPOS="468" WIDTH="14"/>
						<String ID="P137_ST00080" HPOS="791" VPOS="438" WIDTH="72" HEIGHT="23" CONTENT="draw" SUBS_TYPE="HypPart1" SUBS_CONTENT="drawing-room," WC="0.60" CC="74080"/>
						<HYP CONTENT="-"/>
					</TextLine>
					<TextLine ID="P137_TL00010" HPOS="97" VPOS="476" WIDTH="768" HEIGHT="34">
						<String ID="P137_ST00081" HPOS="97" VPOS="476" WIDTH="128" HEIGHT="33" CONTENT="ing-room," SUBS_TYPE="HypPart2" SUBS_CONTENT="drawing-room," WC="0.75" CC="870030200"/>
						<SP ID="P137_SP00068" HPOS="225" VPOS="509" WIDTH="14"/>
						<String ID="P137_ST00082" HPOS="239" VPOS="477" WIDTH="61" HEIGHT="23" CONTENT="after" WC="0.80" CC="40500"/>
						<SP ID="P137_SP00069" HPOS="300" VPOS="509" WIDTH="12"/>
						<String ID="P137_ST00083" HPOS="312" VPOS="476" WIDTH="62" HEIGHT="24" CONTENT="Miss" WC="0.73" CC="4121"/>
						<SP ID="P137_SP00070" HPOS="374" VPOS="509" WIDTH="12"/>
						<String ID="P137_ST00084" HPOS="386" VPOS="477" WIDTH="124" HEIGHT="24" CONTENT="Furnivall" WC="0.38" CC="674878156"/>
						<SP ID="P137_SP00071" HPOS="510" VPOS="509" WIDTH="18"/>
						<String ID="P137_ST00085" HPOS="528" VPOS="478" WIDTH="49" HEIGHT="23" CONTENT="had" WC="0.51" CC="607"/>
						<SP ID="P137_SP00072" HPOS="577" VPOS="509" WIDTH="18"/>
						<String ID="P137_ST00086" HPOS="595" VPOS="478" WIDTH="47" HEIGHT="23" CONTENT="had" WC="0.57" CC="507"/>
						<SP ID="P137_SP00073" HPOS="642" VPOS="509" WIDTH="19"/>
						<String ID="P137_ST00087" HPOS="661" VPOS="478" WIDTH="43" HEIGHT="24" CONTENT="her" WC="0.64" CC="604"/>
						<SP ID="P137_SP00074" HPOS="704" VPOS="509" WIDTH="11"/>
						<String ID="P137_ST00088" HPOS="715" VPOS="486" WIDTH="47" HEIGHT="24" CONTENT="nap" WC="0.34" CC="846"/>
						<SP ID="P137_SP00075" HPOS="762" VPOS="510" WIDTH="9"/>
						<String ID="P137_ST00089" HPOS="771" VPOS="486" WIDTH="7" HEIGHT="21" CONTENT=";" WC="1.00" CC="0"/>
						<SP ID="P137_SP00076" HPOS="778" VPOS="510" WIDTH="19"/>
						<String ID="P137_ST00090" HPOS="797" VPOS="478" WIDTH="37" HEIGHT="23" CONTENT="for" WC="0.58" CC="560"/>
						<SP ID="P137_SP00077" HPOS="834" VPOS="510" WIDTH="11"/>
						<String ID="P137_ST00091" HPOS="845" VPOS="478" WIDTH="20" HEIGHT="24" CONTENT="it" WC="0.63" CC="07"/>
					</TextLine>
					<TextLine ID="P137_TL00011" HPOS="98" VPOS="518" WIDTH="766" HEIGHT="33">
						<String ID="P137_ST00092" HPOS="98" VPOS="527" WIDTH="47" HEIGHT="15" CONTENT="was" WC="0.55" CC="840"/>
						<SP ID="P137_SP00078" HPOS="145" VPOS="542" WIDTH="12"/>
						<String ID="P137_ST00093" HPOS="157" VPOS="521" WIDTH="39" HEIGHT="22" CONTENT="too" WC="0.91" CC="200"/>
						<SP ID="P137_SP00079" HPOS="196" VPOS="543" WIDTH="13"/>
						<String ID="P137_ST00094" HPOS="209" VPOS="518" WIDTH="52" HEIGHT="25" CONTENT="cold" WC="0.86" CC="0005"/>
						<SP ID="P137_SP00080" HPOS="261" VPOS="543" WIDTH="12"/>
						<String ID="P137_ST00095" HPOS="273" VPOS="520" WIDTH="25" HEIGHT="22" CONTENT="to" WC="0.69" CC="32"/>
						<SP ID="P137_SP00081" HPOS="298" VPOS="543" WIDTH="13"/>
						<String ID="P137_ST00096" HPOS="311" VPOS="518" WIDTH="56" HEIGHT="24" CONTENT="take" WC="0.53" CC="7740"/>
						<SP ID="P137_SP00082" HPOS="367" VPOS="543" WIDTH="19"/>
						<String ID="P137_ST00097" HPOS="386" VPOS="518" WIDTH="44" HEIGHT="24" CONTENT="her" WC="0.70" CC="701"/>
						<SP ID="P137_SP00083" HPOS="430" VPOS="543" WIDTH="17"/>
						<String ID="P137_ST00098" HPOS="447" VPOS="518" WIDTH="58" HEIGHT="24" CONTENT="with" WC="0.43" CC="8427"/>
						<SP ID="P137_SP00084" HPOS="505" VPOS="543" WIDTH="17"/>
						<String ID="P137_ST00099" HPOS="522" VPOS="527" WIDTH="38" HEIGHT="16" CONTENT="me" WC="0.65" CC="70"/>
						<SP ID="P137_SP00085" HPOS="560" VPOS="543" WIDTH="19"/>
						<String ID="P137_ST00100" HPOS="579" VPOS="522" WIDTH="25" HEIGHT="21" CONTENT="to" WC="0.84" CC="20"/>
						<SP ID="P137_SP00086" HPOS="604" VPOS="543" WIDTH="19"/>
						<String ID="P137_ST00101" HPOS="623" VPOS="519" WIDTH="97" HEIGHT="29" CONTENT="church," WC="0.61" CC="0663370"/>
						<SP ID="P137_SP00087" HPOS="720" VPOS="548" WIDTH="21"/>
						<String ID="P137_ST00102" HPOS="741" VPOS="520" WIDTH="46" HEIGHT="24" CONTENT="and" WC="0.51" CC="085"/>
						<SP ID="P137_SP00088" HPOS="787" VPOS="548" WIDTH="12"/>
						<String ID="P137_ST00103" HPOS="799" VPOS="521" WIDTH="40" HEIGHT="30" CONTENT="yet" WC="0.44" CC="744"/>
						<SP ID="P137_SP00089" HPOS="839" VPOS="551" WIDTH="12"/>
						<String ID="P137_ST00104" HPOS="851" VPOS="520" WIDTH="13" HEIGHT="23" CONTENT="I" WC="1.00" CC="0"/>
					</TextLine>
					<TextLine ID="P137_TL00012" HPOS="98" VPOS="560" WIDTH="765" HEIGHT="32">
						<String ID="P137_ST00105" HPOS="98" VPOS="561" WIDTH="92" HEIGHT="23" CONTENT="wanted" WC="0.54" CC="717207"/>
						<SP ID="P137_SP00090" HPOS="190" VPOS="584" WIDTH="11"/>
						<String ID="P137_ST00106" HPOS="201" VPOS="561" WIDTH="25" HEIGHT="22" CONTENT="to" WC="0.82" CC="30"/>
						<SP ID="P137_SP00091" HPOS="226" VPOS="584" WIDTH="13"/>
						<String ID="P137_ST00107" HPOS="239" VPOS="568" WIDTH="38" HEIGHT="24" CONTENT="go." WC="0.90" CC="020"/>
						<SP ID="P137_SP00092" HPOS="277" VPOS="592" WIDTH="29"/>
						<String ID="P137_ST00108" HPOS="306" VPOS="560" WIDTH="55" HEIGHT="23" CONTENT="And" WC="0.21" CC="886"/>
						<SP ID="P137_SP00093" HPOS="361" VPOS="592" WIDTH="11"/>
						<String ID="P137_ST00109" HPOS="372" VPOS="560" WIDTH="110" HEIGHT="31" CONTENT="Dorothy" WC="0.53" CC="8060376"/>
						<SP ID="P137_SP00094" HPOS="482" VPOS="592" WIDTH="9"/>
						<String ID="P137_ST00110" HPOS="491" VPOS="568" WIDTH="47" HEIGHT="16" CONTENT="was" WC="0.25" CC="867"/>
						<SP ID="P137_SP00095" HPOS="538" VPOS="592" WIDTH="11"/>
						<String ID="P137_ST00111" HPOS="549" VPOS="561" WIDTH="55" HEIGHT="31" CONTENT="glad" WC="0.77" CC="0206"/>
						<SP ID="P137_SP00096" HPOS="604" VPOS="592" WIDTH="10"/>
						<String ID="P137_ST00112" HPOS="614" VPOS="561" WIDTH="95" HEIGHT="31" CONTENT="enough" WC="0.60" CC="080708"/>
						<SP ID="P137_SP00097" HPOS="709" VPOS="592" WIDTH="8"/>
						<String ID="P137_ST00113" HPOS="717" VPOS="562" WIDTH="25" HEIGHT="22" CONTENT="to" WC="0.89" CC="20"/>
						<SP ID="P137_SP00098" HPOS="742" VPOS="592" WIDTH="9"/>
						<String ID="P137_ST00114" HPOS="751" VPOS="561" WIDTH="112" HEIGHT="31" CONTENT="promise," WC="0.70" CC="70050720"/>
					</TextLine>
					<TextLine ID="P137_TL00013" HPOS="100" VPOS="600" WIDTH="765" HEIGHT="31">
						<String ID="P137_ST00115" HPOS="100" VPOS="602" WIDTH="46" HEIGHT="24" CONTENT="and" WC="0.42" CC="178"/>
						<SP ID="P137_SP00099" HPOS="146" VPOS="626" WIDTH="11"/>
						<String ID="P137_ST00116" HPOS="157" VPOS="610" WIDTH="47" HEIGHT="16" CONTENT="was" WC="0.51" CC="806"/>
						<SP ID="P137_SP00100" HPOS="204" VPOS="626" WIDTH="13"/>
						<String ID="P137_ST00117" HPOS="217" VPOS="610" WIDTH="26" HEIGHT="15" CONTENT="so" WC="0.67" CC="60"/>
						<SP ID="P137_SP00101" HPOS="243" VPOS="626" WIDTH="13"/>
						<String ID="P137_ST00118" HPOS="256" VPOS="601" WIDTH="57" HEIGHT="24" CONTENT="fond" WC="0.41" CC="2488"/>
						<SP ID="P137_SP00102" HPOS="313" VPOS="626" WIDTH="13"/>
						<String ID="P137_ST00119" HPOS="326" VPOS="601" WIDTH="27" HEIGHT="24" CONTENT="of" WC="0.96" CC="00"/>
						<SP ID="P137_SP00103" HPOS="353" VPOS="626" WIDTH="13"/>
						<String ID="P137_ST00120" HPOS="366" VPOS="601" WIDTH="43" HEIGHT="24" CONTENT="the" WC="0.68" CC="440"/>
						<SP ID="P137_SP00104" HPOS="409" VPOS="626" WIDTH="13"/>
						<String ID="P137_ST00121" HPOS="422" VPOS="600" WIDTH="71" HEIGHT="30" CONTENT="child," WC="0.75" CC="051160"/>
						<SP ID="P137_SP00105" HPOS="493" VPOS="630" WIDTH="14"/>
						<String ID="P137_ST00122" HPOS="507" VPOS="601" WIDTH="53" HEIGHT="24" CONTENT="that" WC="0.75" CC="0441"/>
						<SP ID="P137_SP00106" HPOS="560" VPOS="630" WIDTH="13"/>
						<String ID="P137_ST00123" HPOS="573" VPOS="602" WIDTH="32" HEIGHT="23" CONTENT="all" WC="0.87" CC="003"/>
						<SP ID="P137_SP00107" HPOS="605" VPOS="630" WIDTH="14"/>
						<String ID="P137_ST00124" HPOS="619" VPOS="602" WIDTH="95" HEIGHT="24" CONTENT="seemed" WC="0.78" CC="700006"/>
						<SP ID="P137_SP00108" HPOS="714" VPOS="630" WIDTH="11"/>
						<String ID="P137_ST00125" HPOS="725" VPOS="602" WIDTH="53" HEIGHT="24" CONTENT="well" WC="0.68" CC="8003"/>
						<String ID="P137_ST00126" HPOS="790" VPOS="610" WIDTH="5" HEIGHT="21" CONTENT=";" WC="1.00" CC="0"/>
						<SP ID="P137_SP00109" HPOS="795" VPOS="631" WIDTH="22"/>
						<String ID="P137_ST00127" HPOS="817" VPOS="602" WIDTH="48" HEIGHT="24" CONTENT="and" WC="0.36" CC="278"/>
					</TextLine>
					<TextLine ID="P137_TL00014" HPOS="97" VPOS="642" WIDTH="769" HEIGHT="32">
						<String ID="P137_ST00128" HPOS="97" VPOS="643" WIDTH="76" HEIGHT="31" CONTENT="Bessy" WC="0.77" CC="50005"/>
						<SP ID="P137_SP00110" HPOS="173" VPOS="674" WIDTH="13"/>
						<String ID="P137_ST00129" HPOS="186" VPOS="643" WIDTH="48" HEIGHT="23" CONTENT="and" WC="0.40" CC="187"/>
						<SP ID="P137_SP00111" HPOS="234" VPOS="674" WIDTH="16"/>
						<String ID="P137_ST00130" HPOS="250" VPOS="643" WIDTH="14" HEIGHT="22" CONTENT="I" WC="0.77" CC="2"/>
						<SP ID="P137_SP00112" HPOS="264" VPOS="674" WIDTH="19"/>
						<String ID="P137_ST00131" HPOS="283" VPOS="643" WIDTH="38" HEIGHT="23" CONTENT="set" WC="0.60" CC="605"/>
						<SP ID="P137_SP00113" HPOS="321" VPOS="674" WIDTH="19"/>
						<String ID="P137_ST00132" HPOS="340" VPOS="642" WIDTH="35" HEIGHT="23" CONTENT="off" WC="1.00" CC="000"/>
						<SP ID="P137_SP00114" HPOS="375" VPOS="674" WIDTH="13"/>
						<String ID="P137_ST00133" HPOS="388" VPOS="650" WIDTH="58" HEIGHT="24" CONTENT="very" WC="0.62" CC="8006"/>
						<SP ID="P137_SP00115" HPOS="446" VPOS="674" WIDTH="12"/>
						<String ID="P137_ST00134" HPOS="458" VPOS="642" WIDTH="100" HEIGHT="32" CONTENT="briskly," WC="0.62" CC="80503570"/>
						<SP ID="P137_SP00116" HPOS="558" VPOS="674" WIDTH="13"/>
						<String ID="P137_ST00135" HPOS="571" VPOS="643" WIDTH="92" HEIGHT="31" CONTENT="though" WC="0.49" CC="771707"/>
						<SP ID="P137_SP00117" HPOS="663" VPOS="674" WIDTH="17"/>
						<String ID="P137_ST00136" HPOS="680" VPOS="643" WIDTH="41" HEIGHT="23" CONTENT="the" WC="0.84" CC="040"/>
						<SP ID="P137_SP00118" HPOS="721" VPOS="674" WIDTH="18"/>
						<String ID="P137_ST00137" HPOS="739" VPOS="643" WIDTH="44" HEIGHT="31" CONTENT="sky" WC="0.49" CC="436"/>
						<SP ID="P137_SP00119" HPOS="783" VPOS="674" WIDTH="16"/>
						<String ID="P137_ST00138" HPOS="799" VPOS="643" WIDTH="67" HEIGHT="31" CONTENT="hung" WC="0.37" CC="5882"/>
					</TextLine>
					<TextLine ID="P137_TL00015" HPOS="98" VPOS="683" WIDTH="768" HEIGHT="32">
						<String ID="P137_ST00139" HPOS="98" VPOS="684" WIDTH="75" HEIGHT="31" CONTENT="heavy" WC="0.45" CC="70387"/>
						<SP ID="P137_SP00120" HPOS="173" VPOS="715" WIDTH="18"/>
						<String ID="P137_ST00140" HPOS="191" VPOS="684" WIDTH="47" HEIGHT="24" CONTENT="and" WC="0.26" CC="588"/>
						<SP ID="P137_SP00121" HPOS="238" VPOS="715" WIDTH="17"/>
						<String ID="P137_ST00141" HPOS="255" VPOS="683" WIDTH="71" HEIGHT="24" CONTENT="black" WC="0.39" CC="85744"/>
						<SP ID="P137_SP00122" HPOS="326" VPOS="715" WIDTH="18"/>
						<String ID="P137_ST00142" HPOS="344" VPOS="692" WIDTH="56" HEIGHT="16" CONTENT="over" WC="0.62" CC="0841"/>
						<SP ID="P137_SP00123" HPOS="400" VPOS="715" WIDTH="16"/>
						<String ID="P137_ST00143" HPOS="416" VPOS="683" WIDTH="42" HEIGHT="25" CONTENT="the" WC="0.73" CC="070"/>
						<SP ID="P137_SP00124" HPOS="458" VPOS="715" WIDTH="19"/>
						<String ID="P137_ST00144" HPOS="477" VPOS="683" WIDTH="72" HEIGHT="25" CONTENT="white" WC="0.66" CC="86010"/>
						<SP ID="P137_SP00125" HPOS="549" VPOS="715" WIDTH="22"/>
						<String ID="P137_ST00145" HPOS="571" VPOS="684" WIDTH="77" HEIGHT="29" CONTENT="earth," WC="0.60" CC="075550"/>
						<SP ID="P137_SP00126" HPOS="648" VPOS="715" WIDTH="14"/>
						<String ID="P137_ST00146" HPOS="662" VPOS="693" WIDTH="26" HEIGHT="15" CONTENT="as" WC="0.71" CC="32"/>
						<SP ID="P137_SP00127" HPOS="688" VPOS="715" WIDTH="14"/>
						<String ID="P137_ST00147" HPOS="702" VPOS="683" WIDTH="21" HEIGHT="24" CONTENT="if" WC="1.00" CC="00"/>
						<SP ID="P137_SP00128" HPOS="723" VPOS="715" WIDTH="14"/>
						<String ID="P137_ST00148" HPOS="737" VPOS="684" WIDTH="42" HEIGHT="24" CONTENT="the" WC="0.60" CC="460"/>
						<SP ID="P137_SP00129" HPOS="779" VPOS="715" WIDTH="18"/>
						<String ID="P137_ST00149" HPOS="797" VPOS="683" WIDTH="69" HEIGHT="32" CONTENT="night" WC="0.57" CC="80057"/>
					</TextLine>
					<TextLine ID="P137_TL00016" HPOS="99" VPOS="725" WIDTH="765" HEIGHT="32">
						<String ID="P137_ST00150" HPOS="99" VPOS="726" WIDTH="47" HEIGHT="23" CONTENT="had" WC="0.31" CC="847"/>
						<SP ID="P137_SP00130" HPOS="146" VPOS="749" WIDTH="11"/>
						<String ID="P137_ST00151" HPOS="157" VPOS="733" WIDTH="72" HEIGHT="16" CONTENT="never" WC="0.54" CC="80814"/>
						<SP ID="P137_SP00131" HPOS="229" VPOS="749" WIDTH="11"/>
						<String ID="P137_ST00152" HPOS="240" VPOS="725" WIDTH="60" HEIGHT="32" CONTENT="fully" WC="0.32" CC="58666"/>
						<SP ID="P137_SP00132" HPOS="300" VPOS="757" WIDTH="12"/>
						<String ID="P137_ST00153" HPOS="312" VPOS="733" WIDTH="61" HEIGHT="23" CONTENT="gone" WC="0.70" CC="0380"/>
						<SP ID="P137_SP00133" HPOS="373" VPOS="757" WIDTH="14"/>
						<String ID="P137_ST00154" HPOS="387" VPOS="733" WIDTH="73" HEIGHT="24" CONTENT="away," WC="0.46" CC="58480"/>
						<SP ID="P137_SP00134" HPOS="460" VPOS="757" WIDTH="15"/>
						<String ID="P137_ST00155" HPOS="475" VPOS="725" WIDTH="47" HEIGHT="23" CONTENT="and" WC="0.50" CC="086"/>
						<SP ID="P137_SP00135" HPOS="522" VPOS="757" WIDTH="12"/>
						<String ID="P137_ST00156" HPOS="534" VPOS="725" WIDTH="41" HEIGHT="23" CONTENT="the" WC="0.72" CC="080"/>
						<SP ID="P137_SP00136" HPOS="575" VPOS="757" WIDTH="13"/>
						<String ID="P137_ST00157" HPOS="588" VPOS="725" WIDTH="43" HEIGHT="29" CONTENT="air," WC="0.57" CC="6540"/>
						<SP ID="P137_SP00137" HPOS="631" VPOS="757" WIDTH="11"/>
						<String ID="P137_ST00158" HPOS="642" VPOS="725" WIDTH="92" HEIGHT="31" CONTENT="though" WC="0.56" CC="360807"/>
						<SP ID="P137_SP00138" HPOS="734" VPOS="757" WIDTH="13"/>
						<String ID="P137_ST00159" HPOS="747" VPOS="725" WIDTH="58" HEIGHT="29" CONTENT="still," WC="0.62" CC="083720"/>
						<SP ID="P137_SP00139" HPOS="805" VPOS="757" WIDTH="12"/>
						<String ID="P137_ST00160" HPOS="817" VPOS="733" WIDTH="47" HEIGHT="16" CONTENT="was" WC="0.43" CC="735"/>
					</TextLine>
					<TextLine ID="P137_TL00017" HPOS="98" VPOS="765" WIDTH="285" HEIGHT="31">
						<String ID="P137_ST00161" HPOS="98" VPOS="775" WIDTH="56" HEIGHT="21" CONTENT="very" WC="0.61" CC="8007"/>
						<SP ID="P137_SP00140" HPOS="154" VPOS="796" WIDTH="10"/>
						<String ID="P137_ST00162" HPOS="164" VPOS="765" WIDTH="78" HEIGHT="31" CONTENT="biting" WC="0.55" CC="815280"/>
						<SP ID="P137_SP00141" HPOS="242" VPOS="796" WIDTH="12"/>
						<String ID="P137_ST00163" HPOS="254" VPOS="766" WIDTH="47" HEIGHT="24" CONTENT="and" WC="0.44" CC="286"/>
						<SP ID="P137_SP00142" HPOS="301" VPOS="796" WIDTH="11"/>
						<String ID="P137_ST00164" HPOS="312" VPOS="766" WIDTH="71" HEIGHT="24" CONTENT="keen." WC="0.61" CC="80055"/>
					</TextLine>
				</TextBlock>
				<TextBlock ID="P137_TB00004" HPOS="94" VPOS="806" WIDTH="771" HEIGHT="695" STYLEREFS="TXT_0 PAR_LEFT">
					<TextLine ID="P137_TL00018" HPOS="133" VPOS="808" WIDTH="729" HEIGHT="31">
						<String ID="P137_ST00165" HPOS="133" VPOS="811" WIDTH="16" HEIGHT="10" CONTENT='"' WC="0.97" CC="0"/>
						<SP ID="P137_SP00143" HPOS="149" VPOS="821" WIDTH="11"/>
						<String ID="P137_ST00166" HPOS="160" VPOS="809" WIDTH="45" HEIGHT="23" CONTENT="We" WC="0.58" CC="80"/>
						<SP ID="P137_SP00144" HPOS="205" VPOS="832" WIDTH="19"/>
						<String ID="P137_ST00167" HPOS="224" VPOS="808" WIDTH="61" HEIGHT="23" CONTENT="shall" WC="0.44" CC="67561"/>
						<SP ID="P137_SP00145" HPOS="285" VPOS="832" WIDTH="19"/>
						<String ID="P137_ST00168" HPOS="304" VPOS="808" WIDTH="60" HEIGHT="24" CONTENT="have" WC="0.66" CC="6070"/>
						<SP ID="P137_SP00146" HPOS="364" VPOS="832" WIDTH="19"/>
						<String ID="P137_ST00169" HPOS="383" VPOS="816" WIDTH="14" HEIGHT="16" CONTENT="a" WC="0.55" CC="4"/>
						<SP ID="P137_SP00147" HPOS="397" VPOS="832" WIDTH="17"/>
						<String ID="P137_ST00170" HPOS="414" VPOS="808" WIDTH="42" HEIGHT="24" CONTENT="fall" WC="0.54" CC="6038"/>
						<SP ID="P137_SP00148" HPOS="456" VPOS="832" WIDTH="19"/>
						<String ID="P137_ST00171" HPOS="475" VPOS="808" WIDTH="27" HEIGHT="24" CONTENT="of" WC="0.93" CC="01"/>
						<SP ID="P137_SP00149" HPOS="502" VPOS="832" WIDTH="15"/>
						<String ID="P137_ST00172" HPOS="517" VPOS="808" WIDTH="90" HEIGHT="29" CONTENT='snow,"' WC="0.59" CC="360706"/>
						<SP ID="P137_SP00150" HPOS="607" VPOS="837" WIDTH="14"/>
						<String ID="P137_ST00173" HPOS="621" VPOS="808" WIDTH="52" HEIGHT="23" CONTENT="said" WC="0.54" CC="6605"/>
						<SP ID="P137_SP00151" HPOS="673" VPOS="837" WIDTH="16"/>
						<String ID="P137_ST00174" HPOS="689" VPOS="808" WIDTH="77" HEIGHT="31" CONTENT="Bessy" WC="0.65" CC="71404"/>
						<SP ID="P137_SP00152" HPOS="766" VPOS="839" WIDTH="12"/>
						<String ID="P137_ST00175" HPOS="778" VPOS="809" WIDTH="25" HEIGHT="22" CONTENT="to" WC="0.82" CC="30"/>
						<SP ID="P137_SP00153" HPOS="803" VPOS="839" WIDTH="13"/>
						<String ID="P137_ST00176" HPOS="816" VPOS="816" WIDTH="46" HEIGHT="15" CONTENT="me." WC="0.71" CC="250"/>
					</TextLine>
					<TextLine ID="P137_TL00019" HPOS="97" VPOS="848" WIDTH="768" HEIGHT="33">
						<String ID="P137_ST00177" HPOS="97" VPOS="850" WIDTH="54" HEIGHT="24" CONTENT="And" WC="0.18" CC="788"/>
						<SP ID="P137_SP00154" HPOS="151" VPOS="874" WIDTH="13"/>
						<String ID="P137_ST00178" HPOS="164" VPOS="858" WIDTH="54" HEIGHT="16" CONTENT="sure" WC="0.65" CC="7600"/>
						<SP ID="P137_SP00155" HPOS="218" VPOS="874" WIDTH="13"/>
						<String ID="P137_ST00179" HPOS="231" VPOS="850" WIDTH="103" HEIGHT="31" CONTENT="enough," WC="0.65" CC="0608070"/>
						<SP ID="P137_SP00156" HPOS="334" VPOS="881" WIDTH="15"/>
						<String ID="P137_ST00180" HPOS="349" VPOS="858" WIDTH="59" HEIGHT="16" CONTENT="even" WC="0.57" CC="0808"/>
						<SP ID="P137_SP00157" HPOS="408" VPOS="881" WIDTH="11"/>
						<String ID="P137_ST00181" HPOS="419" VPOS="849" WIDTH="69" HEIGHT="25" CONTENT="while" WC="0.57" CC="87230"/>
						<SP ID="P137_SP00158" HPOS="488" VPOS="881" WIDTH="13"/>
						<String ID="P137_ST00182" HPOS="501" VPOS="858" WIDTH="33" HEIGHT="16" CONTENT="we" WC="0.58" CC="80"/>
						<SP ID="P137_SP00159" HPOS="534" VPOS="881" WIDTH="12"/>
						<String ID="P137_ST00183" HPOS="546" VPOS="858" WIDTH="61" HEIGHT="16" CONTENT="were" WC="0.65" CC="8104"/>
						<SP ID="P137_SP00160" HPOS="607" VPOS="881" WIDTH="12"/>
						<String ID="P137_ST00184" HPOS="619" VPOS="849" WIDTH="24" HEIGHT="24" CONTENT="in" WC="0.66" CC="06"/>
						<SP ID="P137_SP00161" HPOS="643" VPOS="881" WIDTH="14"/>
						<String ID="P137_ST00185" HPOS="657" VPOS="849" WIDTH="96" HEIGHT="28" CONTENT="church," WC="0.54" CC="3874070"/>
						<SP ID="P137_SP00162" HPOS="753" VPOS="881" WIDTH="14"/>
						<String ID="P137_ST00186" HPOS="767" VPOS="848" WIDTH="19" HEIGHT="25" CONTENT="it" WC="0.67" CC="06"/>
						<SP ID="P137_SP00163" HPOS="786" VPOS="881" WIDTH="12"/>
						<String ID="P137_ST00187" HPOS="798" VPOS="858" WIDTH="67" HEIGHT="15" CONTENT="came" WC="0.76" CC="0630"/>
					</TextLine>
					<TextLine ID="P137_TL00020" HPOS="98" VPOS="891" WIDTH="767" HEIGHT="32">
						<String ID="P137_ST00188" HPOS="98" VPOS="892" WIDTH="66" HEIGHT="23" CONTENT="down" WC="0.36" CC="8088"/>
						<SP ID="P137_SP00164" HPOS="164" VPOS="915" WIDTH="18"/>
						<String ID="P137_ST00189" HPOS="182" VPOS="891" WIDTH="75" HEIGHT="28" CONTENT="thick," WC="0.41" CC="775680"/>
						<SP ID="P137_SP00165" HPOS="257" VPOS="919" WIDTH="21"/>
						<String ID="P137_ST00190" HPOS="278" VPOS="892" WIDTH="24" HEIGHT="22" CONTENT="in" WC="0.59" CC="08"/>
						<SP ID="P137_SP00166" HPOS="302" VPOS="919" WIDTH="20"/>
						<String ID="P137_ST00191" HPOS="322" VPOS="893" WIDTH="67" HEIGHT="30" CONTENT="great" WC="0.67" CC="04065"/>
						<SP ID="P137_SP00167" HPOS="389" VPOS="923" WIDTH="20"/>
						<String ID="P137_ST00192" HPOS="409" VPOS="892" WIDTH="65" HEIGHT="31" CONTENT="large" WC="0.76" CC="43400"/>
						<SP ID="P137_SP00168" HPOS="474" VPOS="923" WIDTH="16"/>
						<String ID="P137_ST00193" HPOS="490" VPOS="891" WIDTH="77" HEIGHT="24" CONTENT="flakes" WC="0.68" CC="332702"/>
						<String ID="P137_ST00194" HPOS="569" VPOS="906" WIDTH="31" HEIGHT="2" CONTENT="—" WC="0.20" CC="8"/>
						<String ID="P137_ST00195" HPOS="603" VPOS="899" WIDTH="26" HEIGHT="15" CONTENT="so" WC="0.89" CC="01"/>
						<SP ID="P137_SP00169" HPOS="629" VPOS="923" WIDTH="19"/>
						<String ID="P137_ST00196" HPOS="648" VPOS="891" WIDTH="74" HEIGHT="28" CONTENT="thick," WC="0.79" CC="650000"/>
						<SP ID="P137_SP00170" HPOS="722" VPOS="923" WIDTH="20"/>
						<String ID="P137_ST00197" HPOS="742" VPOS="891" WIDTH="18" HEIGHT="23" CONTENT="it" WC="0.67" CC="51"/>
						<SP ID="P137_SP00171" HPOS="760" VPOS="923" WIDTH="19"/>
						<String ID="P137_ST00198" HPOS="779" VPOS="891" WIDTH="86" HEIGHT="23" CONTENT="almost" WC="0.83" CC="131030"/>
					</TextLine>
					<TextLine ID="P137_TL00021" HPOS="99" VPOS="931" WIDTH="765" HEIGHT="33">
						<String ID="P137_ST00199" HPOS="99" VPOS="933" WIDTH="118" HEIGHT="24" CONTENT="darkened" WC="0.51" CC="85450708"/>
						<SP ID="P137_SP00172" HPOS="217" VPOS="957" WIDTH="12"/>
						<String ID="P137_ST00200" HPOS="229" VPOS="933" WIDTH="42" HEIGHT="24" CONTENT="the" WC="0.55" CC="570"/>
						<SP ID="P137_SP00173" HPOS="271" VPOS="957" WIDTH="12"/>
						<String ID="P137_ST00201" HPOS="283" VPOS="932" WIDTH="120" HEIGHT="25" CONTENT="windows." WC="0.42" CC="81885850"/>
						<SP ID="P137_SP00174" HPOS="403" VPOS="957" WIDTH="37"/>
						<String ID="P137_ST00202" HPOS="440" VPOS="933" WIDTH="25" HEIGHT="23" CONTENT="It" WC="0.70" CC="32"/>
						<SP ID="P137_SP00175" HPOS="465" VPOS="957" WIDTH="12"/>
						<String ID="P137_ST00203" HPOS="477" VPOS="932" WIDTH="48" HEIGHT="24" CONTENT="had" WC="0.20" CC="787"/>
						<SP ID="P137_SP00176" HPOS="525" VPOS="957" WIDTH="18"/>
						<String ID="P137_ST00204" HPOS="543" VPOS="932" WIDTH="100" HEIGHT="32" CONTENT="stopped" WC="0.55" CC="2607807"/>
						<SP ID="P137_SP00177" HPOS="643" VPOS="964" WIDTH="19"/>
						<String ID="P137_ST00205" HPOS="662" VPOS="931" WIDTH="106" HEIGHT="32" CONTENT="snowing" WC="0.48" CC="7708075"/>
						<SP ID="P137_SP00178" HPOS="768" VPOS="964" WIDTH="17"/>
						<String ID="P137_ST00206" HPOS="785" VPOS="931" WIDTH="79" HEIGHT="24" CONTENT="before" WC="0.79" CC="703100"/>
					</TextLine>
					<TextLine ID="P137_TL00022" HPOS="97" VPOS="973" WIDTH="768" HEIGHT="33">
						<String ID="P137_ST00207" HPOS="97" VPOS="982" WIDTH="34" HEIGHT="16" CONTENT="we" WC="0.58" CC="80"/>
						<SP ID="P137_SP00179" HPOS="131" VPOS="998" WIDTH="13"/>
						<String ID="P137_ST00208" HPOS="144" VPOS="982" WIDTH="65" HEIGHT="16" CONTENT="came" WC="0.72" CC="0550"/>
						<SP ID="P137_SP00180" HPOS="209" VPOS="998" WIDTH="13"/>
						<String ID="P137_ST00209" HPOS="222" VPOS="975" WIDTH="49" HEIGHT="27" CONTENT="out," WC="0.58" CC="2850"/>
						<SP ID="P137_SP00181" HPOS="271" VPOS="1002" WIDTH="13"/>
						<String ID="P137_ST00210" HPOS="284" VPOS="974" WIDTH="44" HEIGHT="23" CONTENT="but" WC="0.33" CC="666"/>
						<SP ID="P137_SP00182" HPOS="328" VPOS="1002" WIDTH="11"/>
						<String ID="P137_ST00211" HPOS="339" VPOS="974" WIDTH="20" HEIGHT="23" CONTENT="it" WC="0.58" CC="25"/>
						<SP ID="P137_SP00183" HPOS="359" VPOS="1002" WIDTH="8"/>
						<String ID="P137_ST00212" HPOS="367" VPOS="974" WIDTH="39" HEIGHT="32" CONTENT="lay" WC="0.67" CC="027"/>
						<SP ID="P137_SP00184" HPOS="406" VPOS="1006" WIDTH="10"/>
						<String ID="P137_ST00213" HPOS="416" VPOS="974" WIDTH="55" HEIGHT="29" CONTENT="soft," WC="0.67" CC="41360"/>
						<SP ID="P137_SP00185" HPOS="471" VPOS="1006" WIDTH="13"/>
						<String ID="P137_ST00214" HPOS="484" VPOS="974" WIDTH="76" HEIGHT="28" CONTENT="thick," WC="0.58" CC="578030"/>
						<SP ID="P137_SP00186" HPOS="560" VPOS="1006" WIDTH="15"/>
						<String ID="P137_ST00215" HPOS="575" VPOS="974" WIDTH="47" HEIGHT="23" CONTENT="and" WC="0.46" CC="087"/>
						<SP ID="P137_SP00187" HPOS="622" VPOS="1006" WIDTH="12"/>
						<String ID="P137_ST00216" HPOS="634" VPOS="974" WIDTH="58" HEIGHT="31" CONTENT="deep" WC="0.61" CC="8007"/>
						<SP ID="P137_SP00188" HPOS="692" VPOS="1006" WIDTH="12"/>
						<String ID="P137_ST00217" HPOS="704" VPOS="973" WIDTH="104" HEIGHT="24" CONTENT="beneath" WC="0.66" CC="8080006"/>
						<SP ID="P137_SP00189" HPOS="808" VPOS="1006" WIDTH="13"/>
						<String ID="P137_ST00218" HPOS="821" VPOS="981" WIDTH="44" HEIGHT="16" CONTENT="our" WC="0.51" CC="067"/>
					</TextLine>
					<TextLine ID="P137_TL00023" HPOS="97" VPOS="1013" WIDTH="766" HEIGHT="33">
						<String ID="P137_ST00219" HPOS="97" VPOS="1016" WIDTH="56" HEIGHT="29" CONTENT="feet," WC="0.80" CC="20060"/>
						<SP ID="P137_SP00190" HPOS="153" VPOS="1045" WIDTH="15"/>
						<String ID="P137_ST00220" HPOS="168" VPOS="1024" WIDTH="26" HEIGHT="16" CONTENT="as" WC="1.00" CC="00"/>
						<SP ID="P137_SP00191" HPOS="194" VPOS="1045" WIDTH="11"/>
						<String ID="P137_ST00221" HPOS="205" VPOS="1024" WIDTH="34" HEIGHT="16" CONTENT="we" WC="0.58" CC="80"/>
						<SP ID="P137_SP00192" HPOS="239" VPOS="1045" WIDTH="12"/>
						<String ID="P137_ST00222" HPOS="251" VPOS="1015" WIDTH="110" HEIGHT="31" CONTENT="tramped" WC="0.62" CC="2007808"/>
						<SP ID="P137_SP00193" HPOS="361" VPOS="1046" WIDTH="11"/>
						<String ID="P137_ST00223" HPOS="372" VPOS="1015" WIDTH="80" HEIGHT="24" CONTENT="home." WC="0.83" CC="80000"/>
						<SP ID="P137_SP00194" HPOS="452" VPOS="1046" WIDTH="37"/>
						<String ID="P137_ST00224" HPOS="489" VPOS="1015" WIDTH="86" HEIGHT="24" CONTENT="Before" WC="0.86" CC="103030"/>
						<SP ID="P137_SP00195" HPOS="575" VPOS="1046" WIDTH="18"/>
						<String ID="P137_ST00225" HPOS="593" VPOS="1023" WIDTH="34" HEIGHT="16" CONTENT="we" WC="0.58" CC="80"/>
						<SP ID="P137_SP00196" HPOS="627" VPOS="1046" WIDTH="18"/>
						<String ID="P137_ST00226" HPOS="645" VPOS="1017" WIDTH="41" HEIGHT="29" CONTENT="got" WC="0.71" CC="035"/>
						<SP ID="P137_SP00197" HPOS="686" VPOS="1046" WIDTH="17"/>
						<String ID="P137_ST00227" HPOS="703" VPOS="1015" WIDTH="25" HEIGHT="23" CONTENT="to" WC="0.86" CC="20"/>
						<SP ID="P137_SP00198" HPOS="728" VPOS="1046" WIDTH="18"/>
						<String ID="P137_ST00228" HPOS="746" VPOS="1013" WIDTH="41" HEIGHT="25" CONTENT="the" WC="0.72" CC="070"/>
						<SP ID="P137_SP00199" HPOS="787" VPOS="1046" WIDTH="18"/>
						<String ID="P137_ST00229" HPOS="805" VPOS="1013" WIDTH="58" HEIGHT="30" CONTENT="hall," WC="0.59" CC="66150"/>
					</TextLine>
					<TextLine ID="P137_TL00024" HPOS="97" VPOS="1056" WIDTH="766" HEIGHT="32">
						<String ID="P137_ST00230" HPOS="97" VPOS="1058" WIDTH="41" HEIGHT="23" CONTENT="the" WC="0.52" CC="670"/>
						<SP ID="P137_SP00200" HPOS="138" VPOS="1081" WIDTH="12"/>
						<String ID="P137_ST00231" HPOS="150" VPOS="1065" WIDTH="71" HEIGHT="16" CONTENT="moon" WC="0.63" CC="5008"/>
						<SP ID="P137_SP00201" HPOS="221" VPOS="1081" WIDTH="12"/>
						<String ID="P137_ST00232" HPOS="233" VPOS="1065" WIDTH="62" HEIGHT="21" CONTENT="rose," WC="0.95" CC="01100"/>
						<SP ID="P137_SP00202" HPOS="295" VPOS="1086" WIDTH="19"/>
						<String ID="P137_ST00233" HPOS="314" VPOS="1057" WIDTH="47" HEIGHT="23" CONTENT="and" WC="0.20" CC="788"/>
						<SP ID="P137_SP00203" HPOS="361" VPOS="1086" WIDTH="18"/>
						<String ID="P137_ST00234" HPOS="379" VPOS="1057" WIDTH="14" HEIGHT="23" CONTENT="I" WC="0.89" CC="1"/>
						<SP ID="P137_SP00204" HPOS="393" VPOS="1086" WIDTH="18"/>
						<String ID="P137_ST00235" HPOS="411" VPOS="1056" WIDTH="71" HEIGHT="24" CONTENT="think" WC="0.51" CC="47281"/>
						<SP ID="P137_SP00205" HPOS="482" VPOS="1086" WIDTH="17"/>
						<String ID="P137_ST00236" HPOS="499" VPOS="1057" WIDTH="20" HEIGHT="23" CONTENT="it" WC="0.58" CC="16"/>
						<SP ID="P137_SP00206" HPOS="519" VPOS="1086" WIDTH="17"/>
						<String ID="P137_ST00237" HPOS="536" VPOS="1064" WIDTH="48" HEIGHT="16" CONTENT="was" WC="0.49" CC="807"/>
						<SP ID="P137_SP00207" HPOS="584" VPOS="1086" WIDTH="18"/>
						<String ID="P137_ST00238" HPOS="602" VPOS="1056" WIDTH="88" HEIGHT="32" CONTENT="lighter" WC="0.75" CC="5005500"/>
						<SP ID="P137_SP00208" HPOS="690" VPOS="1088" WIDTH="17"/>
						<String ID="P137_ST00239" HPOS="707" VPOS="1056" WIDTH="93" HEIGHT="24" CONTENT="then—" WC="0.57" CC="05088"/>
						<String ID="P137_ST00240" HPOS="801" VPOS="1056" WIDTH="62" HEIGHT="23" CONTENT="what" WC="0.37" CC="8762"/>
					</TextLine>
					<TextLine ID="P137_TL00025" HPOS="97" VPOS="1096" WIDTH="767" HEIGHT="32">
						<String ID="P137_ST00241" HPOS="97" VPOS="1098" WIDTH="57" HEIGHT="25" CONTENT="with" WC="0.50" CC="8037"/>
						<SP ID="P137_SP00209" HPOS="154" VPOS="1123" WIDTH="12"/>
						<String ID="P137_ST00242" HPOS="166" VPOS="1099" WIDTH="40" HEIGHT="24" CONTENT="the" WC="0.80" CC="050"/>
						<SP ID="P137_SP00210" HPOS="206" VPOS="1123" WIDTH="13"/>
						<String ID="P137_ST00243" HPOS="219" VPOS="1107" WIDTH="79" HEIGHT="20" CONTENT="moon," WC="0.65" CC="45070"/>
						<SP ID="P137_SP00211" HPOS="298" VPOS="1127" WIDTH="10"/>
						<String ID="P137_ST00244" HPOS="308" VPOS="1098" WIDTH="47" HEIGHT="24" CONTENT="and" WC="0.48" CC="087"/>
						<SP ID="P137_SP00212" HPOS="355" VPOS="1127" WIDTH="10"/>
						<String ID="P137_ST00245" HPOS="365" VPOS="1098" WIDTH="62" HEIGHT="24" CONTENT="what" WC="0.27" CC="8857"/>
						<SP ID="P137_SP00213" HPOS="427" VPOS="1127" WIDTH="13"/>
						<String ID="P137_ST00246" HPOS="440" VPOS="1098" WIDTH="56" HEIGHT="24" CONTENT="with" WC="0.36" CC="8367"/>
						<SP ID="P137_SP00214" HPOS="496" VPOS="1127" WIDTH="12"/>
						<String ID="P137_ST00247" HPOS="508" VPOS="1098" WIDTH="41" HEIGHT="24" CONTENT="the" WC="0.66" CC="270"/>
						<SP ID="P137_SP00215" HPOS="549" VPOS="1127" WIDTH="12"/>
						<String ID="P137_ST00248" HPOS="561" VPOS="1097" WIDTH="70" HEIGHT="25" CONTENT="white" WC="0.66" CC="84030"/>
						<SP ID="P137_SP00216" HPOS="631" VPOS="1127" WIDTH="14"/>
						<String ID="P137_ST00249" HPOS="645" VPOS="1096" WIDTH="109" HEIGHT="32" CONTENT="dazzling" WC="0.67" CC="87000180"/>
						<SP ID="P137_SP00217" HPOS="754" VPOS="1128" WIDTH="13"/>
						<String ID="P137_ST00250" HPOS="767" VPOS="1105" WIDTH="63" HEIGHT="15" CONTENT="snow" WC="0.41" CC="6808"/>
						<String ID="P137_ST00251" HPOS="830" VPOS="1111" WIDTH="34" HEIGHT="2" CONTENT="—" WC="0.20" CC="8"/>
					</TextLine>
					<TextLine ID="P137_TL00026" HPOS="96" VPOS="1138" WIDTH="769" HEIGHT="29">
						<String ID="P137_ST00252" HPOS="96" VPOS="1140" WIDTH="60" HEIGHT="24" CONTENT="than" WC="0.39" CC="6637"/>
						<SP ID="P137_SP00218" HPOS="156" VPOS="1164" WIDTH="12"/>
						<String ID="P137_ST00253" HPOS="168" VPOS="1140" WIDTH="19" HEIGHT="23" CONTENT="it" WC="0.60" CC="07"/>
						<SP ID="P137_SP00219" HPOS="187" VPOS="1164" WIDTH="12"/>
						<String ID="P137_ST00254" HPOS="199" VPOS="1140" WIDTH="48" HEIGHT="23" CONTENT="had" WC="0.37" CC="737"/>
						<SP ID="P137_SP00220" HPOS="247" VPOS="1164" WIDTH="11"/>
						<String ID="P137_ST00255" HPOS="258" VPOS="1140" WIDTH="62" HEIGHT="23" CONTENT="been" WC="0.60" CC="8007"/>
						<SP ID="P137_SP00221" HPOS="320" VPOS="1164" WIDTH="13"/>
						<String ID="P137_ST00256" HPOS="333" VPOS="1139" WIDTH="68" HEIGHT="24" CONTENT="when" WC="0.43" CC="8608"/>
						<SP ID="P137_SP00222" HPOS="401" VPOS="1164" WIDTH="15"/>
						<String ID="P137_ST00257" HPOS="416" VPOS="1147" WIDTH="35" HEIGHT="15" CONTENT="we" WC="0.62" CC="70"/>
						<SP ID="P137_SP00223" HPOS="451" VPOS="1164" WIDTH="18"/>
						<String ID="P137_ST00258" HPOS="469" VPOS="1140" WIDTH="63" HEIGHT="23" CONTENT="went" WC="0.46" CC="7085"/>
						<SP ID="P137_SP00224" HPOS="532" VPOS="1164" WIDTH="17"/>
						<String ID="P137_ST00259" HPOS="549" VPOS="1140" WIDTH="26" HEIGHT="22" CONTENT="to" WC="0.78" CC="30"/>
						<SP ID="P137_SP00225" HPOS="575" VPOS="1164" WIDTH="12"/>
						<String ID="P137_ST00260" HPOS="587" VPOS="1138" WIDTH="98" HEIGHT="29" CONTENT="church," WC="0.64" CC="0760450"/>
						<SP ID="P137_SP00226" HPOS="685" VPOS="1167" WIDTH="14"/>
						<String ID="P137_ST00261" HPOS="699" VPOS="1138" WIDTH="107" HEIGHT="24" CONTENT="between" WC="0.65" CC="5027007"/>
						<SP ID="P137_SP00227" HPOS="806" VPOS="1167" WIDTH="12"/>
						<String ID="P137_ST00262" HPOS="818" VPOS="1140" WIDTH="47" HEIGHT="22" CONTENT="two" WC="0.45" CC="088"/>
					</TextLine>
					<TextLine ID="P137_TL00027" HPOS="97" VPOS="1179" WIDTH="766" HEIGHT="33">
						<String ID="P137_ST00263" HPOS="97" VPOS="1182" WIDTH="47" HEIGHT="24" CONTENT="and" WC="0.35" CC="486"/>
						<SP ID="P137_SP00228" HPOS="144" VPOS="1206" WIDTH="11"/>
						<String ID="P137_ST00264" HPOS="155" VPOS="1182" WIDTH="68" HEIGHT="24" CONTENT="three" WC="0.74" CC="66000"/>
						<SP ID="P137_SP00229" HPOS="223" VPOS="1206" WIDTH="12"/>
						<String ID="P137_ST00265" HPOS="235" VPOS="1180" WIDTH="100" HEIGHT="25" CONTENT="o'clock." WC="0.71" CC="06500280"/>
						<SP ID="P137_SP00230" HPOS="335" VPOS="1206" WIDTH="29"/>
						<String ID="P137_ST00266" HPOS="364" VPOS="1181" WIDTH="13" HEIGHT="23" CONTENT="I" WC="1.00" CC="0"/>
						<SP ID="P137_SP00231" HPOS="377" VPOS="1206" WIDTH="12"/>
						<String ID="P137_ST00267" HPOS="389" VPOS="1180" WIDTH="60" HEIGHT="25" CONTENT="have" WC="0.50" CC="5480"/>
						<SP ID="P137_SP00232" HPOS="449" VPOS="1206" WIDTH="13"/>
						<String ID="P137_ST00268" HPOS="462" VPOS="1182" WIDTH="42" HEIGHT="22" CONTENT="not" WC="0.50" CC="806"/>
						<SP ID="P137_SP00233" HPOS="504" VPOS="1206" WIDTH="12"/>
						<String ID="P137_ST00269" HPOS="516" VPOS="1180" WIDTH="51" HEIGHT="24" CONTENT="told" WC="0.51" CC="6058"/>
						<SP ID="P137_SP00234" HPOS="567" VPOS="1206" WIDTH="11"/>
						<String ID="P137_ST00270" HPOS="578" VPOS="1188" WIDTH="48" HEIGHT="24" CONTENT="you" WC="0.64" CC="505"/>
						<SP ID="P137_SP00235" HPOS="626" VPOS="1212" WIDTH="11"/>
						<String ID="P137_ST00271" HPOS="637" VPOS="1179" WIDTH="54" HEIGHT="24" CONTENT="that" WC="0.60" CC="0554"/>
						<SP ID="P137_SP00236" HPOS="691" VPOS="1212" WIDTH="12"/>
						<String ID="P137_ST00272" HPOS="703" VPOS="1179" WIDTH="61" HEIGHT="24" CONTENT="Miss" WC="0.57" CC="3075"/>
						<SP ID="P137_SP00237" HPOS="764" VPOS="1212" WIDTH="13"/>
						<String ID="P137_ST00273" HPOS="777" VPOS="1179" WIDTH="86" HEIGHT="24" CONTENT="Furni" SUBS_TYPE="HypPart1" SUBS_CONTENT="Furnivall" WC="0.49" CC="753850"/>
						<HYP CONTENT="-"/>
					</TextLine>
					<TextLine ID="P137_TL00028" HPOS="96" VPOS="1221" WIDTH="767" HEIGHT="31">
						<String ID="P137_ST00274" HPOS="96" VPOS="1223" WIDTH="48" HEIGHT="24" CONTENT="vall" SUBS_TYPE="HypPart2" SUBS_CONTENT="Furnivall" WC="0.61" CC="7700"/>
						<SP ID="P137_SP00238" HPOS="144" VPOS="1247" WIDTH="13"/>
						<String ID="P137_ST00275" HPOS="157" VPOS="1223" WIDTH="46" HEIGHT="24" CONTENT="and" WC="0.21" CC="688"/>
						<SP ID="P137_SP00239" HPOS="203" VPOS="1247" WIDTH="12"/>
						<String ID="P137_ST00276" HPOS="215" VPOS="1223" WIDTH="60" HEIGHT="23" CONTENT="Mrs." WC="0.81" CC="5200"/>
						<SP ID="P137_SP00240" HPOS="275" VPOS="1247" WIDTH="15"/>
						<String ID="P137_ST00277" HPOS="290" VPOS="1222" WIDTH="73" HEIGHT="24" CONTENT="Stark" WC="0.64" CC="73212"/>
						<SP ID="P137_SP00241" HPOS="363" VPOS="1247" WIDTH="11"/>
						<String ID="P137_ST00278" HPOS="374" VPOS="1230" WIDTH="73" HEIGHT="16" CONTENT="never" WC="0.68" CC="70800"/>
						<SP ID="P137_SP00242" HPOS="447" VPOS="1247" WIDTH="11"/>
						<String ID="P137_ST00279" HPOS="458" VPOS="1223" WIDTH="63" HEIGHT="22" CONTENT="went" WC="0.47" CC="8084"/>
						<SP ID="P137_SP00243" HPOS="521" VPOS="1247" WIDTH="12"/>
						<String ID="P137_ST00280" HPOS="533" VPOS="1223" WIDTH="25" HEIGHT="22" CONTENT="to" WC="0.66" CC="41"/>
						<SP ID="P137_SP00244" HPOS="558" VPOS="1247" WIDTH="13"/>
						<String ID="P137_ST00281" HPOS="571" VPOS="1221" WIDTH="89" HEIGHT="24" CONTENT="church" WC="0.41" CC="466447"/>
						<SP ID="P137_SP00245" HPOS="660" VPOS="1247" WIDTH="10"/>
						<String ID="P137_ST00282" HPOS="670" VPOS="1229" WIDTH="6" HEIGHT="22" CONTENT=";" WC="0.62" CC="3"/>
						<SP ID="P137_SP00246" HPOS="676" VPOS="1251" WIDTH="19"/>
						<String ID="P137_ST00283" HPOS="695" VPOS="1221" WIDTH="58" HEIGHT="31" CONTENT="they" WC="0.54" CC="3707"/>
						<SP ID="P137_SP00247" HPOS="753" VPOS="1252" WIDTH="11"/>
						<String ID="P137_ST00284" HPOS="764" VPOS="1221" WIDTH="61" HEIGHT="24" CONTENT="used" WC="0.58" CC="8008"/>
						<SP ID="P137_SP00248" HPOS="825" VPOS="1252" WIDTH="13"/>
						<String ID="P137_ST00285" HPOS="838" VPOS="1222" WIDTH="25" HEIGHT="22" CONTENT="to" WC="0.91" CC="10"/>
					</TextLine>
					<TextLine ID="P137_TL00029" HPOS="96" VPOS="1262" WIDTH="766" HEIGHT="33">
						<String ID="P137_ST00286" HPOS="96" VPOS="1264" WIDTH="57" HEIGHT="25" CONTENT="read" WC="0.38" CC="8447"/>
						<SP ID="P137_SP00249" HPOS="153" VPOS="1289" WIDTH="11"/>
						<String ID="P137_ST00287" HPOS="164" VPOS="1264" WIDTH="42" HEIGHT="24" CONTENT="the" WC="0.63" CC="370"/>
						<SP ID="P137_SP00250" HPOS="206" VPOS="1289" WIDTH="11"/>
						<String ID="P137_ST00288" HPOS="217" VPOS="1272" WIDTH="99" HEIGHT="23" CONTENT="prayers" WC="0.57" CC="8528005"/>
						<SP ID="P137_SP00251" HPOS="316" VPOS="1295" WIDTH="17"/>
						<String ID="P137_ST00289" HPOS="333" VPOS="1264" WIDTH="120" HEIGHT="31" CONTENT="together," WC="0.78" CC="700162000"/>
						<SP ID="P137_SP00252" HPOS="453" VPOS="1295" WIDTH="20"/>
						<String ID="P137_ST00290" HPOS="473" VPOS="1263" WIDTH="26" HEIGHT="24" CONTENT="in" WC="0.30" CC="58"/>
						<SP ID="P137_SP00253" HPOS="499" VPOS="1295" WIDTH="17"/>
						<String ID="P137_ST00291" HPOS="516" VPOS="1262" WIDTH="64" HEIGHT="25" CONTENT="their" WC="0.68" CC="16070"/>
						<SP ID="P137_SP00254" HPOS="580" VPOS="1295" WIDTH="18"/>
						<String ID="P137_ST00292" HPOS="598" VPOS="1262" WIDTH="74" HEIGHT="33" CONTENT="quiet," WC="0.63" CC="680070"/>
						<SP ID="P137_SP00255" HPOS="672" VPOS="1295" WIDTH="18"/>
						<String ID="P137_ST00293" HPOS="690" VPOS="1262" WIDTH="95" HEIGHT="32" CONTENT="gloomy" WC="0.84" CC="040004"/>
						<SP ID="P137_SP00256" HPOS="785" VPOS="1295" WIDTH="11"/>
						<String ID="P137_ST00294" HPOS="796" VPOS="1270" WIDTH="51" HEIGHT="24" CONTENT="way" WC="0.46" CC="807"/>
						<String ID="P137_ST00295" HPOS="856" VPOS="1270" WIDTH="6" HEIGHT="21" CONTENT=";" WC="0.64" CC="3"/>
					</TextLine>
					<TextLine ID="P137_TL00030" HPOS="96" VPOS="1303" WIDTH="769" HEIGHT="35">
						<String ID="P137_ST00296" HPOS="96" VPOS="1306" WIDTH="57" HEIGHT="32" CONTENT="they" WC="0.48" CC="7606"/>
						<SP ID="P137_SP00257" HPOS="153" VPOS="1338" WIDTH="13"/>
						<String ID="P137_ST00297" HPOS="166" VPOS="1306" WIDTH="95" HEIGHT="23" CONTENT="seemed" WC="0.77" CC="300207"/>
						<SP ID="P137_SP00258" HPOS="261" VPOS="1338" WIDTH="12"/>
						<String ID="P137_ST00298" HPOS="273" VPOS="1307" WIDTH="25" HEIGHT="22" CONTENT="to" WC="0.66" CC="24"/>
						<SP ID="P137_SP00259" HPOS="298" VPOS="1338" WIDTH="13"/>
						<String ID="P137_ST00299" HPOS="311" VPOS="1305" WIDTH="46" HEIGHT="24" CONTENT="feel" WC="0.90" CC="0003"/>
						<SP ID="P137_SP00260" HPOS="357" VPOS="1338" WIDTH="18"/>
						<String ID="P137_ST00300" HPOS="375" VPOS="1306" WIDTH="41" HEIGHT="23" CONTENT="the" WC="0.70" CC="170"/>
						<SP ID="P137_SP00261" HPOS="416" VPOS="1338" WIDTH="20"/>
						<String ID="P137_ST00301" HPOS="436" VPOS="1305" WIDTH="98" HEIGHT="31" CONTENT="Sunday" WC="0.34" CC="748845"/>
						<SP ID="P137_SP00262" HPOS="534" VPOS="1338" WIDTH="18"/>
						<String ID="P137_ST00302" HPOS="552" VPOS="1312" WIDTH="57" HEIGHT="23" CONTENT="very" WC="0.61" CC="7016"/>
						<SP ID="P137_SP00263" HPOS="609" VPOS="1338" WIDTH="11"/>
						<String ID="P137_ST00303" HPOS="620" VPOS="1304" WIDTH="57" HEIGHT="31" CONTENT="long" WC="0.61" CC="7080"/>
						<SP ID="P137_SP00264" HPOS="677" VPOS="1338" WIDTH="12"/>
						<String ID="P137_ST00304" HPOS="689" VPOS="1303" WIDTH="100" HEIGHT="25" CONTENT="without" WC="0.44" CC="8715167"/>
						<SP ID="P137_SP00265" HPOS="789" VPOS="1338" WIDTH="12"/>
						<String ID="P137_ST00305" HPOS="801" VPOS="1303" WIDTH="64" HEIGHT="24" CONTENT="their" WC="0.45" CC="78047"/>
					</TextLine>
					<TextLine ID="P137_TL00031" HPOS="96" VPOS="1345" WIDTH="768" HEIGHT="34">
						<String ID="P137_ST00306" HPOS="96" VPOS="1346" WIDTH="182" HEIGHT="33" CONTENT="tapestry-work" WC="0.61" CC="6080030708167"/>
						<SP ID="P137_SP00266" HPOS="278" VPOS="1379" WIDTH="12"/>
						<String ID="P137_ST00307" HPOS="290" VPOS="1348" WIDTH="26" HEIGHT="23" CONTENT="to" WC="0.81" CC="03"/>
						<SP ID="P137_SP00267" HPOS="316" VPOS="1379" WIDTH="12"/>
						<String ID="P137_ST00308" HPOS="328" VPOS="1346" WIDTH="29" HEIGHT="24" CONTENT="be" WC="0.58" CC="80"/>
						<SP ID="P137_SP00268" HPOS="357" VPOS="1379" WIDTH="12"/>
						<String ID="P137_ST00309" HPOS="369" VPOS="1346" WIDTH="61" HEIGHT="32" CONTENT="busy" WC="0.50" CC="8712"/>
						<SP ID="P137_SP00269" HPOS="430" VPOS="1379" WIDTH="13"/>
						<String ID="P137_ST00310" HPOS="443" VPOS="1347" WIDTH="33" HEIGHT="23" CONTENT="at." WC="0.78" CC="050"/>
						<SP ID="P137_SP00270" HPOS="476" VPOS="1379" WIDTH="28"/>
						<String ID="P137_ST00311" HPOS="504" VPOS="1346" WIDTH="31" HEIGHT="24" CONTENT="So" WC="0.60" CC="70"/>
						<SP ID="P137_SP00271" HPOS="535" VPOS="1379" WIDTH="10"/>
						<String ID="P137_ST00312" HPOS="545" VPOS="1345" WIDTH="68" HEIGHT="25" CONTENT="when" WC="0.41" CC="8708"/>
						<SP ID="P137_SP00272" HPOS="613" VPOS="1379" WIDTH="9"/>
						<String ID="P137_ST00313" HPOS="622" VPOS="1345" WIDTH="14" HEIGHT="23" CONTENT="I" WC="1.00" CC="0"/>
						<SP ID="P137_SP00273" HPOS="636" VPOS="1379" WIDTH="8"/>
						<String ID="P137_ST00314" HPOS="644" VPOS="1347" WIDTH="62" HEIGHT="22" CONTENT="went" WC="0.58" CC="8070"/>
						<SP ID="P137_SP00274" HPOS="706" VPOS="1379" WIDTH="12"/>
						<String ID="P137_ST00315" HPOS="718" VPOS="1347" WIDTH="24" HEIGHT="22" CONTENT="to" WC="1.00" CC="00"/>
						<SP ID="P137_SP00275" HPOS="742" VPOS="1379" WIDTH="13"/>
						<String ID="P137_ST00316" HPOS="755" VPOS="1345" WIDTH="109" HEIGHT="30" CONTENT="Dorothy" WC="0.53" CC="5105665"/>
					</TextLine>
					<TextLine ID="P137_TL00032" HPOS="96" VPOS="1386" WIDTH="767" HEIGHT="30">
						<String ID="P137_ST00317" HPOS="96" VPOS="1389" WIDTH="25" HEIGHT="23" CONTENT="in" WC="0.38" CC="48"/>
						<SP ID="P137_SP00276" HPOS="121" VPOS="1412" WIDTH="12"/>
						<String ID="P137_ST00318" HPOS="133" VPOS="1389" WIDTH="40" HEIGHT="23" CONTENT="the" WC="0.74" CC="250"/>
						<SP ID="P137_SP00277" HPOS="173" VPOS="1412" WIDTH="13"/>
						<String ID="P137_ST00319" HPOS="186" VPOS="1388" WIDTH="107" HEIGHT="28" CONTENT="kitchen," WC="0.58" CC="15836080"/>
						<SP ID="P137_SP00278" HPOS="293" VPOS="1416" WIDTH="10"/>
						<String ID="P137_ST00320" HPOS="303" VPOS="1389" WIDTH="25" HEIGHT="22" CONTENT="to" WC="0.44" CC="82"/>
						<SP ID="P137_SP00279" HPOS="328" VPOS="1416" WIDTH="10"/>
						<String ID="P137_ST00321" HPOS="338" VPOS="1388" WIDTH="64" HEIGHT="23" CONTENT="fetch" WC="0.54" CC="70608"/>
						<SP ID="P137_SP00280" HPOS="402" VPOS="1416" WIDTH="12"/>
						<String ID="P137_ST00322" HPOS="414" VPOS="1387" WIDTH="62" HEIGHT="24" CONTENT="Miss" WC="0.60" CC="5045"/>
						<SP ID="P137_SP00281" HPOS="476" VPOS="1416" WIDTH="12"/>
						<String ID="P137_ST00323" HPOS="488" VPOS="1387" WIDTH="138" HEIGHT="24" CONTENT="Rosamond" WC="0.55" CC="80156086"/>
						<SP ID="P137_SP00282" HPOS="626" VPOS="1416" WIDTH="12"/>
						<String ID="P137_ST00324" HPOS="638" VPOS="1387" WIDTH="48" HEIGHT="24" CONTENT="and" WC="0.54" CC="058"/>
						<SP ID="P137_SP00283" HPOS="686" VPOS="1416" WIDTH="12"/>
						<String ID="P137_ST00325" HPOS="698" VPOS="1386" WIDTH="55" HEIGHT="24" CONTENT="take" WC="0.62" CC="5350"/>
						<SP ID="P137_SP00284" HPOS="753" VPOS="1416" WIDTH="12"/>
						<String ID="P137_ST00326" HPOS="765" VPOS="1386" WIDTH="43" HEIGHT="23" CONTENT="her" WC="0.45" CC="671"/>
						<SP ID="P137_SP00285" HPOS="808" VPOS="1416" WIDTH="12"/>
						<String ID="P137_ST00327" HPOS="820" VPOS="1394" WIDTH="43" HEIGHT="22" CONTENT="up" SUBS_TYPE="HypPart1" SUBS_CONTENT="upstairs" WC="0.47" CC="672"/>
						<HYP CONTENT="-"/>
					</TextLine>
					<TextLine ID="P137_TL00033" HPOS="96" VPOS="1426" WIDTH="768" HEIGHT="32">
						<String ID="P137_ST00328" HPOS="96" VPOS="1429" WIDTH="72" HEIGHT="25" CONTENT="stairs" SUBS_TYPE="HypPart2" SUBS_CONTENT="upstairs" WC="0.70" CC="470104"/>
						<SP ID="P137_SP00286" HPOS="168" VPOS="1454" WIDTH="17"/>
						<String ID="P137_ST00329" HPOS="185" VPOS="1429" WIDTH="58" HEIGHT="25" CONTENT="with" WC="0.37" CC="8438"/>
						<SP ID="P137_SP00287" HPOS="243" VPOS="1454" WIDTH="16"/>
						<String ID="P137_ST00330" HPOS="259" VPOS="1437" WIDTH="47" HEIGHT="21" CONTENT="me," WC="0.77" CC="600"/>
						<SP ID="P137_SP00288" HPOS="306" VPOS="1458" WIDTH="19"/>
						<String ID="P137_ST00331" HPOS="325" VPOS="1429" WIDTH="14" HEIGHT="23" CONTENT="I" WC="0.86" CC="1"/>
						<SP ID="P137_SP00289" HPOS="339" VPOS="1458" WIDTH="18"/>
						<String ID="P137_ST00332" HPOS="357" VPOS="1428" WIDTH="41" HEIGHT="24" CONTENT="did" WC="0.17" CC="888"/>
						<SP ID="P137_SP00290" HPOS="398" VPOS="1458" WIDTH="18"/>
						<String ID="P137_ST00333" HPOS="416" VPOS="1431" WIDTH="42" HEIGHT="22" CONTENT="not" WC="0.69" CC="800"/>
						<SP ID="P137_SP00291" HPOS="458" VPOS="1458" WIDTH="17"/>
						<String ID="P137_ST00334" HPOS="475" VPOS="1428" WIDTH="73" HEIGHT="24" CONTENT="much" WC="0.60" CC="1607"/>
						<SP ID="P137_SP00292" HPOS="548" VPOS="1458" WIDTH="17"/>
						<String ID="P137_ST00335" HPOS="565" VPOS="1428" WIDTH="94" HEIGHT="24" CONTENT="wonder" WC="0.52" CC="808740"/>
						<SP ID="P137_SP00293" HPOS="659" VPOS="1458" WIDTH="20"/>
						<String ID="P137_ST00336" HPOS="679" VPOS="1427" WIDTH="69" HEIGHT="24" CONTENT="when" WC="0.39" CC="8708"/>
						<SP ID="P137_SP00294" HPOS="748" VPOS="1458" WIDTH="19"/>
						<String ID="P137_ST00337" HPOS="767" VPOS="1427" WIDTH="41" HEIGHT="23" CONTENT="the" WC="0.60" CC="650"/>
						<SP ID="P137_SP00295" HPOS="808" VPOS="1458" WIDTH="17"/>
						<String ID="P137_ST00338" HPOS="825" VPOS="1426" WIDTH="39" HEIGHT="24" CONTENT="old" WC="0.56" CC="408"/>
					</TextLine>
					<TextLine ID="P137_TL00034" HPOS="96" VPOS="1466" WIDTH="768" HEIGHT="35">
						<String ID="P137_ST00339" HPOS="96" VPOS="1479" WIDTH="92" HEIGHT="16" CONTENT="woman" WC="0.46" CC="80728"/>
						<SP ID="P137_SP00296" HPOS="188" VPOS="1495" WIDTH="12"/>
						<String ID="P137_ST00340" HPOS="200" VPOS="1471" WIDTH="51" HEIGHT="24" CONTENT="told" WC="0.65" CC="0148"/>
						<SP ID="P137_SP00297" HPOS="251" VPOS="1495" WIDTH="12"/>
						<String ID="P137_ST00341" HPOS="263" VPOS="1479" WIDTH="38" HEIGHT="16" CONTENT="me" WC="1.00" CC="00"/>
						<SP ID="P137_SP00298" HPOS="301" VPOS="1495" WIDTH="12"/>
						<String ID="P137_ST00342" HPOS="313" VPOS="1471" WIDTH="54" HEIGHT="24" CONTENT="that" WC="0.36" CC="2787"/>
						<SP ID="P137_SP00299" HPOS="367" VPOS="1495" WIDTH="18"/>
						<String ID="P137_ST00343" HPOS="385" VPOS="1471" WIDTH="41" HEIGHT="24" CONTENT="the" WC="0.76" CC="070"/>
						<SP ID="P137_SP00300" HPOS="426" VPOS="1495" WIDTH="18"/>
						<String ID="P137_ST00344" HPOS="444" VPOS="1470" WIDTH="77" HEIGHT="24" CONTENT="ladies" WC="0.60" CC="427700"/>
						<SP ID="P137_SP00301" HPOS="521" VPOS="1495" WIDTH="17"/>
						<String ID="P137_ST00345" HPOS="538" VPOS="1470" WIDTH="48" HEIGHT="24" CONTENT="had" WC="0.29" CC="857"/>
						<SP ID="P137_SP00302" HPOS="586" VPOS="1495" WIDTH="18"/>
						<String ID="P137_ST00346" HPOS="604" VPOS="1469" WIDTH="57" HEIGHT="32" CONTENT="kept" WC="0.39" CC="5772"/>
						<SP ID="P137_SP00303" HPOS="661" VPOS="1501" WIDTH="16"/>
						<String ID="P137_ST00347" HPOS="677" VPOS="1469" WIDTH="42" HEIGHT="25" CONTENT="the" WC="0.54" CC="580"/>
						<SP ID="P137_SP00304" HPOS="719" VPOS="1501" WIDTH="12"/>
						<String ID="P137_ST00348" HPOS="731" VPOS="1467" WIDTH="64" HEIGHT="26" CONTENT="child" WC="0.63" CC="08107"/>
						<SP ID="P137_SP00305" HPOS="795" VPOS="1501" WIDTH="12"/>
						<String ID="P137_ST00349" HPOS="807" VPOS="1466" WIDTH="57" HEIGHT="25" CONTENT="with" WC="0.54" CC="8017"/>
					</TextLine>
				</TextBlock>
			</PrintSpace>
		</Page>
	</Layout>
</alto>
