<?xml version="1.0" encoding="UTF-8"?>
<alto xmlns:xsi="http://www.w3.org/2001/XMLSchema-instance" xsi:noNamespaceSchemaLocation="http://www.bl.uk/schemas/alto/alto-1-4.xsd" xmlns:xlink="http://www.w3.org/1999/xlink">
	<Description>
		<MeasurementUnit>mm10</MeasurementUnit>
		<sourceImageInformation>
			<fileName>//head1/IN/A0010339154/004706.jp2</fileName>
		</sourceImageInformation>
		<OCRProcessing ID="OCRPROCESSING_1">
			<preProcessingStep>
				<processingSoftware>
					<softwareCreator>CCS Content Conversion Specialists GmbH, Germany</softwareCreator>
					<softwareName>CCS docWORKS</softwareName>
					<softwareVersion>6.1-0.67</softwareVersion>
				</processingSoftware>
			</preProcessingStep>
			<ocrProcessingStep>
				<processingSoftware>
					<softwareCreator>ABBYY (BIT Software), Russia</softwareCreator>
					<softwareName>Finereader</softwareName>
				</processingSoftware>
			</ocrProcessingStep>
		</OCRProcessing>
	</Description>
	<Styles>
		<TextStyle ID="TXT_0" FONTSIZE="10" FONTFAMILY="Courier New"/>
		<TextStyle ID="TXT_1" FONTSIZE="9" FONTFAMILY="Courier New"/>
		<ParagraphStyle ID="PAR_LEFT" ALIGN="Left"/>
		<ParagraphStyle ID="PAR_RIGHT" ALIGN="Right"/>
	</Styles>
	<Layout>
		<Page ID="P200" PHYSICAL_IMG_NR="200" HEIGHT="1694" WIDTH="967" PRINTED_IMG_NR="188" POSITION="Left" ACCURACY="53.43">
			<TopMargin ID="P200_TM00001" HPOS="0" VPOS="0" WIDTH="966" HEIGHT="149">
				<TextBlock ID="P200_TB00001" HPOS="138" VPOS="124" WIDTH="49" HEIGHT="24" STYLEREFS="TXT_0 PAR_LEFT">
					<TextLine ID="P200_TL00001" HPOS="163" VPOS="146" WIDTH="24" HEIGHT="2">
						<String ID="P200_ST00001" HPOS="163" VPOS="146" WIDTH="24" HEIGHT="2" CONTENT="188" WC="1.00" CC="000"/>
					</TextLine>
				</TextBlock>
				<TextBlock ID="P200_TB00002" HPOS="416" VPOS="127" WIDTH="211" HEIGHT="20" STYLEREFS="TXT_1 PAR_RIGHT">
					<TextLine ID="P200_TL00002" HPOS="417" VPOS="128" WIDTH="210" HEIGHT="19">
						<String ID="P200_ST00002" HPOS="417" VPOS="129" WIDTH="110" HEIGHT="18" CONTENT="MORTON" WC="0.40" CC="848508"/>
						<SP ID="P200_SP00001" HPOS="527" VPOS="147" WIDTH="21"/>
						<String ID="P200_ST00003" HPOS="548" VPOS="128" WIDTH="79" HEIGHT="19" CONTENT="HALL." WC="0.37" CC="77581"/>
					</TextLine>
				</TextBlock>
			</TopMargin>
			<LeftMargin ID="P200_LM00001" HPOS="0" VPOS="149" WIDTH="135" HEIGHT="1351"/>
			<RightMargin ID="P200_RM00001" HPOS="899" VPOS="149" WIDTH="67" HEIGHT="1351"/>
			<BottomMargin ID="P200_BM00001" HPOS="0" VPOS="1500" WIDTH="966" HEIGHT="194"/>
			<PrintSpace ID="P200_PS00001" HPOS="135" VPOS="149" WIDTH="764" HEIGHT="1351">
				<TextBlock ID="P200_TB00003" HPOS="136" VPOS="186" WIDTH="763" HEIGHT="489" STYLEREFS="TXT_1 PAR_LEFT">
					<TextLine ID="P200_TL00003" HPOS="137" VPOS="187" WIDTH="762" HEIGHT="34">
						<String ID="P200_ST00004" HPOS="137" VPOS="190" WIDTH="48" HEIGHT="24" CONTENT="less" WC="0.78" CC="4030"/>
						<SP ID="P200_SP00002" HPOS="185" VPOS="214" WIDTH="13"/>
						<String ID="P200_ST00005" HPOS="198" VPOS="190" WIDTH="46" HEIGHT="24" CONTENT="and" WC="0.19" CC="788"/>
						<SP ID="P200_SP00003" HPOS="244" VPOS="214" WIDTH="11"/>
						<String ID="P200_ST00006" HPOS="255" VPOS="190" WIDTH="62" HEIGHT="31" CONTENT="pale," WC="0.62" CC="85210"/>
						<SP ID="P200_SP00004" HPOS="317" VPOS="221" WIDTH="14"/>
						<String ID="P200_ST00007" HPOS="331" VPOS="189" WIDTH="36" HEIGHT="25" CONTENT="for" WC="0.59" CC="335"/>
						<SP ID="P200_SP00005" HPOS="367" VPOS="221" WIDTH="13"/>
						<String ID="P200_ST00008" HPOS="380" VPOS="189" WIDTH="42" HEIGHT="24" CONTENT="she" WC="0.57" CC="084"/>
						<SP ID="P200_SP00006" HPOS="422" VPOS="221" WIDTH="13"/>
						<String ID="P200_ST00009" HPOS="435" VPOS="189" WIDTH="55" HEIGHT="31" CONTENT="only" WC="0.58" CC="0843"/>
						<SP ID="P200_SP00007" HPOS="490" VPOS="221" WIDTH="11"/>
						<String ID="P200_ST00010" HPOS="501" VPOS="188" WIDTH="93" HEIGHT="25" CONTENT="treated" WC="0.52" CC="5414168"/>
						<SP ID="P200_SP00008" HPOS="594" VPOS="221" WIDTH="18"/>
						<String ID="P200_ST00011" HPOS="612" VPOS="187" WIDTH="93" HEIGHT="25" CONTENT="herself" WC="0.49" CC="7782045"/>
						<SP ID="P200_SP00009" HPOS="705" VPOS="221" WIDTH="12"/>
						<String ID="P200_ST00012" HPOS="717" VPOS="188" WIDTH="25" HEIGHT="24" CONTENT="to" WC="0.81" CC="21"/>
						<SP ID="P200_SP00010" HPOS="742" VPOS="221" WIDTH="13"/>
						<String ID="P200_ST00013" HPOS="755" VPOS="196" WIDTH="14" HEIGHT="16" CONTENT="a" WC="0.31" CC="6"/>
						<SP ID="P200_SP00011" HPOS="769" VPOS="221" WIDTH="18"/>
						<String ID="P200_ST00014" HPOS="787" VPOS="187" WIDTH="112" HEIGHT="33" CONTENT="Sunday's" WC="0.42" CC="58883704"/>
					</TextLine>
					<TextLine ID="P200_TL00004" HPOS="137" VPOS="229" WIDTH="762" HEIGHT="32">
						<String ID="P200_ST00015" HPOS="137" VPOS="231" WIDTH="86" HEIGHT="24" CONTENT="dinner" WC="0.38" CC="847708"/>
						<SP ID="P200_SP00012" HPOS="223" VPOS="255" WIDTH="12"/>
						<String ID="P200_ST00016" HPOS="235" VPOS="231" WIDTH="26" HEIGHT="23" CONTENT="of" WC="0.79" CC="40"/>
						<SP ID="P200_SP00013" HPOS="261" VPOS="255" WIDTH="12"/>
						<String ID="P200_ST00017" HPOS="273" VPOS="232" WIDTH="73" HEIGHT="26" CONTENT="meat," WC="0.43" CC="77760"/>
						<SP ID="P200_SP00014" HPOS="346" VPOS="258" WIDTH="14"/>
						<String ID="P200_ST00018" HPOS="360" VPOS="231" WIDTH="47" HEIGHT="23" CONTENT="and" WC="0.30" CC="388"/>
						<SP ID="P200_SP00015" HPOS="407" VPOS="258" WIDTH="17"/>
						<String ID="P200_ST00019" HPOS="424" VPOS="230" WIDTH="63" HEIGHT="24" CONTENT="lived" WC="0.68" CC="00807"/>
						<SP ID="P200_SP00016" HPOS="487" VPOS="258" WIDTH="17"/>
						<String ID="P200_ST00020" HPOS="504" VPOS="238" WIDTH="30" HEIGHT="15" CONTENT="on" WC="0.59" CC="07"/>
						<SP ID="P200_SP00017" HPOS="534" VPOS="258" WIDTH="17"/>
						<String ID="P200_ST00021" HPOS="551" VPOS="231" WIDTH="51" HEIGHT="30" CONTENT="slop" WC="0.48" CC="7057"/>
						<SP ID="P200_SP00018" HPOS="602" VPOS="261" WIDTH="14"/>
						<String ID="P200_ST00022" HPOS="616" VPOS="230" WIDTH="48" HEIGHT="23" CONTENT="and" WC="0.46" CC="078"/>
						<SP ID="P200_SP00019" HPOS="664" VPOS="261" WIDTH="15"/>
						<String ID="P200_ST00023" HPOS="679" VPOS="229" WIDTH="220" HEIGHT="24" CONTENT="bread-and-butter" WC="0.51" CC="8805804880840074"/>
					</TextLine>
					<TextLine ID="P200_TL00005" HPOS="139" VPOS="270" WIDTH="760" HEIGHT="32">
						<String ID="P200_ST00024" HPOS="139" VPOS="272" WIDTH="31" HEIGHT="23" CONTENT="all" WC="0.40" CC="853"/>
						<SP ID="P200_SP00020" HPOS="170" VPOS="295" WIDTH="17"/>
						<String ID="P200_ST00025" HPOS="187" VPOS="272" WIDTH="42" HEIGHT="24" CONTENT="the" WC="0.25" CC="688"/>
						<SP ID="P200_SP00021" HPOS="229" VPOS="296" WIDTH="13"/>
						<String ID="P200_ST00026" HPOS="242" VPOS="274" WIDTH="49" HEIGHT="21" CONTENT="rest" WC="0.37" CC="8537"/>
						<SP ID="P200_SP00022" HPOS="291" VPOS="296" WIDTH="18"/>
						<String ID="P200_ST00027" HPOS="309" VPOS="271" WIDTH="26" HEIGHT="24" CONTENT="of" WC="0.71" CC="23"/>
						<SP ID="P200_SP00023" HPOS="335" VPOS="296" WIDTH="15"/>
						<String ID="P200_ST00028" HPOS="350" VPOS="272" WIDTH="41" HEIGHT="23" CONTENT="the" WC="0.44" CC="672"/>
						<SP ID="P200_SP00024" HPOS="391" VPOS="296" WIDTH="11"/>
						<String ID="P200_ST00029" HPOS="402" VPOS="271" WIDTH="75" HEIGHT="25" CONTENT="week." WC="0.63" CC="81160"/>
						<SP ID="P200_SP00025" HPOS="477" VPOS="296" WIDTH="36"/>
						<String ID="P200_ST00030" HPOS="513" VPOS="270" WIDTH="132" HEIGHT="25" CONTENT="Ethelinda" WC="0.53" CC="105037888"/>
						<SP ID="P200_SP00026" HPOS="645" VPOS="296" WIDTH="13"/>
						<String ID="P200_ST00031" HPOS="658" VPOS="272" WIDTH="43" HEIGHT="30" CONTENT="put" WC="0.26" CC="876"/>
						<SP ID="P200_SP00027" HPOS="701" VPOS="302" WIDTH="19"/>
						<String ID="P200_ST00032" HPOS="720" VPOS="279" WIDTH="30" HEIGHT="15" CONTENT="on" WC="0.71" CC="05"/>
						<SP ID="P200_SP00028" HPOS="750" VPOS="302" WIDTH="18"/>
						<String ID="P200_ST00033" HPOS="768" VPOS="270" WIDTH="42" HEIGHT="25" CONTENT="her" WC="0.43" CC="636"/>
						<SP ID="P200_SP00029" HPOS="810" VPOS="302" WIDTH="12"/>
						<String ID="P200_ST00034" HPOS="822" VPOS="279" WIDTH="77" HEIGHT="16" CONTENT="severe" WC="0.45" CC="556087"/>
					</TextLine>
					<TextLine ID="P200_TL00006" HPOS="137" VPOS="312" WIDTH="761" HEIGHT="32">
						<String ID="P200_ST00035" HPOS="137" VPOS="314" WIDTH="52" HEIGHT="23" CONTENT="face" WC="0.96" CC="0100"/>
						<String ID="P200_ST00036" HPOS="192" VPOS="328" WIDTH="33" HEIGHT="2" CONTENT="—" WC="0.20" CC="8"/>
						<String ID="P200_ST00037" HPOS="226" VPOS="321" WIDTH="14" HEIGHT="16" CONTENT="a" WC="0.50" CC="4"/>
						<SP ID="P200_SP00030" HPOS="240" VPOS="337" WIDTH="12"/>
						<String ID="P200_ST00038" HPOS="252" VPOS="314" WIDTH="56" HEIGHT="23" CONTENT="look" WC="0.51" CC="7407"/>
						<SP ID="P200_SP00031" HPOS="308" VPOS="337" WIDTH="15"/>
						<String ID="P200_ST00039" HPOS="323" VPOS="314" WIDTH="53" HEIGHT="23" CONTENT="that" WC="0.44" CC="5752"/>
						<SP ID="P200_SP00032" HPOS="376" VPOS="337" WIDTH="11"/>
						<String ID="P200_ST00040" HPOS="387" VPOS="314" WIDTH="14" HEIGHT="22" CONTENT="I" WC="0.66" CC="3"/>
						<SP ID="P200_SP00033" HPOS="401" VPOS="337" WIDTH="12"/>
						<String ID="P200_ST00041" HPOS="413" VPOS="321" WIDTH="39" HEIGHT="16" CONTENT="am" WC="0.57" CC="52"/>
						<SP ID="P200_SP00034" HPOS="452" VPOS="337" WIDTH="12"/>
						<String ID="P200_ST00042" HPOS="464" VPOS="313" WIDTH="76" HEIGHT="23" CONTENT="afraid" WC="0.42" CC="805648"/>
						<SP ID="P200_SP00035" HPOS="540" VPOS="337" WIDTH="16"/>
						<String ID="P200_ST00043" HPOS="556" VPOS="313" WIDTH="26" HEIGHT="23" CONTENT="of" WC="0.68" CC="06"/>
						<SP ID="P200_SP00036" HPOS="582" VPOS="337" WIDTH="13"/>
						<String ID="P200_ST00044" HPOS="595" VPOS="314" WIDTH="24" HEIGHT="22" CONTENT="to" WC="1.00" CC="00"/>
						<SP ID="P200_SP00037" HPOS="619" VPOS="337" WIDTH="17"/>
						<String ID="P200_ST00045" HPOS="636" VPOS="312" WIDTH="49" HEIGHT="24" CONTENT="this" WC="0.48" CC="6553"/>
						<SP ID="P200_SP00038" HPOS="685" VPOS="337" WIDTH="14"/>
						<String ID="P200_ST00046" HPOS="699" VPOS="312" WIDTH="45" HEIGHT="32" CONTENT="day" WC="0.28" CC="857"/>
						<String ID="P200_ST00047" HPOS="745" VPOS="326" WIDTH="32" HEIGHT="4" CONTENT="—" WC="0.20" CC="8"/>
						<String ID="P200_ST00048" HPOS="779" VPOS="313" WIDTH="45" HEIGHT="23" CONTENT="and" WC="0.44" CC="088"/>
						<SP ID="P200_SP00039" HPOS="824" VPOS="344" WIDTH="18"/>
						<String ID="P200_ST00049" HPOS="842" VPOS="312" WIDTH="56" HEIGHT="29" CONTENT="said," WC="0.47" CC="17682"/>
					</TextLine>
					<TextLine ID="P200_TL00007" HPOS="138" VPOS="353" WIDTH="761" HEIGHT="33">
						<String ID="P200_ST00050" HPOS="138" VPOS="355" WIDTH="61" HEIGHT="23" CONTENT="Mrs." WC="0.64" CC="5053"/>
						<SP ID="P200_SP00040" HPOS="199" VPOS="378" WIDTH="14"/>
						<String ID="P200_ST00051" HPOS="213" VPOS="355" WIDTH="83" HEIGHT="28" CONTENT="Jones," WC="0.64" CC="248060"/>
						<SP ID="P200_SP00041" HPOS="296" VPOS="383" WIDTH="14"/>
						<String ID="P200_ST00052" HPOS="310" VPOS="355" WIDTH="29" HEIGHT="24" CONTENT="do" WC="0.58" CC="80"/>
						<SP ID="P200_SP00042" HPOS="339" VPOS="383" WIDTH="16"/>
						<String ID="P200_ST00053" HPOS="355" VPOS="363" WIDTH="47" HEIGHT="23" CONTENT="you" WC="0.46" CC="808"/>
						<SP ID="P200_SP00043" HPOS="402" VPOS="386" WIDTH="19"/>
						<String ID="P200_ST00054" HPOS="421" VPOS="363" WIDTH="102" HEIGHT="23" CONTENT="suppose" WC="0.49" CC="5478531"/>
						<SP ID="P200_SP00044" HPOS="523" VPOS="386" WIDTH="17"/>
						<String ID="P200_ST00055" HPOS="540" VPOS="353" WIDTH="61" HEIGHT="25" CONTENT="Miss" WC="0.69" CC="5024"/>
						<SP ID="P200_SP00045" HPOS="601" VPOS="386" WIDTH="16"/>
						<String ID="P200_ST00056" HPOS="617" VPOS="353" WIDTH="95" HEIGHT="25" CONTENT="Morton" WC="0.35" CC="568548"/>
						<SP ID="P200_SP00046" HPOS="712" VPOS="386" WIDTH="17"/>
						<String ID="P200_ST00057" HPOS="729" VPOS="362" WIDTH="45" HEIGHT="16" CONTENT="can" WC="0.31" CC="568"/>
						<SP ID="P200_SP00047" HPOS="774" VPOS="386" WIDTH="18"/>
						<String ID="P200_ST00058" HPOS="792" VPOS="355" WIDTH="37" HEIGHT="23" CONTENT="eat" WC="0.60" CC="065"/>
						<SP ID="P200_SP00048" HPOS="829" VPOS="386" WIDTH="15"/>
						<String ID="P200_ST00059" HPOS="844" VPOS="362" WIDTH="55" HEIGHT="23" CONTENT="your" WC="0.38" CC="8088"/>
					</TextLine>
					<TextLine ID="P200_TL00008" HPOS="138" VPOS="395" WIDTH="761" HEIGHT="25">
						<String ID="P200_ST00060" HPOS="138" VPOS="396" WIDTH="58" HEIGHT="24" CONTENT="half-" WC="0.63" CC="86300"/>
						<String ID="P200_ST00061" HPOS="202" VPOS="396" WIDTH="94" HEIGHT="24" CONTENT="starved" WC="0.53" CC="0384708"/>
						<SP ID="P200_SP00049" HPOS="296" VPOS="420" WIDTH="16"/>
						<String ID="P200_ST00062" HPOS="312" VPOS="397" WIDTH="85" HEIGHT="23" CONTENT="meat?" WC="0.57" CC="70650"/>
						<SP ID="P200_SP00050" HPOS="397" VPOS="420" WIDTH="36"/>
						<String ID="P200_ST00063" HPOS="433" VPOS="396" WIDTH="52" HEIGHT="23" CONTENT="You" WC="0.58" CC="507"/>
						<SP ID="P200_SP00051" HPOS="485" VPOS="420" WIDTH="18"/>
						<String ID="P200_ST00064" HPOS="503" VPOS="396" WIDTH="30" HEIGHT="23" CONTENT="do" WC="0.49" CC="72"/>
						<SP ID="P200_SP00052" HPOS="533" VPOS="420" WIDTH="17"/>
						<String ID="P200_ST00065" HPOS="550" VPOS="396" WIDTH="42" HEIGHT="23" CONTENT="not" WC="0.31" CC="766"/>
						<SP ID="P200_SP00053" HPOS="592" VPOS="420" WIDTH="18"/>
						<String ID="P200_ST00066" HPOS="610" VPOS="395" WIDTH="69" HEIGHT="24" CONTENT="know" WC="0.32" CC="8828"/>
						<SP ID="P200_SP00054" HPOS="679" VPOS="420" WIDTH="12"/>
						<String ID="P200_ST00067" HPOS="691" VPOS="396" WIDTH="53" HEIGHT="23" CONTENT="how" WC="0.43" CC="808"/>
						<SP ID="P200_SP00055" HPOS="744" VPOS="420" WIDTH="17"/>
						<String ID="P200_ST00068" HPOS="761" VPOS="395" WIDTH="78" HEIGHT="24" CONTENT="choice" WC="0.65" CC="570610"/>
						<SP ID="P200_SP00056" HPOS="839" VPOS="420" WIDTH="16"/>
						<String ID="P200_ST00069" HPOS="855" VPOS="396" WIDTH="44" HEIGHT="23" CONTENT="and" WC="0.21" CC="688"/>
					</TextLine>
					<TextLine ID="P200_TL00009" HPOS="137" VPOS="436" WIDTH="759" HEIGHT="33">
						<String ID="P200_ST00070" HPOS="137" VPOS="437" WIDTH="83" HEIGHT="32" CONTENT="dainty" WC="0.41" CC="853717"/>
						<SP ID="P200_SP00057" HPOS="220" VPOS="469" WIDTH="14"/>
						<String ID="P200_ST00071" HPOS="234" VPOS="438" WIDTH="41" HEIGHT="24" CONTENT="she" WC="0.75" CC="250"/>
						<SP ID="P200_SP00058" HPOS="275" VPOS="469" WIDTH="18"/>
						<String ID="P200_ST00072" HPOS="293" VPOS="437" WIDTH="30" HEIGHT="29" CONTENT="is," WC="0.97" CC="000"/>
						<SP ID="P200_SP00059" HPOS="323" VPOS="469" WIDTH="14"/>
						<String ID="P200_ST00073" HPOS="337" VPOS="446" WIDTH="26" HEIGHT="16" CONTENT="as" WC="0.39" CC="56"/>
						<SP ID="P200_SP00060" HPOS="363" VPOS="469" WIDTH="18"/>
						<String ID="P200_ST00074" HPOS="381" VPOS="437" WIDTH="111" HEIGHT="24" CONTENT="becomes" WC="0.63" CC="5050706"/>
						<SP ID="P200_SP00061" HPOS="492" VPOS="469" WIDTH="15"/>
						<String ID="P200_ST00075" HPOS="507" VPOS="445" WIDTH="45" HEIGHT="16" CONTENT="one" WC="0.60" CC="380"/>
						<SP ID="P200_SP00062" HPOS="552" VPOS="469" WIDTH="18"/>
						<String ID="P200_ST00076" HPOS="570" VPOS="437" WIDTH="60" HEIGHT="24" CONTENT="bom" WC="0.49" CC="707"/>
						<SP ID="P200_SP00063" HPOS="630" VPOS="469" WIDTH="15"/>
						<String ID="P200_ST00077" HPOS="645" VPOS="437" WIDTH="47" HEIGHT="24" CONTENT="and" WC="0.32" CC="388"/>
						<SP ID="P200_SP00064" HPOS="692" VPOS="469" WIDTH="17"/>
						<String ID="P200_ST00078" HPOS="709" VPOS="436" WIDTH="57" HEIGHT="24" CONTENT="bred" WC="0.35" CC="8628"/>
						<SP ID="P200_SP00065" HPOS="766" VPOS="469" WIDTH="18"/>
						<String ID="P200_ST00079" HPOS="784" VPOS="436" WIDTH="47" HEIGHT="24" CONTENT="like" WC="0.64" CC="3063"/>
						<SP ID="P200_SP00066" HPOS="831" VPOS="469" WIDTH="18"/>
						<String ID="P200_ST00080" HPOS="849" VPOS="437" WIDTH="47" HEIGHT="24" CONTENT="her." WC="0.73" CC="7030"/>
					</TextLine>
					<TextLine ID="P200_TL00010" HPOS="138" VPOS="478" WIDTH="760" HEIGHT="32">
						<String ID="P200_ST00081" HPOS="138" VPOS="479" WIDTH="75" HEIGHT="24" CONTENT="What" WC="0.37" CC="7483"/>
						<SP ID="P200_SP00067" HPOS="213" VPOS="503" WIDTH="12"/>
						<String ID="P200_ST00082" HPOS="225" VPOS="487" WIDTH="47" HEIGHT="15" CONTENT="was" WC="0.32" CC="847"/>
						<SP ID="P200_SP00068" HPOS="272" VPOS="503" WIDTH="13"/>
						<String ID="P200_ST00083" HPOS="285" VPOS="479" WIDTH="19" HEIGHT="23" CONTENT="it" WC="0.65" CC="24"/>
						<SP ID="P200_SP00069" HPOS="304" VPOS="503" WIDTH="11"/>
						<String ID="P200_ST00084" HPOS="315" VPOS="487" WIDTH="34" HEIGHT="15" CONTENT="we" WC="0.58" CC="80"/>
						<SP ID="P200_SP00070" HPOS="349" VPOS="503" WIDTH="13"/>
						<String ID="P200_ST00085" HPOS="362" VPOS="479" WIDTH="48" HEIGHT="23" CONTENT="had" WC="0.28" CC="668"/>
						<SP ID="P200_SP00071" HPOS="410" VPOS="503" WIDTH="17"/>
						<String ID="P200_ST00086" HPOS="427" VPOS="479" WIDTH="25" HEIGHT="23" CONTENT="to" WC="0.71" CC="23"/>
						<SP ID="P200_SP00072" HPOS="452" VPOS="503" WIDTH="12"/>
						<String ID="P200_ST00087" HPOS="464" VPOS="478" WIDTH="71" HEIGHT="31" CONTENT="bring" WC="0.36" CC="88680"/>
						<SP ID="P200_SP00073" HPOS="535" VPOS="509" WIDTH="11"/>
						<String ID="P200_ST00088" HPOS="546" VPOS="478" WIDTH="38" HEIGHT="23" CONTENT="for" WC="0.64" CC="432"/>
						<SP ID="P200_SP00074" HPOS="584" VPOS="509" WIDTH="17"/>
						<String ID="P200_ST00089" HPOS="601" VPOS="478" WIDTH="43" HEIGHT="23" CONTENT="her" WC="0.54" CC="805"/>
						<SP ID="P200_SP00075" HPOS="644" VPOS="509" WIDTH="12"/>
						<String ID="P200_ST00090" HPOS="656" VPOS="478" WIDTH="54" HEIGHT="31" CONTENT="only" WC="0.40" CC="0877"/>
						<SP ID="P200_SP00076" HPOS="710" VPOS="509" WIDTH="12"/>
						<String ID="P200_ST00091" HPOS="722" VPOS="478" WIDTH="47" HEIGHT="23" CONTENT="last" WC="0.57" CC="0556"/>
						<SP ID="P200_SP00077" HPOS="769" VPOS="509" WIDTH="17"/>
						<String ID="P200_ST00092" HPOS="786" VPOS="478" WIDTH="112" HEIGHT="32" CONTENT="Saturday" WC="0.56" CC="75004753"/>
					</TextLine>
					<TextLine ID="P200_TL00011" HPOS="137" VPOS="518" WIDTH="761" HEIGHT="34">
						<String ID="P200_ST00093" HPOS="137" VPOS="521" WIDTH="62" HEIGHT="24" CONTENT="from" WC="0.71" CC="0803"/>
						<SP ID="P200_SP00078" HPOS="199" VPOS="545" WIDTH="12"/>
						<String ID="P200_ST00094" HPOS="211" VPOS="521" WIDTH="42" HEIGHT="24" CONTENT="the" WC="0.62" CC="370"/>
						<SP ID="P200_SP00079" HPOS="253" VPOS="545" WIDTH="16"/>
						<String ID="P200_ST00095" HPOS="269" VPOS="521" WIDTH="75" HEIGHT="31" CONTENT="grand" WC="0.43" CC="38087"/>
						<SP ID="P200_SP00080" HPOS="344" VPOS="552" WIDTH="18"/>
						<String ID="P200_ST00096" HPOS="362" VPOS="529" WIDTH="51" HEIGHT="15" CONTENT="new" WC="0.46" CC="807"/>
						<SP ID="P200_SP00081" HPOS="413" VPOS="552" WIDTH="11"/>
						<String ID="P200_ST00097" HPOS="424" VPOS="519" WIDTH="130" HEIGHT="29" CONTENT="butcher's," WC="0.52" CC="7557743220"/>
						<SP ID="P200_SP00082" HPOS="554" VPOS="552" WIDTH="14"/>
						<String ID="P200_ST00098" HPOS="568" VPOS="519" WIDTH="25" HEIGHT="24" CONTENT="in" WC="0.25" CC="77"/>
						<SP ID="P200_SP00083" HPOS="593" VPOS="552" WIDTH="16"/>
						<String ID="P200_ST00099" HPOS="609" VPOS="519" WIDTH="124" HEIGHT="29" CONTENT="Drumble," WC="0.49" CC="86868200"/>
						<SP ID="P200_SP00084" HPOS="733" VPOS="552" WIDTH="13"/>
						<String ID="P200_ST00100" HPOS="746" VPOS="518" WIDTH="77" HEIGHT="33" CONTENT="Biddy" WC="0.43" CC="61775"/>
						<SP ID="P200_SP00085" HPOS="823" VPOS="552" WIDTH="10"/>
						<String ID="P200_ST00101" HPOS="833" VPOS="520" WIDTH="31" HEIGHT="23" CONTENT='?"' WC="0.68" CC="06"/>
						<String ID="P200_ST00102" HPOS="866" VPOS="534" WIDTH="32" HEIGHT="4" CONTENT="—" WC="0.20" CC="8"/>
					</TextLine>
					<TextLine ID="P200_TL00012" HPOS="140" VPOS="561" WIDTH="755" HEIGHT="33">
						<String ID="P200_ST00103" HPOS="140" VPOS="562" WIDTH="55" HEIGHT="32" CONTENT="(We" WC="0.72" CC="080"/>
						<SP ID="P200_SP00086" HPOS="195" VPOS="594" WIDTH="12"/>
						<String ID="P200_ST00104" HPOS="207" VPOS="562" WIDTH="57" HEIGHT="23" CONTENT="took" WC="0.68" CC="5204"/>
						<SP ID="P200_SP00087" HPOS="264" VPOS="594" WIDTH="13"/>
						<String ID="P200_ST00105" HPOS="277" VPOS="570" WIDTH="42" HEIGHT="15" CONTENT="our" WC="0.64" CC="072"/>
						<SP ID="P200_SP00088" HPOS="319" VPOS="594" WIDTH="8"/>
						<String ID="P200_ST00106" HPOS="327" VPOS="569" WIDTH="58" HEIGHT="24" CONTENT="eggs" WC="0.77" CC="6002"/>
						<SP ID="P200_SP00089" HPOS="385" VPOS="594" WIDTH="10"/>
						<String ID="P200_ST00107" HPOS="395" VPOS="562" WIDTH="23" HEIGHT="23" CONTENT="to" WC="0.86" CC="20"/>
						<SP ID="P200_SP00090" HPOS="418" VPOS="594" WIDTH="9"/>
						<String ID="P200_ST00108" HPOS="427" VPOS="562" WIDTH="93" HEIGHT="23" CONTENT="market" WC="0.57" CC="073806"/>
						<SP ID="P200_SP00091" HPOS="520" VPOS="594" WIDTH="13"/>
						<String ID="P200_ST00109" HPOS="533" VPOS="561" WIDTH="25" HEIGHT="23" CONTENT="in" WC="0.32" CC="58"/>
						<SP ID="P200_SP00092" HPOS="558" VPOS="594" WIDTH="12"/>
						<String ID="P200_ST00110" HPOS="570" VPOS="561" WIDTH="116" HEIGHT="23" CONTENT="Drumble" WC="0.42" CC="7576805"/>
						<SP ID="P200_SP00093" HPOS="686" VPOS="594" WIDTH="10"/>
						<String ID="P200_ST00111" HPOS="696" VPOS="569" WIDTH="70" HEIGHT="23" CONTENT="every" WC="0.50" CC="28075"/>
						<SP ID="P200_SP00094" HPOS="766" VPOS="594" WIDTH="10"/>
						<String ID="P200_ST00112" HPOS="776" VPOS="561" WIDTH="119" HEIGHT="32" CONTENT="Saturday," WC="0.38" CC="680788780"/>
					</TextLine>
					<TextLine ID="P200_TL00013" HPOS="138" VPOS="602" WIDTH="759" HEIGHT="33">
						<String ID="P200_ST00113" HPOS="138" VPOS="605" WIDTH="37" HEIGHT="23" CONTENT="for" WC="0.32" CC="838"/>
						<SP ID="P200_SP00095" HPOS="175" VPOS="628" WIDTH="11"/>
						<String ID="P200_ST00114" HPOS="186" VPOS="604" WIDTH="40" HEIGHT="24" CONTENT="the" WC="0.48" CC="780"/>
						<SP ID="P200_SP00096" HPOS="226" VPOS="628" WIDTH="14"/>
						<String ID="P200_ST00115" HPOS="240" VPOS="605" WIDTH="88" HEIGHT="22" CONTENT="cotton-" WC="0.61" CC="8310480"/>
						<String ID="P200_ST00116" HPOS="333" VPOS="603" WIDTH="108" HEIGHT="32" CONTENT="spinners" WC="0.71" CC="07087000"/>
						<SP ID="P200_SP00097" HPOS="441" VPOS="635" WIDTH="10"/>
						<String ID="P200_ST00117" HPOS="451" VPOS="603" WIDTH="77" HEIGHT="24" CONTENT="would" WC="0.47" CC="80628"/>
						<SP ID="P200_SP00098" HPOS="528" VPOS="635" WIDTH="12"/>
						<String ID="P200_ST00118" HPOS="540" VPOS="603" WIDTH="53" HEIGHT="31" CONTENT="give" WC="0.62" CC="0680"/>
						<SP ID="P200_SP00099" HPOS="593" VPOS="635" WIDTH="12"/>
						<String ID="P200_ST00119" HPOS="605" VPOS="612" WIDTH="29" HEIGHT="15" CONTENT="us" WC="0.65" CC="70"/>
						<SP ID="P200_SP00100" HPOS="634" VPOS="635" WIDTH="12"/>
						<String ID="P200_ST00120" HPOS="646" VPOS="611" WIDTH="14" HEIGHT="16" CONTENT="a" WC="0.40" CC="5"/>
						<SP ID="P200_SP00101" HPOS="660" VPOS="635" WIDTH="12"/>
						<String ID="P200_ST00121" HPOS="672" VPOS="602" WIDTH="84" HEIGHT="32" CONTENT="higher" WC="0.61" CC="830208"/>
						<SP ID="P200_SP00102" HPOS="756" VPOS="635" WIDTH="11"/>
						<String ID="P200_ST00122" HPOS="767" VPOS="602" WIDTH="63" HEIGHT="32" CONTENT="price" WC="0.28" CC="88666"/>
						<SP ID="P200_SP00103" HPOS="830" VPOS="635" WIDTH="12"/>
						<String ID="P200_ST00123" HPOS="842" VPOS="603" WIDTH="55" HEIGHT="25" CONTENT="than" WC="0.26" CC="7668"/>
					</TextLine>
					<TextLine ID="P200_TL00014" HPOS="137" VPOS="644" WIDTH="568" HEIGHT="31">
						<String ID="P200_ST00124" HPOS="137" VPOS="645" WIDTH="42" HEIGHT="23" CONTENT="the" WC="0.51" CC="373"/>
						<SP ID="P200_SP00104" HPOS="179" VPOS="668" WIDTH="13"/>
						<String ID="P200_ST00125" HPOS="192" VPOS="645" WIDTH="96" HEIGHT="23" CONTENT="Morton" WC="0.70" CC="530008"/>
						<SP ID="P200_SP00105" HPOS="288" VPOS="668" WIDTH="12"/>
						<String ID="P200_ST00126" HPOS="300" VPOS="645" WIDTH="84" HEIGHT="30" CONTENT="people" WC="0.55" CC="803770"/>
						<SP ID="P200_SP00106" HPOS="384" VPOS="675" WIDTH="10"/>
						<String ID="P200_ST00127" HPOS="394" VPOS="653" WIDTH="5" HEIGHT="15" CONTENT=":" WC="1.00" CC="0"/>
						<SP ID="P200_SP00107" HPOS="399" VPOS="675" WIDTH="19"/>
						<String ID="P200_ST00128" HPOS="418" VPOS="645" WIDTH="42" HEIGHT="23" CONTENT="the" WC="0.51" CC="670"/>
						<SP ID="P200_SP00108" HPOS="460" VPOS="675" WIDTH="13"/>
						<String ID="P200_ST00129" HPOS="473" VPOS="652" WIDTH="64" HEIGHT="16" CONTENT="more" WC="0.85" CC="0140"/>
						<SP ID="P200_SP00109" HPOS="537" VPOS="675" WIDTH="13"/>
						<String ID="P200_ST00130" HPOS="550" VPOS="644" WIDTH="60" HEIGHT="24" CONTENT="fools" WC="0.62" CC="47060"/>
						<SP ID="P200_SP00110" HPOS="610" VPOS="675" WIDTH="12"/>
						<String ID="P200_ST00131" HPOS="622" VPOS="644" WIDTH="56" HEIGHT="31" CONTENT="they" WC="0.34" CC="7828"/>
						<SP ID="P200_SP00111" HPOS="678" VPOS="675" WIDTH="11"/>
						<String ID="P200_ST00132" HPOS="689" VPOS="644" WIDTH="16" HEIGHT="31" CONTENT="!)" WC="1.00" CC="00"/>
					</TextLine>
				</TextBlock>
				<TextBlock ID="P200_TB00004" HPOS="135" VPOS="684" WIDTH="761" HEIGHT="690" STYLEREFS="TXT_1 PAR_LEFT">
					<TextLine ID="P200_TL00015" HPOS="173" VPOS="685" WIDTH="723" HEIGHT="32">
						<String ID="P200_ST00133" HPOS="173" VPOS="686" WIDTH="14" HEIGHT="24" CONTENT="I" WC="0.74" CC="2"/>
						<SP ID="P200_SP00112" HPOS="187" VPOS="710" WIDTH="13"/>
						<String ID="P200_ST00134" HPOS="200" VPOS="686" WIDTH="103" HEIGHT="31" CONTENT="thought" WC="0.55" CC="0608285"/>
						<SP ID="P200_SP00113" HPOS="303" VPOS="717" WIDTH="16"/>
						<String ID="P200_ST00135" HPOS="319" VPOS="685" WIDTH="20" HEIGHT="25" CONTENT="it" WC="0.44" CC="55"/>
						<SP ID="P200_SP00114" HPOS="339" VPOS="717" WIDTH="17"/>
						<String ID="P200_ST00136" HPOS="356" VPOS="686" WIDTH="81" HEIGHT="24" CONTENT="rather" WC="0.48" CC="568650"/>
						<SP ID="P200_SP00115" HPOS="437" VPOS="717" WIDTH="16"/>
						<String ID="P200_ST00137" HPOS="453" VPOS="686" WIDTH="116" HEIGHT="31" CONTENT="cowardly" WC="0.44" CC="00884858"/>
						<SP ID="P200_SP00116" HPOS="569" VPOS="717" WIDTH="14"/>
						<String ID="P200_ST00138" HPOS="583" VPOS="685" WIDTH="24" HEIGHT="24" CONTENT="of" WC="0.80" CC="21"/>
						<SP ID="P200_SP00117" HPOS="607" VPOS="717" WIDTH="13"/>
						<String ID="P200_ST00139" HPOS="620" VPOS="685" WIDTH="130" HEIGHT="24" CONTENT="Ethelinda" WC="0.42" CC="344364888"/>
						<SP ID="P200_SP00118" HPOS="750" VPOS="717" WIDTH="16"/>
						<String ID="P200_ST00140" HPOS="766" VPOS="687" WIDTH="24" HEIGHT="22" CONTENT="to" WC="0.42" CC="55"/>
						<SP ID="P200_SP00119" HPOS="790" VPOS="717" WIDTH="12"/>
						<String ID="P200_ST00141" HPOS="802" VPOS="688" WIDTH="42" HEIGHT="29" CONTENT="put" WC="0.41" CC="872"/>
						<SP ID="P200_SP00120" HPOS="844" VPOS="717" WIDTH="14"/>
						<String ID="P200_ST00142" HPOS="858" VPOS="686" WIDTH="38" HEIGHT="24" CONTENT="the" WC="0.38" CC="385"/>
					</TextLine>
					<TextLine ID="P200_TL00016" HPOS="138" VPOS="727" WIDTH="758" HEIGHT="32">
						<String ID="P200_ST00143" HPOS="138" VPOS="727" WIDTH="162" HEIGHT="32" CONTENT="story-telling" WC="0.62" CC="2406802630680"/>
						<SP ID="P200_SP00121" HPOS="300" VPOS="759" WIDTH="20"/>
						<String ID="P200_ST00144" HPOS="320" VPOS="735" WIDTH="31" HEIGHT="15" CONTENT="on" WC="0.58" CC="08"/>
						<SP ID="P200_SP00122" HPOS="351" VPOS="759" WIDTH="20"/>
						<String ID="P200_ST00145" HPOS="371" VPOS="735" WIDTH="38" HEIGHT="15" CONTENT="me" WC="0.76" CC="40"/>
						<SP ID="P200_SP00123" HPOS="409" VPOS="759" WIDTH="12"/>
						<String ID="P200_ST00146" HPOS="421" VPOS="735" WIDTH="5" HEIGHT="21" CONTENT=";" WC="1.00" CC="0"/>
						<SP ID="P200_SP00124" HPOS="426" VPOS="759" WIDTH="19"/>
						<String ID="P200_ST00147" HPOS="445" VPOS="727" WIDTH="44" HEIGHT="23" CONTENT="but" WC="0.28" CC="875"/>
						<SP ID="P200_SP00125" HPOS="489" VPOS="759" WIDTH="21"/>
						<String ID="P200_ST00148" HPOS="510" VPOS="727" WIDTH="42" HEIGHT="23" CONTENT="she" WC="0.60" CC="470"/>
						<SP ID="P200_SP00126" HPOS="552" VPOS="759" WIDTH="21"/>
						<String ID="P200_ST00149" HPOS="573" VPOS="727" WIDTH="86" HEIGHT="31" CONTENT="always" WC="0.59" CC="028085"/>
						<SP ID="P200_SP00127" HPOS="659" VPOS="759" WIDTH="21"/>
						<String ID="P200_ST00150" HPOS="680" VPOS="727" WIDTH="103" HEIGHT="32" CONTENT="thought" WC="0.59" CC="0606086"/>
						<SP ID="P200_SP00128" HPOS="783" VPOS="759" WIDTH="17"/>
						<String ID="P200_ST00151" HPOS="800" VPOS="735" WIDTH="13" HEIGHT="15" CONTENT="a" WC="0.36" CC="6"/>
						<SP ID="P200_SP00129" HPOS="813" VPOS="759" WIDTH="20"/>
						<String ID="P200_ST00152" HPOS="833" VPOS="729" WIDTH="63" HEIGHT="30" CONTENT="great" WC="0.67" CC="07232"/>
					</TextLine>
					<TextLine ID="P200_TL00017" HPOS="138" VPOS="767" WIDTH="757" HEIGHT="32">
						<String ID="P200_ST00153" HPOS="138" VPOS="769" WIDTH="54" HEIGHT="24" CONTENT="deal" WC="0.80" CC="2050"/>
						<SP ID="P200_SP00130" HPOS="192" VPOS="793" WIDTH="12"/>
						<String ID="P200_ST00154" HPOS="204" VPOS="768" WIDTH="27" HEIGHT="24" CONTENT="of" WC="0.72" CC="22"/>
						<SP ID="P200_SP00131" HPOS="231" VPOS="793" WIDTH="14"/>
						<String ID="P200_ST00155" HPOS="245" VPOS="768" WIDTH="84" HEIGHT="31" CONTENT="saving" WC="0.47" CC="675480"/>
						<SP ID="P200_SP00132" HPOS="329" VPOS="799" WIDTH="16"/>
						<String ID="P200_ST00156" HPOS="345" VPOS="768" WIDTH="44" HEIGHT="24" CONTENT="her" WC="0.37" CC="846"/>
						<SP ID="P200_SP00133" HPOS="389" VPOS="799" WIDTH="12"/>
						<String ID="P200_ST00157" HPOS="401" VPOS="768" WIDTH="52" HEIGHT="23" CONTENT="soul" WC="0.54" CC="0476"/>
						<String ID="P200_ST00158" HPOS="463" VPOS="776" WIDTH="5" HEIGHT="21" CONTENT=";" WC="0.52" CC="4"/>
						<SP ID="P200_SP00134" HPOS="468" VPOS="799" WIDTH="20"/>
						<String ID="P200_ST00159" HPOS="488" VPOS="776" WIDTH="66" HEIGHT="15" CONTENT="more" WC="0.36" CC="8772"/>
						<SP ID="P200_SP00135" HPOS="554" VPOS="799" WIDTH="14"/>
						<String ID="P200_ST00160" HPOS="568" VPOS="767" WIDTH="60" HEIGHT="24" CONTENT="than" WC="0.33" CC="3777"/>
						<SP ID="P200_SP00136" HPOS="628" VPOS="799" WIDTH="17"/>
						<String ID="P200_ST00161" HPOS="645" VPOS="768" WIDTH="14" HEIGHT="23" CONTENT="I" WC="0.44" CC="5"/>
						<SP ID="P200_SP00137" HPOS="659" VPOS="799" WIDTH="17"/>
						<String ID="P200_ST00162" HPOS="676" VPOS="767" WIDTH="47" HEIGHT="29" CONTENT="did," WC="0.42" CC="8680"/>
						<SP ID="P200_SP00138" HPOS="723" VPOS="799" WIDTH="14"/>
						<String ID="P200_ST00163" HPOS="737" VPOS="768" WIDTH="13" HEIGHT="23" CONTENT="I" WC="0.76" CC="2"/>
						<SP ID="P200_SP00139" HPOS="750" VPOS="799" WIDTH="12"/>
						<String ID="P200_ST00164" HPOS="762" VPOS="776" WIDTH="37" HEIGHT="16" CONTENT="am" WC="0.68" CC="06"/>
						<SP ID="P200_SP00140" HPOS="799" VPOS="799" WIDTH="18"/>
						<String ID="P200_ST00165" HPOS="817" VPOS="768" WIDTH="78" HEIGHT="29" CONTENT="afraid," WC="0.41" CC="5337784"/>
					</TextLine>
					<TextLine ID="P200_TL00018" HPOS="138" VPOS="808" WIDTH="756" HEIGHT="30">
						<String ID="P200_ST00166" HPOS="138" VPOS="810" WIDTH="37" HEIGHT="23" CONTENT="for" WC="0.66" CC="027"/>
						<SP ID="P200_SP00141" HPOS="175" VPOS="833" WIDTH="19"/>
						<String ID="P200_ST00167" HPOS="194" VPOS="810" WIDTH="14" HEIGHT="23" CONTENT="I" WC="0.97" CC="0"/>
						<SP ID="P200_SP00142" HPOS="208" VPOS="833" WIDTH="21"/>
						<String ID="P200_ST00168" HPOS="229" VPOS="809" WIDTH="68" HEIGHT="24" CONTENT="made" WC="0.50" CC="4680"/>
						<SP ID="P200_SP00143" HPOS="297" VPOS="833" WIDTH="21"/>
						<String ID="P200_ST00169" HPOS="318" VPOS="817" WIDTH="100" HEIGHT="21" CONTENT="answer," WC="0.58" CC="0828450"/>
						<SP ID="P200_SP00144" HPOS="418" VPOS="838" WIDTH="21"/>
						<String ID="P200_ST00170" HPOS="439" VPOS="817" WIDTH="26" HEIGHT="16" CONTENT="as" WC="0.55" CC="53"/>
						<SP ID="P200_SP00145" HPOS="465" VPOS="838" WIDTH="22"/>
						<String ID="P200_ST00171" HPOS="487" VPOS="809" WIDTH="55" HEIGHT="24" CONTENT="bold" WC="0.50" CC="6228"/>
						<SP ID="P200_SP00146" HPOS="542" VPOS="838" WIDTH="21"/>
						<String ID="P200_ST00172" HPOS="563" VPOS="816" WIDTH="27" HEIGHT="17" CONTENT="as" WC="0.25" CC="86"/>
						<SP ID="P200_SP00147" HPOS="590" VPOS="838" WIDTH="19"/>
						<String ID="P200_ST00173" HPOS="609" VPOS="817" WIDTH="14" HEIGHT="16" CONTENT="a" WC="0.20" CC="7"/>
						<SP ID="P200_SP00148" HPOS="623" VPOS="838" WIDTH="21"/>
						<String ID="P200_ST00174" HPOS="644" VPOS="808" WIDTH="56" HEIGHT="30" CONTENT="lion," WC="0.81" CC="00080"/>
						<SP ID="P200_SP00149" HPOS="700" VPOS="838" WIDTH="22"/>
						<String ID="P200_ST00175" HPOS="722" VPOS="812" WIDTH="14" HEIGHT="10" CONTENT='"' WC="0.56" CC="4"/>
						<SP ID="P200_SP00150" HPOS="736" VPOS="838" WIDTH="11"/>
						<String ID="P200_ST00176" HPOS="747" VPOS="810" WIDTH="52" HEIGHT="23" CONTENT="Two" WC="0.39" CC="781"/>
						<SP ID="P200_SP00151" HPOS="799" VPOS="838" WIDTH="20"/>
						<String ID="P200_ST00177" HPOS="819" VPOS="811" WIDTH="75" HEIGHT="22" CONTENT="sweat" SUBS_TYPE="HypPart1" SUBS_CONTENT="sweatbreads," WC="0.69" CC="280510"/>
						<HYP CONTENT="-"/>
					</TextLine>
					<TextLine ID="P200_TL00019" HPOS="137" VPOS="849" WIDTH="758" HEIGHT="33">
						<String ID="P200_ST00178" HPOS="137" VPOS="851" WIDTH="95" HEIGHT="28" CONTENT="breads," SUBS_TYPE="HypPart2" SUBS_CONTENT="sweatbreads," WC="0.58" CC="8306810"/>
						<SP ID="P200_SP00152" HPOS="232" VPOS="879" WIDTH="10"/>
						<String ID="P200_ST00179" HPOS="242" VPOS="852" WIDTH="25" HEIGHT="22" CONTENT="at" WC="0.34" CC="66"/>
						<SP ID="P200_SP00153" HPOS="267" VPOS="879" WIDTH="13"/>
						<String ID="P200_ST00180" HPOS="280" VPOS="859" WIDTH="13" HEIGHT="15" CONTENT="a" WC="1.00" CC="0"/>
						<SP ID="P200_SP00154" HPOS="293" VPOS="879" WIDTH="14"/>
						<String ID="P200_ST00181" HPOS="307" VPOS="849" WIDTH="97" HEIGHT="33" CONTENT="shilling" WC="0.74" CC="17300080"/>
						<SP ID="P200_SP00155" HPOS="404" VPOS="882" WIDTH="10"/>
						<String ID="P200_ST00182" HPOS="414" VPOS="849" WIDTH="93" HEIGHT="33" CONTENT="a-piece" WC="0.58" CC="7071840"/>
						<SP ID="P200_SP00156" HPOS="507" VPOS="882" WIDTH="10"/>
						<String ID="P200_ST00183" HPOS="517" VPOS="858" WIDTH="5" HEIGHT="21" CONTENT=";" WC="0.95" CC="0"/>
						<SP ID="P200_SP00157" HPOS="522" VPOS="882" WIDTH="15"/>
						<String ID="P200_ST00184" HPOS="537" VPOS="850" WIDTH="47" HEIGHT="23" CONTENT="and" WC="0.22" CC="868"/>
						<SP ID="P200_SP00158" HPOS="584" VPOS="882" WIDTH="12"/>
						<String ID="P200_ST00185" HPOS="596" VPOS="858" WIDTH="14" HEIGHT="15" CONTENT="a" WC="0.20" CC="7"/>
						<SP ID="P200_SP00159" HPOS="610" VPOS="882" WIDTH="12"/>
						<String ID="P200_ST00186" HPOS="622" VPOS="849" WIDTH="148" HEIGHT="32" CONTENT="forequarter" WC="0.60" CC="50537624410"/>
						<SP ID="P200_SP00160" HPOS="770" VPOS="882" WIDTH="12"/>
						<String ID="P200_ST00187" HPOS="782" VPOS="850" WIDTH="25" HEIGHT="24" CONTENT="of" WC="0.79" CC="04"/>
						<SP ID="P200_SP00161" HPOS="807" VPOS="882" WIDTH="8"/>
						<String ID="P200_ST00188" HPOS="815" VPOS="850" WIDTH="80" HEIGHT="24" CONTENT="house" SUBS_TYPE="HypPart1" SUBS_CONTENT="houselamb," WC="0.55" CC="726360"/>
						<HYP CONTENT="-"/>
					</TextLine>
					<TextLine ID="P200_TL00020" HPOS="138" VPOS="892" WIDTH="756" HEIGHT="32">
						<String ID="P200_ST00189" HPOS="138" VPOS="893" WIDTH="72" HEIGHT="28" CONTENT="lamb," SUBS_TYPE="HypPart2" SUBS_CONTENT="houselamb," WC="0.43" CC="57780"/>
						<SP ID="P200_SP00162" HPOS="210" VPOS="921" WIDTH="10"/>
						<String ID="P200_ST00190" HPOS="220" VPOS="894" WIDTH="25" HEIGHT="22" CONTENT="at" WC="0.47" CC="46"/>
						<SP ID="P200_SP00163" HPOS="245" VPOS="921" WIDTH="8"/>
						<String ID="P200_ST00191" HPOS="253" VPOS="892" WIDTH="197" HEIGHT="32" CONTENT="eighteen-pence" WC="0.61" CC="04077008070844"/>
						<SP ID="P200_SP00164" HPOS="450" VPOS="924" WIDTH="9"/>
						<String ID="P200_ST00192" HPOS="459" VPOS="900" WIDTH="13" HEIGHT="15" CONTENT="a" WC="0.20" CC="7"/>
						<SP ID="P200_SP00165" HPOS="472" VPOS="924" WIDTH="7"/>
						<String ID="P200_ST00193" HPOS="479" VPOS="892" WIDTH="106" HEIGHT="31" CONTENT='pound."' WC="0.44" CC="8267804"/>
						<SP ID="P200_SP00166" HPOS="585" VPOS="924" WIDTH="16"/>
						<String ID="P200_ST00194" HPOS="601" VPOS="892" WIDTH="31" HEIGHT="23" CONTENT="So" WC="0.65" CC="70"/>
						<SP ID="P200_SP00167" HPOS="632" VPOS="924" WIDTH="9"/>
						<String ID="P200_ST00195" HPOS="641" VPOS="892" WIDTH="33" HEIGHT="23" CONTENT="off" WC="1.00" CC="000"/>
						<SP ID="P200_SP00168" HPOS="674" VPOS="924" WIDTH="6"/>
						<String ID="P200_ST00196" HPOS="680" VPOS="893" WIDTH="60" HEIGHT="22" CONTENT="went" WC="0.48" CC="8083"/>
						<SP ID="P200_SP00169" HPOS="740" VPOS="924" WIDTH="10"/>
						<String ID="P200_ST00197" HPOS="750" VPOS="892" WIDTH="58" HEIGHT="23" CONTENT="Mrs." WC="0.55" CC="7233"/>
						<SP ID="P200_SP00170" HPOS="808" VPOS="924" WIDTH="8"/>
						<String ID="P200_ST00198" HPOS="816" VPOS="892" WIDTH="78" HEIGHT="28" CONTENT="Jones," WC="0.51" CC="228572"/>
					</TextLine>
					<TextLine ID="P200_TL00021" HPOS="138" VPOS="932" WIDTH="758" HEIGHT="33">
						<String ID="P200_ST00199" HPOS="138" VPOS="934" WIDTH="26" HEIGHT="24" CONTENT="in" WC="0.64" CC="07"/>
						<SP ID="P200_SP00171" HPOS="164" VPOS="958" WIDTH="21"/>
						<String ID="P200_ST00200" HPOS="185" VPOS="942" WIDTH="14" HEIGHT="16" CONTENT="a" WC="0.24" CC="7"/>
						<SP ID="P200_SP00172" HPOS="199" VPOS="958" WIDTH="21"/>
						<String ID="P200_ST00201" HPOS="220" VPOS="933" WIDTH="59" HEIGHT="29" CONTENT="huff," WC="0.66" CC="37220"/>
						<SP ID="P200_SP00173" HPOS="279" VPOS="962" WIDTH="22"/>
						<String ID="P200_ST00202" HPOS="301" VPOS="932" WIDTH="92" HEIGHT="33" CONTENT="saying," WC="0.61" CC="5470800"/>
						<SP ID="P200_SP00174" HPOS="393" VPOS="965" WIDTH="27"/>
						<String ID="P200_ST00203" HPOS="420" VPOS="936" WIDTH="15" HEIGHT="10" CONTENT='"' WC="0.64" CC="3"/>
						<SP ID="P200_SP00175" HPOS="435" VPOS="965" WIDTH="10"/>
						<String ID="P200_ST00204" HPOS="445" VPOS="932" WIDTH="62" HEIGHT="24" CONTENT="their" WC="0.48" CC="78055"/>
						<SP ID="P200_SP00176" HPOS="507" VPOS="965" WIDTH="18"/>
						<String ID="P200_ST00205" HPOS="525" VPOS="933" WIDTH="64" HEIGHT="23" CONTENT="meat" WC="0.55" CC="4066"/>
						<SP ID="P200_SP00177" HPOS="589" VPOS="965" WIDTH="18"/>
						<String ID="P200_ST00206" HPOS="607" VPOS="941" WIDTH="49" HEIGHT="15" CONTENT="was" WC="0.65" CC="810"/>
						<SP ID="P200_SP00178" HPOS="656" VPOS="965" WIDTH="18"/>
						<String ID="P200_ST00207" HPOS="674" VPOS="933" WIDTH="61" HEIGHT="31" CONTENT="good" WC="0.71" CC="0208"/>
						<SP ID="P200_SP00179" HPOS="735" VPOS="965" WIDTH="19"/>
						<String ID="P200_ST00208" HPOS="754" VPOS="933" WIDTH="92" HEIGHT="32" CONTENT="enough" WC="0.51" CC="182708"/>
						<SP ID="P200_SP00180" HPOS="846" VPOS="965" WIDTH="16"/>
						<String ID="P200_ST00209" HPOS="862" VPOS="933" WIDTH="34" HEIGHT="24" CONTENT="for" WC="0.30" CC="748"/>
					</TextLine>
					<TextLine ID="P200_TL00022" HPOS="138" VPOS="974" WIDTH="758" HEIGHT="32">
						<String ID="P200_ST00210" HPOS="138" VPOS="976" WIDTH="59" HEIGHT="23" CONTENT="Mrs." WC="0.53" CC="7460"/>
						<SP ID="P200_SP00181" HPOS="197" VPOS="999" WIDTH="14"/>
						<String ID="P200_ST00211" HPOS="211" VPOS="974" WIDTH="107" HEIGHT="30" CONTENT="Donkin," WC="0.58" CC="8070480"/>
						<SP ID="P200_SP00182" HPOS="318" VPOS="1004" WIDTH="13"/>
						<String ID="P200_ST00212" HPOS="331" VPOS="975" WIDTH="41" HEIGHT="23" CONTENT="the" WC="0.73" CC="080"/>
						<SP ID="P200_SP00183" HPOS="372" VPOS="1004" WIDTH="19"/>
						<String ID="P200_ST00213" HPOS="391" VPOS="976" WIDTH="67" HEIGHT="29" CONTENT="great" WC="0.51" CC="08087"/>
						<SP ID="P200_SP00184" HPOS="458" VPOS="1005" WIDTH="18"/>
						<String ID="P200_ST00214" HPOS="476" VPOS="974" WIDTH="163" HEIGHT="24" CONTENT="mill-owner's" WC="0.47" CC="766400888803"/>
						<SP ID="P200_SP00185" HPOS="639" VPOS="1005" WIDTH="17"/>
						<String ID="P200_ST00215" HPOS="656" VPOS="974" WIDTH="88" HEIGHT="29" CONTENT="widow," WC="0.47" CC="848180"/>
						<SP ID="P200_SP00186" HPOS="744" VPOS="1005" WIDTH="18"/>
						<String ID="P200_ST00216" HPOS="762" VPOS="975" WIDTH="46" HEIGHT="23" CONTENT="and" WC="0.44" CC="088"/>
						<SP ID="P200_SP00187" HPOS="808" VPOS="1005" WIDTH="17"/>
						<String ID="P200_ST00217" HPOS="825" VPOS="974" WIDTH="71" HEIGHT="32" CONTENT="might" WC="0.53" CC="75072"/>
					</TextLine>
					<TextLine ID="P200_TL00023" HPOS="137" VPOS="1015" WIDTH="759" HEIGHT="33">
						<String ID="P200_ST00218" HPOS="137" VPOS="1025" WIDTH="69" HEIGHT="16" CONTENT="serve" WC="0.54" CC="60880"/>
						<SP ID="P200_SP00188" HPOS="206" VPOS="1041" WIDTH="20"/>
						<String ID="P200_ST00219" HPOS="226" VPOS="1025" WIDTH="14" HEIGHT="15" CONTENT="a" WC="0.58" CC="4"/>
						<SP ID="P200_SP00189" HPOS="240" VPOS="1041" WIDTH="21"/>
						<String ID="P200_ST00220" HPOS="261" VPOS="1016" WIDTH="113" HEIGHT="32" CONTENT="beggarly" WC="0.64" CC="80008506"/>
						<SP ID="P200_SP00190" HPOS="374" VPOS="1048" WIDTH="20"/>
						<String ID="P200_ST00221" HPOS="394" VPOS="1015" WIDTH="96" HEIGHT="24" CONTENT="Morton" WC="0.36" CC="648728"/>
						<SP ID="P200_SP00191" HPOS="490" VPOS="1048" WIDTH="22"/>
						<String ID="P200_ST00222" HPOS="512" VPOS="1023" WIDTH="46" HEIGHT="24" CONTENT="any" WC="0.34" CC="783"/>
						<SP ID="P200_SP00192" HPOS="558" VPOS="1048" WIDTH="16"/>
						<String ID="P200_ST00223" HPOS="574" VPOS="1015" WIDTH="71" HEIGHT="32" CONTENT='day."' WC="0.45" CC="83824"/>
						<SP ID="P200_SP00193" HPOS="645" VPOS="1048" WIDTH="45"/>
						<String ID="P200_ST00224" HPOS="690" VPOS="1015" WIDTH="79" HEIGHT="24" CONTENT="When" WC="0.22" CC="8868"/>
						<SP ID="P200_SP00194" HPOS="769" VPOS="1048" WIDTH="19"/>
						<String ID="P200_ST00225" HPOS="788" VPOS="1024" WIDTH="33" HEIGHT="15" CONTENT="we" WC="0.48" CC="81"/>
						<SP ID="P200_SP00195" HPOS="821" VPOS="1048" WIDTH="19"/>
						<String ID="P200_ST00226" HPOS="840" VPOS="1024" WIDTH="56" HEIGHT="16" CONTENT="were" WC="0.64" CC="8060"/>
					</TextLine>
					<TextLine ID="P200_TL00024" HPOS="139" VPOS="1056" WIDTH="757" HEIGHT="31">
						<String ID="P200_ST00227" HPOS="139" VPOS="1059" WIDTH="77" HEIGHT="28" CONTENT="alone," WC="0.58" CC="366800"/>
						<SP ID="P200_SP00196" HPOS="216" VPOS="1087" WIDTH="15"/>
						<String ID="P200_ST00228" HPOS="231" VPOS="1058" WIDTH="12" HEIGHT="23" CONTENT="I" WC="0.85" CC="1"/>
						<SP ID="P200_SP00197" HPOS="243" VPOS="1087" WIDTH="18"/>
						<String ID="P200_ST00229" HPOS="261" VPOS="1057" WIDTH="52" HEIGHT="24" CONTENT="said" WC="0.47" CC="4808"/>
						<SP ID="P200_SP00198" HPOS="313" VPOS="1087" WIDTH="17"/>
						<String ID="P200_ST00230" HPOS="330" VPOS="1059" WIDTH="24" HEIGHT="22" CONTENT="to" WC="0.83" CC="03"/>
						<SP ID="P200_SP00199" HPOS="354" VPOS="1087" WIDTH="17"/>
						<String ID="P200_ST00231" HPOS="371" VPOS="1057" WIDTH="140" HEIGHT="29" CONTENT="Ethelinda," WC="0.47" CC="3088188780"/>
						<SP ID="P200_SP00200" HPOS="511" VPOS="1087" WIDTH="21"/>
						<String ID="P200_ST00232" HPOS="532" VPOS="1059" WIDTH="14" HEIGHT="11" CONTENT='"' WC="0.68" CC="3"/>
						<SP ID="P200_SP00201" HPOS="546" VPOS="1087" WIDTH="12"/>
						<String ID="P200_ST00233" HPOS="558" VPOS="1057" WIDTH="47" HEIGHT="23" CONTENT="I'm" WC="0.74" CC="006"/>
						<SP ID="P200_SP00202" HPOS="605" VPOS="1087" WIDTH="17"/>
						<String ID="P200_ST00234" HPOS="622" VPOS="1056" WIDTH="76" HEIGHT="24" CONTENT="afraid" WC="0.48" CC="457508"/>
						<SP ID="P200_SP00203" HPOS="698" VPOS="1087" WIDTH="15"/>
						<String ID="P200_ST00235" HPOS="713" VPOS="1065" WIDTH="34" HEIGHT="16" CONTENT="we" WC="0.54" CC="80"/>
						<SP ID="P200_SP00204" HPOS="747" VPOS="1087" WIDTH="17"/>
						<String ID="P200_ST00236" HPOS="764" VPOS="1056" WIDTH="60" HEIGHT="25" CONTENT="shall" WC="0.54" CC="36606"/>
						<SP ID="P200_SP00205" HPOS="824" VPOS="1087" WIDTH="17"/>
						<String ID="P200_ST00237" HPOS="841" VPOS="1056" WIDTH="55" HEIGHT="25" CONTENT="have" WC="0.35" CC="5684"/>
					</TextLine>
					<TextLine ID="P200_TL00025" HPOS="138" VPOS="1098" WIDTH="758" HEIGHT="33">
						<String ID="P200_ST00238" HPOS="138" VPOS="1101" WIDTH="25" HEIGHT="22" CONTENT="to" WC="0.68" CC="60"/>
						<SP ID="P200_SP00206" HPOS="163" VPOS="1123" WIDTH="17"/>
						<String ID="P200_ST00239" HPOS="180" VPOS="1108" WIDTH="46" HEIGHT="23" CONTENT="pay" WC="0.30" CC="776"/>
						<SP ID="P200_SP00207" HPOS="226" VPOS="1131" WIDTH="12"/>
						<String ID="P200_ST00240" HPOS="238" VPOS="1098" WIDTH="37" HEIGHT="25" CONTENT="for" WC="0.27" CC="668"/>
						<SP ID="P200_SP00208" HPOS="275" VPOS="1131" WIDTH="15"/>
						<String ID="P200_ST00241" HPOS="290" VPOS="1107" WIDTH="44" HEIGHT="15" CONTENT="our" WC="0.68" CC="360"/>
						<SP ID="P200_SP00209" HPOS="334" VPOS="1131" WIDTH="17"/>
						<String ID="P200_ST00242" HPOS="351" VPOS="1098" WIDTH="45" HEIGHT="25" CONTENT="lies" WC="0.80" CC="3003"/>
						<SP ID="P200_SP00210" HPOS="396" VPOS="1131" WIDTH="17"/>
						<String ID="P200_ST00243" HPOS="413" VPOS="1100" WIDTH="24" HEIGHT="22" CONTENT="at" WC="0.91" CC="10"/>
						<SP ID="P200_SP00211" HPOS="437" VPOS="1131" WIDTH="19"/>
						<String ID="P200_ST00244" HPOS="456" VPOS="1098" WIDTH="40" HEIGHT="24" CONTENT="the" WC="0.58" CC="570"/>
						<SP ID="P200_SP00212" HPOS="496" VPOS="1131" WIDTH="16"/>
						<String ID="P200_ST00245" HPOS="512" VPOS="1099" WIDTH="67" HEIGHT="31" CONTENT="great" WC="0.42" CC="08685"/>
						<SP ID="P200_SP00213" HPOS="579" VPOS="1131" WIDTH="18"/>
						<String ID="P200_ST00246" HPOS="597" VPOS="1098" WIDTH="45" HEIGHT="32" CONTENT="day" WC="0.27" CC="866"/>
						<SP ID="P200_SP00214" HPOS="642" VPOS="1131" WIDTH="17"/>
						<String ID="P200_ST00247" HPOS="659" VPOS="1098" WIDTH="26" HEIGHT="24" CONTENT="of" WC="0.48" CC="36"/>
						<SP ID="P200_SP00215" HPOS="685" VPOS="1131" WIDTH="15"/>
						<String ID="P200_ST00248" HPOS="700" VPOS="1099" WIDTH="99" HEIGHT="23" CONTENT="account" WC="0.62" CC="4103781"/>
						<String ID="P200_ST00249" HPOS="809" VPOS="1107" WIDTH="5" HEIGHT="20" CONTENT=";" WC="1.00" CC="0"/>
						<String ID="P200_ST00250" HPOS="824" VPOS="1098" WIDTH="12" HEIGHT="9" CONTENT='"' WC="0.79" CC="2"/>
						<SP ID="P200_SP00216" HPOS="836" VPOS="1131" WIDTH="18"/>
						<String ID="P200_ST00251" HPOS="854" VPOS="1098" WIDTH="42" HEIGHT="24" CONTENT="and" WC="0.49" CC="077"/>
					</TextLine>
					<TextLine ID="P200_TL00026" HPOS="137" VPOS="1139" WIDTH="759" HEIGHT="34">
						<String ID="P200_ST00252" HPOS="137" VPOS="1141" WIDTH="133" HEIGHT="23" CONTENT="Ethelinda" WC="0.48" CC="228035878"/>
						<SP ID="P200_SP00217" HPOS="270" VPOS="1164" WIDTH="17"/>
						<String ID="P200_ST00253" HPOS="287" VPOS="1141" WIDTH="131" HEIGHT="28" CONTENT="answered," WC="0.55" CC="681816070"/>
						<SP ID="P200_SP00218" HPOS="418" VPOS="1169" WIDTH="13"/>
						<String ID="P200_ST00254" HPOS="431" VPOS="1148" WIDTH="57" HEIGHT="24" CONTENT="very" WC="0.34" CC="7368"/>
						<SP ID="P200_SP00219" HPOS="488" VPOS="1172" WIDTH="13"/>
						<String ID="P200_ST00255" HPOS="501" VPOS="1141" WIDTH="95" HEIGHT="31" CONTENT="sharply" WC="0.38" CC="2658828"/>
						<String ID="P200_ST00256" HPOS="597" VPOS="1154" WIDTH="35" HEIGHT="3" CONTENT="—" WC="0.20" CC="8"/>
						<String ID="P200_ST00257" HPOS="634" VPOS="1139" WIDTH="74" HEIGHT="34" CONTENT="(she's" WC="0.52" CC="177155"/>
						<SP ID="P200_SP00220" HPOS="708" VPOS="1173" WIDTH="18"/>
						<String ID="P200_ST00258" HPOS="726" VPOS="1148" WIDTH="13" HEIGHT="16" CONTENT="a" WC="0.32" CC="6"/>
						<SP ID="P200_SP00221" HPOS="739" VPOS="1173" WIDTH="16"/>
						<String ID="P200_ST00259" HPOS="755" VPOS="1141" WIDTH="60" HEIGHT="31" CONTENT="good" WC="0.57" CC="0448"/>
						<SP ID="P200_SP00222" HPOS="815" VPOS="1173" WIDTH="17"/>
						<String ID="P200_ST00260" HPOS="832" VPOS="1140" WIDTH="64" HEIGHT="24" CONTENT="sister" WC="0.55" CC="272147"/>
					</TextLine>
					<TextLine ID="P200_TL00027" HPOS="137" VPOS="1181" WIDTH="759" HEIGHT="33">
						<String ID="P200_ST00261" HPOS="137" VPOS="1182" WIDTH="26" HEIGHT="24" CONTENT="in" WC="0.23" CC="78"/>
						<SP ID="P200_SP00223" HPOS="163" VPOS="1206" WIDTH="21"/>
						<String ID="P200_ST00262" HPOS="184" VPOS="1182" WIDTH="41" HEIGHT="24" CONTENT="the" WC="0.69" CC="180"/>
						<SP ID="P200_SP00224" HPOS="225" VPOS="1206" WIDTH="22"/>
						<String ID="P200_ST00263" HPOS="247" VPOS="1181" WIDTH="75" HEIGHT="33" CONTENT="main)" WC="0.52" CC="07483"/>
						<String ID="P200_ST00264" HPOS="325" VPOS="1197" WIDTH="33" HEIGHT="2" CONTENT="—" WC="0.20" CC="8"/>
						<String ID="P200_ST00265" HPOS="361" VPOS="1185" WIDTH="15" HEIGHT="10" CONTENT='"' WC="0.52" CC="4"/>
						<SP ID="P200_SP00225" HPOS="376" VPOS="1214" WIDTH="11"/>
						<String ID="P200_ST00266" HPOS="387" VPOS="1182" WIDTH="80" HEIGHT="32" CONTENT="Speak" WC="0.45" CC="78037"/>
						<SP ID="P200_SP00226" HPOS="467" VPOS="1214" WIDTH="21"/>
						<String ID="P200_ST00267" HPOS="488" VPOS="1181" WIDTH="36" HEIGHT="25" CONTENT="for" WC="0.37" CC="648"/>
						<SP ID="P200_SP00227" HPOS="524" VPOS="1214" WIDTH="21"/>
						<String ID="P200_ST00268" HPOS="545" VPOS="1181" WIDTH="112" HEIGHT="33" CONTENT="yourself," WC="0.72" CC="705202220"/>
						<SP ID="P200_SP00228" HPOS="657" VPOS="1214" WIDTH="21"/>
						<String ID="P200_ST00269" HPOS="678" VPOS="1181" WIDTH="86" HEIGHT="33" CONTENT="Biddy." WC="0.47" CC="708880"/>
						<SP ID="P200_SP00229" HPOS="764" VPOS="1214" WIDTH="35"/>
						<String ID="P200_ST00270" HPOS="799" VPOS="1181" WIDTH="12" HEIGHT="24" CONTENT="I" WC="1.00" CC="0"/>
						<SP ID="P200_SP00230" HPOS="811" VPOS="1214" WIDTH="19"/>
						<String ID="P200_ST00271" HPOS="830" VPOS="1190" WIDTH="66" HEIGHT="15" CONTENT="never" WC="0.40" CC="84808"/>
					</TextLine>
					<TextLine ID="P200_TL00028" HPOS="139" VPOS="1222" WIDTH="757" HEIGHT="33">
						<String ID="P200_ST00272" HPOS="139" VPOS="1223" WIDTH="53" HEIGHT="24" CONTENT="said" WC="0.50" CC="0658"/>
						<SP ID="P200_SP00231" HPOS="192" VPOS="1247" WIDTH="21"/>
						<String ID="P200_ST00273" HPOS="213" VPOS="1231" WIDTH="14" HEIGHT="16" CONTENT="a" WC="0.57" CC="4"/>
						<SP ID="P200_SP00232" HPOS="227" VPOS="1247" WIDTH="22"/>
						<String ID="P200_ST00274" HPOS="249" VPOS="1224" WIDTH="72" HEIGHT="23" CONTENT="word." WC="0.47" CC="81880"/>
						<SP ID="P200_SP00233" HPOS="321" VPOS="1247" WIDTH="37"/>
						<String ID="P200_ST00275" HPOS="358" VPOS="1223" WIDTH="12" HEIGHT="24" CONTENT="I" WC="0.84" CC="1"/>
						<SP ID="P200_SP00234" HPOS="370" VPOS="1247" WIDTH="23"/>
						<String ID="P200_ST00276" HPOS="393" VPOS="1224" WIDTH="56" HEIGHT="30" CONTENT="only" WC="0.25" CC="8866"/>
						<SP ID="P200_SP00235" HPOS="449" VPOS="1254" WIDTH="14"/>
						<String ID="P200_ST00277" HPOS="463" VPOS="1223" WIDTH="75" HEIGHT="24" CONTENT="asked" WC="0.37" CC="65748"/>
						<SP ID="P200_SP00236" HPOS="538" VPOS="1254" WIDTH="18"/>
						<String ID="P200_ST00278" HPOS="556" VPOS="1223" WIDTH="132" HEIGHT="32" CONTENT="questions." WC="0.67" CC="7702030830"/>
						<SP ID="P200_SP00237" HPOS="688" VPOS="1255" WIDTH="36"/>
						<String ID="P200_ST00279" HPOS="724" VPOS="1224" WIDTH="60" HEIGHT="23" CONTENT="How" WC="0.26" CC="768"/>
						<SP ID="P200_SP00238" HPOS="784" VPOS="1255" WIDTH="19"/>
						<String ID="P200_ST00280" HPOS="803" VPOS="1223" WIDTH="66" HEIGHT="24" CONTENT="could" WC="0.42" CC="35467"/>
						<SP ID="P200_SP00239" HPOS="869" VPOS="1255" WIDTH="17"/>
						<String ID="P200_ST00281" HPOS="886" VPOS="1222" WIDTH="10" HEIGHT="25" CONTENT="I" WC="0.99" CC="0"/>
					</TextLine>
					<TextLine ID="P200_TL00029" HPOS="137" VPOS="1262" WIDTH="759" HEIGHT="32">
						<String ID="P200_ST00282" HPOS="137" VPOS="1263" WIDTH="56" HEIGHT="31" CONTENT="help" WC="0.57" CC="8008"/>
						<SP ID="P200_SP00240" HPOS="193" VPOS="1294" WIDTH="18"/>
						<String ID="P200_ST00283" HPOS="211" VPOS="1262" WIDTH="20" HEIGHT="23" CONTENT="it" WC="0.34" CC="66"/>
						<SP ID="P200_SP00241" HPOS="231" VPOS="1294" WIDTH="16"/>
						<String ID="P200_ST00284" HPOS="247" VPOS="1262" WIDTH="20" HEIGHT="23" CONTENT="if" WC="0.45" CC="55"/>
						<SP ID="P200_SP00242" HPOS="267" VPOS="1294" WIDTH="13"/>
						<String ID="P200_ST00285" HPOS="280" VPOS="1270" WIDTH="47" HEIGHT="23" CONTENT="you" WC="0.48" CC="715"/>
						<SP ID="P200_SP00243" HPOS="327" VPOS="1294" WIDTH="16"/>
						<String ID="P200_ST00286" HPOS="343" VPOS="1263" WIDTH="51" HEIGHT="23" CONTENT="told" WC="0.66" CC="0066"/>
						<SP ID="P200_SP00244" HPOS="394" VPOS="1294" WIDTH="16"/>
						<String ID="P200_ST00287" HPOS="410" VPOS="1263" WIDTH="44" HEIGHT="23" CONTENT="lies" WC="0.58" CC="6180"/>
						<SP ID="P200_SP00245" HPOS="454" VPOS="1294" WIDTH="13"/>
						<String ID="P200_ST00288" HPOS="467" VPOS="1263" WIDTH="11" HEIGHT="22" CONTENT="?" WC="1.00" CC="0"/>
						<SP ID="P200_SP00246" HPOS="478" VPOS="1294" WIDTH="35"/>
						<String ID="P200_ST00289" HPOS="513" VPOS="1263" WIDTH="47" HEIGHT="23" CONTENT="I'm" WC="0.97" CC="000"/>
						<SP ID="P200_SP00247" HPOS="560" VPOS="1294" WIDTH="16"/>
						<String ID="P200_ST00290" HPOS="576" VPOS="1270" WIDTH="53" HEIGHT="16" CONTENT="sure" WC="0.62" CC="1670"/>
						<SP ID="P200_SP00248" HPOS="629" VPOS="1294" WIDTH="13"/>
						<String ID="P200_ST00291" HPOS="642" VPOS="1263" WIDTH="14" HEIGHT="23" CONTENT="I" WC="0.59" CC="4"/>
						<SP ID="P200_SP00249" HPOS="656" VPOS="1294" WIDTH="11"/>
						<String ID="P200_ST00292" HPOS="667" VPOS="1263" WIDTH="125" HEIGHT="23" CONTENT="wondered" WC="0.36" CC="81886718"/>
						<SP ID="P200_SP00250" HPOS="792" VPOS="1294" WIDTH="15"/>
						<String ID="P200_ST00293" HPOS="807" VPOS="1264" WIDTH="24" HEIGHT="22" CONTENT="at" WC="0.51" CC="45"/>
						<SP ID="P200_SP00251" HPOS="831" VPOS="1294" WIDTH="14"/>
						<String ID="P200_ST00294" HPOS="845" VPOS="1270" WIDTH="51" HEIGHT="24" CONTENT="you," WC="0.54" CC="8530"/>
					</TextLine>
					<TextLine ID="P200_TL00030" HPOS="137" VPOS="1302" WIDTH="759" HEIGHT="33">
						<String ID="P200_ST00295" HPOS="137" VPOS="1303" WIDTH="52" HEIGHT="24" CONTENT="how" WC="0.49" CC="806"/>
						<SP ID="P200_SP00252" HPOS="189" VPOS="1327" WIDTH="13"/>
						<String ID="P200_ST00296" HPOS="202" VPOS="1303" WIDTH="49" HEIGHT="32" CONTENT="glib" WC="0.66" CC="0238"/>
						<SP ID="P200_SP00253" HPOS="251" VPOS="1335" WIDTH="12"/>
						<String ID="P200_ST00297" HPOS="263" VPOS="1311" WIDTH="47" HEIGHT="24" CONTENT="you" WC="0.54" CC="607"/>
						<SP ID="P200_SP00254" HPOS="310" VPOS="1335" WIDTH="14"/>
						<String ID="P200_ST00298" HPOS="324" VPOS="1302" WIDTH="72" HEIGHT="32" CONTENT="spoke" WC="0.47" CC="47446"/>
						<SP ID="P200_SP00255" HPOS="396" VPOS="1335" WIDTH="13"/>
						<String ID="P200_ST00299" HPOS="409" VPOS="1305" WIDTH="42" HEIGHT="22" CONTENT="out" WC="0.48" CC="087"/>
						<SP ID="P200_SP00256" HPOS="451" VPOS="1335" WIDTH="12"/>
						<String ID="P200_ST00300" HPOS="463" VPOS="1303" WIDTH="63" HEIGHT="25" CONTENT="what" WC="0.42" CC="8752"/>
						<SP ID="P200_SP00257" HPOS="526" VPOS="1335" WIDTH="12"/>
						<String ID="P200_ST00301" HPOS="538" VPOS="1312" WIDTH="48" HEIGHT="16" CONTENT="was" WC="0.49" CC="860"/>
						<SP ID="P200_SP00258" HPOS="586" VPOS="1335" WIDTH="13"/>
						<String ID="P200_ST00302" HPOS="599" VPOS="1305" WIDTH="42" HEIGHT="23" CONTENT="not" WC="0.43" CC="825"/>
						<SP ID="P200_SP00259" HPOS="641" VPOS="1335" WIDTH="11"/>
						<String ID="P200_ST00303" HPOS="652" VPOS="1304" WIDTH="80" HEIGHT="24" CONTENT='true."' WC="0.55" CC="767006"/>
						<SP ID="P200_SP00260" HPOS="732" VPOS="1335" WIDTH="23"/>
						<String ID="P200_ST00304" HPOS="755" VPOS="1303" WIDTH="48" HEIGHT="25" CONTENT="But" WC="0.54" CC="660"/>
						<SP ID="P200_SP00261" HPOS="803" VPOS="1335" WIDTH="8"/>
						<String ID="P200_ST00305" HPOS="811" VPOS="1304" WIDTH="13" HEIGHT="23" CONTENT="I" WC="0.64" CC="3"/>
						<SP ID="P200_SP00262" HPOS="824" VPOS="1335" WIDTH="11"/>
						<String ID="P200_ST00306" HPOS="835" VPOS="1303" WIDTH="61" HEIGHT="25" CONTENT="knew" WC="0.28" CC="5777"/>
					</TextLine>
					<TextLine ID="P200_TL00031" HPOS="137" VPOS="1344" WIDTH="561" HEIGHT="30">
						<String ID="P200_ST00307" HPOS="137" VPOS="1345" WIDTH="44" HEIGHT="23" CONTENT="she" WC="0.79" CC="060"/>
						<SP ID="P200_SP00263" HPOS="181" VPOS="1368" WIDTH="11"/>
						<String ID="P200_ST00308" HPOS="192" VPOS="1352" WIDTH="49" HEIGHT="16" CONTENT="was" WC="0.37" CC="863"/>
						<SP ID="P200_SP00264" HPOS="241" VPOS="1368" WIDTH="12"/>
						<String ID="P200_ST00309" HPOS="253" VPOS="1345" WIDTH="55" HEIGHT="29" CONTENT="glad" WC="0.59" CC="0708"/>
						<SP ID="P200_SP00265" HPOS="308" VPOS="1374" WIDTH="12"/>
						<String ID="P200_ST00310" HPOS="320" VPOS="1345" WIDTH="13" HEIGHT="23" CONTENT="I" WC="0.42" CC="5"/>
						<SP ID="P200_SP00266" HPOS="333" VPOS="1374" WIDTH="13"/>
						<String ID="P200_ST00311" HPOS="346" VPOS="1344" WIDTH="50" HEIGHT="24" CONTENT="told" WC="0.72" CC="0028"/>
						<SP ID="P200_SP00267" HPOS="396" VPOS="1374" WIDTH="12"/>
						<String ID="P200_ST00312" HPOS="408" VPOS="1344" WIDTH="42" HEIGHT="24" CONTENT="the" WC="0.74" CC="070"/>
						<SP ID="P200_SP00268" HPOS="450" VPOS="1374" WIDTH="13"/>
						<String ID="P200_ST00313" HPOS="463" VPOS="1345" WIDTH="52" HEIGHT="29" CONTENT="lies," WC="0.85" CC="50100"/>
						<SP ID="P200_SP00269" HPOS="515" VPOS="1374" WIDTH="14"/>
						<String ID="P200_ST00314" HPOS="529" VPOS="1345" WIDTH="25" HEIGHT="23" CONTENT="in" WC="0.31" CC="58"/>
						<SP ID="P200_SP00270" HPOS="554" VPOS="1374" WIDTH="13"/>
						<String ID="P200_ST00315" HPOS="567" VPOS="1346" WIDTH="42" HEIGHT="23" CONTENT="her" WC="0.49" CC="608"/>
						<SP ID="P200_SP00271" HPOS="609" VPOS="1374" WIDTH="13"/>
						<String ID="P200_ST00316" HPOS="622" VPOS="1346" WIDTH="76" HEIGHT="23" CONTENT="heart." WC="0.53" CC="706660"/>
					</TextLine>
				</TextBlock>
				<TextBlock ID="P200_TB00005" HPOS="135" VPOS="1385" WIDTH="763" HEIGHT="115" STYLEREFS="TXT_1 PAR_LEFT">
					<TextLine ID="P200_TL00032" HPOS="171" VPOS="1385" WIDTH="726" HEIGHT="32">
						<String ID="P200_ST00317" HPOS="171" VPOS="1385" WIDTH="68" HEIGHT="25" CONTENT="After" WC="0.58" CC="72207"/>
						<SP ID="P200_SP00272" HPOS="239" VPOS="1410" WIDTH="20"/>
						<String ID="P200_ST00318" HPOS="259" VPOS="1385" WIDTH="42" HEIGHT="24" CONTENT="the" WC="0.63" CC="370"/>
						<SP ID="P200_SP00273" HPOS="301" VPOS="1410" WIDTH="20"/>
						<String ID="P200_ST00319" HPOS="321" VPOS="1393" WIDTH="59" HEIGHT="24" CONTENT="poor" WC="0.78" CC="8000"/>
						<SP ID="P200_SP00274" HPOS="380" VPOS="1417" WIDTH="21"/>
						<String ID="P200_ST00320" HPOS="401" VPOS="1385" WIDTH="79" HEIGHT="32" CONTENT="squire" WC="0.47" CC="386282"/>
						<SP ID="P200_SP00275" HPOS="480" VPOS="1417" WIDTH="22"/>
						<String ID="P200_ST00321" HPOS="502" VPOS="1394" WIDTH="67" HEIGHT="16" CONTENT="came" WC="0.49" CC="0774"/>
						<SP ID="P200_SP00276" HPOS="569" VPOS="1417" WIDTH="21"/>
						<String ID="P200_ST00322" HPOS="590" VPOS="1388" WIDTH="25" HEIGHT="23" CONTENT="to" WC="0.70" CC="23"/>
						<SP ID="P200_SP00277" HPOS="615" VPOS="1417" WIDTH="21"/>
						<String ID="P200_ST00323" HPOS="636" VPOS="1386" WIDTH="47" HEIGHT="25" CONTENT="live" WC="0.48" CC="7254"/>
						<SP ID="P200_SP00278" HPOS="683" VPOS="1417" WIDTH="19"/>
						<String ID="P200_ST00324" HPOS="702" VPOS="1386" WIDTH="58" HEIGHT="25" CONTENT="with" WC="0.38" CC="6188"/>
						<SP ID="P200_SP00279" HPOS="760" VPOS="1417" WIDTH="17"/>
						<String ID="P200_ST00325" HPOS="777" VPOS="1385" WIDTH="39" HEIGHT="26" CONTENT="his" WC="0.55" CC="705"/>
						<SP ID="P200_SP00280" HPOS="816" VPOS="1417" WIDTH="20"/>
						<String ID="P200_ST00326" HPOS="836" VPOS="1387" WIDTH="61" HEIGHT="27" CONTENT="aunt," WC="0.38" CC="67862"/>
					</TextLine>
					<TextLine ID="P200_TL00033" HPOS="137" VPOS="1426" WIDTH="760" HEIGHT="34">
						<String ID="P200_ST00327" HPOS="137" VPOS="1426" WIDTH="62" HEIGHT="25" CONTENT="Miss" WC="0.49" CC="7507"/>
						<SP ID="P200_SP00281" HPOS="199" VPOS="1451" WIDTH="20"/>
						<String ID="P200_ST00328" HPOS="219" VPOS="1426" WIDTH="94" HEIGHT="29" CONTENT="Phillis," WC="0.53" CC="68711740"/>
						<SP ID="P200_SP00282" HPOS="313" VPOS="1455" WIDTH="13"/>
						<String ID="P200_ST00329" HPOS="326" VPOS="1434" WIDTH="34" HEIGHT="17" CONTENT="we" WC="0.57" CC="80"/>
						<SP ID="P200_SP00283" HPOS="360" VPOS="1455" WIDTH="12"/>
						<String ID="P200_ST00330" HPOS="372" VPOS="1428" WIDTH="116" HEIGHT="23" CONTENT="ventured" WC="0.43" CC="70728818"/>
						<SP ID="P200_SP00284" HPOS="488" VPOS="1455" WIDTH="19"/>
						<String ID="P200_ST00331" HPOS="507" VPOS="1429" WIDTH="25" HEIGHT="22" CONTENT="to" WC="1.00" CC="00"/>
						<SP ID="P200_SP00285" HPOS="532" VPOS="1455" WIDTH="19"/>
						<String ID="P200_ST00332" HPOS="551" VPOS="1428" WIDTH="75" HEIGHT="32" CONTENT="speak" WC="0.38" CC="27757"/>
						<SP ID="P200_SP00286" HPOS="626" VPOS="1460" WIDTH="19"/>
						<String ID="P200_ST00333" HPOS="645" VPOS="1436" WIDTH="14" HEIGHT="15" CONTENT="a" WC="0.89" CC="1"/>
						<SP ID="P200_SP00287" HPOS="659" VPOS="1460" WIDTH="18"/>
						<String ID="P200_ST00334" HPOS="677" VPOS="1428" WIDTH="35" HEIGHT="24" CONTENT="bit" WC="0.29" CC="856"/>
						<SP ID="P200_SP00288" HPOS="712" VPOS="1460" WIDTH="19"/>
						<String ID="P200_ST00335" HPOS="731" VPOS="1430" WIDTH="25" HEIGHT="22" CONTENT="to" WC="0.30" CC="75"/>
						<SP ID="P200_SP00289" HPOS="756" VPOS="1460" WIDTH="19"/>
						<String ID="P200_ST00336" HPOS="775" VPOS="1428" WIDTH="122" HEIGHT="24" CONTENT="ourselves." WC="0.53" CC="3785008650"/>
					</TextLine>
					<TextLine ID="P200_TL00034" HPOS="137" VPOS="1468" WIDTH="761" HEIGHT="32">
						<String ID="P200_ST00337" HPOS="137" VPOS="1468" WIDTH="46" HEIGHT="24" CONTENT="We" WC="0.35" CC="84"/>
						<SP ID="P200_SP00290" HPOS="183" VPOS="1492" WIDTH="12"/>
						<String ID="P200_ST00338" HPOS="195" VPOS="1475" WIDTH="60" HEIGHT="16" CONTENT="were" WC="0.41" CC="8185"/>
						<SP ID="P200_SP00291" HPOS="255" VPOS="1492" WIDTH="18"/>
						<String ID="P200_ST00339" HPOS="273" VPOS="1475" WIDTH="54" HEIGHT="16" CONTENT="sure" WC="0.41" CC="4773"/>
						<SP ID="P200_SP00292" HPOS="327" VPOS="1492" WIDTH="12"/>
						<String ID="P200_ST00340" HPOS="339" VPOS="1468" WIDTH="57" HEIGHT="32" CONTENT="they" WC="0.48" CC="5706"/>
						<SP ID="P200_SP00293" HPOS="396" VPOS="1500" WIDTH="11"/>
						<String ID="P200_ST00341" HPOS="407" VPOS="1476" WIDTH="61" HEIGHT="16" CONTENT="were" WC="0.38" CC="7880"/>
						<SP ID="P200_SP00294" HPOS="468" VPOS="1500" WIDTH="12"/>
						<String ID="P200_ST00342" HPOS="480" VPOS="1468" WIDTH="112" HEIGHT="32" CONTENT="pinched." WC="0.43" CC="85817670"/>
						<SP ID="P200_SP00295" HPOS="592" VPOS="1500" WIDTH="37"/>
						<String ID="P200_ST00343" HPOS="629" VPOS="1469" WIDTH="67" HEIGHT="31" CONTENT="They" WC="0.24" CC="6887"/>
						<SP ID="P200_SP00296" HPOS="696" VPOS="1500" WIDTH="13"/>
						<String ID="P200_ST00344" HPOS="709" VPOS="1469" WIDTH="85" HEIGHT="25" CONTENT="looked" WC="0.67" CC="010548"/>
						<SP ID="P200_SP00297" HPOS="794" VPOS="1500" WIDTH="16"/>
						<String ID="P200_ST00345" HPOS="810" VPOS="1469" WIDTH="45" HEIGHT="25" CONTENT="like" WC="0.65" CC="5700"/>
						<SP ID="P200_SP00298" HPOS="855" VPOS="1500" WIDTH="18"/>
						<String ID="P200_ST00346" HPOS="873" VPOS="1468" WIDTH="25" HEIGHT="25" CONTENT="it." WC="0.56" CC="057"/>
					</TextLine>
				</TextBlock>
			</PrintSpace>
		</Page>
	</Layout>
</alto>
